#pragma once
// GERADO por tools/imagem_rgb565.py a partir de firmware/lembregotchi/image/descansa-guerreiro.jpeg — não edite à mão.
// 220x150 pixels RGB565 (66000 bytes na flash).
#include <Arduino.h>

#define IMG_FOCO_W 220
#define IMG_FOCO_H 150

const uint16_t img_foco[] PROGMEM = {
  0x222D, 0x2A6E, 0x32CF, 0x32AF, 0x3AAF, 0x326F, 0x31ED, 0x320D, 0x2A0D, 0x326E, 0x328F, 0x328F,
  0x32AF, 0x32AF, 0x32AF, 0x32AF, 0x32AF, 0x3A8F, 0x326E, 0x2A2D, 0x2A4E, 0x2A4E, 0x2A4E, 0x328F,
  0x328F, 0x328F, 0x32AF, 0x32AF, 0x32AF, 0x32AF, 0x32AF, 0x32AF, 0x32AF, 0x328F, 0x328E, 0x32AF,
  0x328F, 0x32AF, 0x32AF, 0x32AF, 0x32D0, 0x32CF, 0x3B11, 0x4351, 0x4351, 0x4331, 0x4331, 0x4331,
  0x4331, 0x4351, 0x4352, 0x4331, 0x3B10, 0x2AAF, 0x3B11, 0x4332, 0x4332, 0x4332, 0x4332, 0x4332,
  0x4332, 0x4332, 0x4332, 0x4332, 0x4332, 0x4332, 0x4332, 0x4332, 0x4332, 0x4332, 0x4332, 0x4332,
  0x4332, 0x4332, 0x4331, 0x4351, 0x3B31, 0x3B31, 0x4351, 0x4352, 0x4351, 0x4311, 0x3AF0, 0x32AF,
  0x32AF, 0x32AF, 0x32AF, 0x32AF, 0x32AF, 0x328F, 0x32AF, 0x32AF, 0x32AF, 0x32AF, 0x32AF, 0x2A8E,
  0x328F, 0x32AF, 0x32AF, 0x328F, 0x32AF, 0x32AF, 0x32AF, 0x32AF, 0x32AF, 0x32AF, 0x32AF, 0x32AF,
  0x32AF, 0x328F, 0x328F, 0x2A4E, 0x2A2D, 0x320D, 0x2A0D, 0x2A2D, 0x2A2D, 0x32AF, 0x328E, 0x2A2D,
  0x322D, 0x322D, 0x2A2D, 0x2A2D, 0x2A2D, 0x2A2D, 0x2A2D, 0x2A2D, 0x2A2D, 0x320C, 0x3209, 0x4248,
  0x5AC9, 0x5A87, 0x5A67, 0x5A66, 0x5A66, 0x5A66, 0x5A66, 0x5A66, 0x5A66, 0x5A66, 0x5A46, 0x5A66,
  0x5A66, 0x5A66, 0x5A46, 0x5226, 0x5225, 0x5226, 0x5226, 0x5226, 0x5246, 0x5226, 0x5206, 0x4A06,
  0x4A06, 0x4A06, 0x4A06, 0x5226, 0x5226, 0x4A26, 0x4A06, 0x5226, 0x5A47, 0x5A67, 0x5A67, 0x5A67,
  0x5A67, 0x6267, 0x5A67, 0x5A67, 0x6287, 0x5A67, 0x5A67, 0x5246, 0x4A26, 0x4A26, 0x4A26, 0x4A26,
  0x5246, 0x5A86, 0x5A66, 0x5A66, 0x5A66, 0x5A66, 0x5A66, 0x5A66, 0x5A66, 0x6266, 0x6265, 0x6266,
  0x5A66, 0x5A66, 0x5A66, 0x4A26, 0x5226, 0x4A26, 0x5A67, 0x5A67, 0x5A67, 0x5A66, 0x5A66, 0x5A66,
  0x6266, 0x6266, 0x6266, 0x6266, 0x6266, 0x6266, 0x5A46, 0x5A66, 0x5A67, 0x4A06, 0x4A27, 0x41E6,
  0x39A5, 0x41C6, 0x4A26, 0x4A25, 0x2A4E, 0x32AF, 0x32AF, 0x32AF, 0x326E, 0x326E, 0x322D, 0x322E,
  0x324E, 0x328F, 0x32AF, 0x328F, 0x32AF, 0x32AF, 0x32AF, 0x328F, 0x326F, 0x326E, 0x2A2D, 0x2A4E,
  0x328F, 0x328F, 0x328F, 0x328F, 0x328F, 0x328F, 0x32AF, 0x32AF, 0x32AF, 0x32AF, 0x32AF, 0x32AF,
  0x32AF, 0x328F, 0x32AF, 0x3AD0, 0x3AD0, 0x3AD0, 0x3AD0, 0x3AF0, 0x4352, 0x4331, 0x4351, 0x4352,
  0x4331, 0x4331, 0x4351, 0x4352, 0x4331, 0x4331, 0x3B11, 0x32CF, 0x2AAF, 0x3AF1, 0x4332, 0x4332,
  0x3B32, 0x4332, 0x4332, 0x4332, 0x4332, 0x4332, 0x4332, 0x4332, 0x4332, 0x4332, 0x4332, 0x4332,
  0x4332, 0x4332, 0x4332, 0x4332, 0x4332, 0x4332, 0x4331, 0x4351, 0x4351, 0x4352, 0x4331, 0x3B11,
  0x32D0, 0x32CF, 0x32CF, 0x32D0, 0x3AF0, 0x32D0, 0x32D0, 0x3AD0, 0x3ACF, 0x32AF, 0x32AF, 0x32AF,
  0x328F, 0x32AF, 0x3AD0, 0x3AD0, 0x3AF0, 0x3AD0, 0x328F, 0x3AD0, 0x32CF, 0x328F, 0x32AF, 0x328F,
  0x32AF, 0x32AF, 0x32AF, 0x32AF, 0x32AF, 0x32AF, 0x32AF, 0x328F, 0x324E, 0x322E, 0x2A2D, 0x2A2D,
  0x2A4E, 0x32AF, 0x32AF, 0x326E, 0x2A2D, 0x2A2E, 0x2A0E, 0x2A0E, 0x2A0E, 0x2A0E, 0x2A0E, 0x2A0F,
  0x2A0C, 0x320A, 0x3208, 0x4A68, 0x5AA8, 0x5A67, 0x5A47, 0x5A66, 0x5A66, 0x5A66, 0x5A66, 0x5A66,
  0x5A66, 0x5A66, 0x5A66, 0x5A66, 0x5A67, 0x5A66, 0x5A66, 0x5A66, 0x5A66, 0x5A67, 0x5A67, 0x5A67,
  0x5A67, 0x5A46, 0x5226, 0x5246, 0x5226, 0x5226, 0x4A26, 0x5226, 0x4A06, 0x4A06, 0x5206, 0x5226,
  0x5226, 0x5A47, 0x5A67, 0x5A67, 0x5A67, 0x6267, 0x5A67, 0x5A67, 0x5A46, 0x5A46, 0x5226, 0x5226,
  0x4A26, 0x4A26, 0x4A26, 0x4A05, 0x5226, 0x5A66, 0x5A66, 0x5A66, 0x5A66, 0x5A66, 0x5A66, 0x5A66,
  0x5A66, 0x5A66, 0x6266, 0x5A66, 0x5A66, 0x5A66, 0x5A66, 0x5225, 0x5226, 0x4A26, 0x5247, 0x5A67,
  0x5A67, 0x5A66, 0x5A66, 0x5A66, 0x5A66, 0x5A66, 0x5A66, 0x5A66, 0x5A66, 0x5A66, 0x5A66, 0x5A66,
  0x5A67, 0x4A06, 0x4A26, 0x4A26, 0x41C6, 0x41C6, 0x4A26, 0x4A26, 0x328F, 0x32AF, 0x32AF, 0x2A8E,
  0x2A2D, 0x2A4E, 0x326E, 0x328F, 0x3AAF, 0x32AF, 0x32AF, 0x32AF, 0x32CF, 0x32AF, 0x32AF, 0x32AF,
  0x2A2D, 0x220D, 0x2A2D, 0x326E, 0x32AF, 0x328F, 0x32AF, 0x328F, 0x328F, 0x328F, 0x32AF, 0x32AF,
  0x32AF, 0x328F, 0x328F, 0x32AF, 0x32AF, 0x3AF1, 0x3B11, 0x4332, 0x4352, 0x4352, 0x4352, 0x4352,
  0x4331, 0x4351, 0x4351, 0x4351, 0x3B31, 0x4351, 0x3B11, 0x32F0, 0x3AF0, 0x32D0, 0x2A8F, 0x32D0,
  0x3B11, 0x4331, 0x3B32, 0x3B32, 0x4352, 0x4332, 0x4332, 0x4332, 0x4332, 0x4332, 0x4332, 0x4332,
  0x4332, 0x4332, 0x4332, 0x4332, 0x4332, 0x4332, 0x4332, 0x4332, 0x4332, 0x4332, 0x4331, 0x4331,
  0x3B11, 0x32F0, 0x32F0, 0x2AAF, 0x3AF0, 0x3B31, 0x4351, 0x4331, 0x4331, 0x4331, 0x4331, 0x4351,
  0x4311, 0x3AF0, 0x3AF0, 0x3AF0, 0x32AF, 0x328F, 0x3AD0, 0x3B10, 0x4331, 0x3AD0, 0x328F, 0x3AF0,
  0x4331, 0x3AF0, 0x3AF0, 0x3AF0, 0x32CF, 0x32AF, 0x32AF, 0x32AF, 0x32AF, 0x32AF, 0x32AF, 0x3AAF,
  0x3A8F, 0x3A8F, 0x324E, 0x2A0D, 0x328F, 0x32AF, 0x32B0, 0x2A8F, 0x2A6F, 0x2A2E, 0x2A2D, 0x2A2D,
  0x2A2D, 0x2A2D, 0x2A2D, 0x2A2D, 0x3A4B, 0x4A89, 0x4A89, 0x5AC9, 0x5A67, 0x6267, 0x6247, 0x5A66,
  0x5A66, 0x5A66, 0x5A66, 0x5A66, 0x5A66, 0x5A66, 0x5A66, 0x5A66, 0x5A66, 0x6287, 0x6287, 0x6287,
  0x6287, 0x6287, 0x6287, 0x6287, 0x6287, 0x6287, 0x5A67, 0x5A67, 0x5A67, 0x5A47, 0x5246, 0x5246,
  0x4A05, 0x5226, 0x5A46, 0x5A46, 0x5206, 0x5226, 0x5226, 0x5226, 0x5226, 0x5A26, 0x5226, 0x5226,
  0x5206, 0x5205, 0x5205, 0x5226, 0x4A26, 0x4A26, 0x4A26, 0x4A06, 0x5206, 0x5226, 0x5246, 0x5A67,
  0x5A67, 0x5A67, 0x5A67, 0x5A67, 0x5A67, 0x5A66, 0x5A66, 0x5A66, 0x5A66, 0x5A66, 0x5A66, 0x5225,
  0x4A06, 0x4A26, 0x5246, 0x5A67, 0x5A67, 0x5A66, 0x5A66, 0x5A66, 0x5A66, 0x5A66, 0x5A66, 0x5A66,
  0x5A66, 0x5A66, 0x5A66, 0x5A66, 0x5A67, 0x5226, 0x4A26, 0x4A06, 0x39A5, 0x41E6, 0x4A27, 0x4A26,
  0x32AF, 0x32AF, 0x3AAF, 0x2A6E, 0x222D, 0x328E, 0x32AF, 0x32AF, 0x32AF, 0x32AF, 0x32AF, 0x32CF,
  0x32CF, 0x32AF, 0x326E, 0x2A4D, 0x222D, 0x2A4E, 0x326E, 0x328F, 0x32AF, 0x32AF, 0x32AF, 0x32AF,
  0x32AF, 0x32AF, 0x32AF, 0x32AF, 0x2AAF, 0x32AF, 0x3B10, 0x3B10, 0x3B31, 0x4332, 0x4352, 0x4352,
  0x3B32, 0x4332, 0x4332, 0x4332, 0x4331, 0x4331, 0x4331, 0x4331, 0x4331, 0x3B31, 0x32CF, 0x2AAF,
  0x32AF, 0x32D0, 0x3B11, 0x4331, 0x4352, 0x4332, 0x4332, 0x4332, 0x4352, 0x4332, 0x4332, 0x4332,
  0x4332, 0x4332, 0x4332, 0x4332, 0x4332, 0x4332, 0x4332, 0x4332, 0x4332, 0x4332, 0x4332, 0x4332,
  0x4332, 0x4332, 0x3B11, 0x32CF, 0x32AF, 0x32AF, 0x32AF, 0x3B11, 0x4352, 0x4352, 0x4352, 0x4352,
  0x4331, 0x4331, 0x4331, 0x4331, 0x4331, 0x4332, 0x4352, 0x4331, 0x3B11, 0x3B11, 0x32CF, 0x32AF,
  0x32CF, 0x328F, 0x32AF, 0x32AF, 0x3AF0, 0x4351, 0x4331, 0x4351, 0x4311, 0x3AF0, 0x32AF, 0x32AF,
  0x32AF, 0x32AF, 0x32AF, 0x32AF, 0x328F, 0x32AF, 0x3A8F, 0x326E, 0x328F, 0x32AF, 0x32B0, 0x32AF,
  0x32AF, 0x32AE, 0x32AD, 0x32AD, 0x32AD, 0x2A4C, 0x2A4C, 0x2A4B, 0x4269, 0x5AC9, 0x5AA8, 0x5A67,
  0x5A67, 0x6247, 0x6247, 0x5A66, 0x5A66, 0x5A66, 0x5A66, 0x5A66, 0x5A66, 0x6287, 0x6287, 0x6287,
  0x6287, 0x6287, 0x6287, 0x62A7, 0x62A7, 0x6287, 0x6287, 0x6287, 0x62A7, 0x62A7, 0x6287, 0x5A87,
  0x5A67, 0x5A67, 0x5A67, 0x5A67, 0x5226, 0x5A67, 0x5A67, 0x5A67, 0x5A46, 0x5A47, 0x5A46, 0x5A46,
  0x5A46, 0x5A46, 0x5A46, 0x5A46, 0x5A47, 0x5A47, 0x5A67, 0x5226, 0x5206, 0x5206, 0x5206, 0x5226,
  0x5226, 0x5226, 0x5206, 0x5226, 0x5226, 0x5A67, 0x5A67, 0x5A67, 0x5A67, 0x5A67, 0x5A66, 0x5A67,
  0x5A66, 0x5226, 0x5246, 0x5225, 0x4A26, 0x5226, 0x5226, 0x5246, 0x5A67, 0x5A67, 0x5A66, 0x5A67,
  0x5A67, 0x5A67, 0x5A67, 0x5A66, 0x5A67, 0x5A66, 0x5A66, 0x5A67, 0x5A67, 0x5246, 0x5206, 0x5226,
  0x41E6, 0x39A6, 0x4A07, 0x4A27, 0x328F, 0x328F, 0x326E, 0x2A2D, 0x2A4E, 0x32AF, 0x32AF, 0x32AF,
  0x32AF, 0x32AF, 0x328F, 0x32AF, 0x32AF, 0x328F, 0x2A2D, 0x222D, 0x328F, 0x32AF, 0x32AF, 0x32AF,
  0x32AF, 0x32AF, 0x32AF, 0x32AF, 0x32AF, 0x32AF, 0x32AF, 0x32AF, 0x2AAF, 0x3B10, 0x4352, 0x4351,
  0x4351, 0x3B31, 0x4332, 0x4352, 0x4352, 0x4352, 0x4352, 0x4352, 0x4352, 0x4331, 0x4331, 0x4331,
  0x4331, 0x3B31, 0x3B11, 0x4351, 0x4331, 0x4331, 0x4352, 0x4351, 0x4351, 0x4352, 0x4332, 0x4332,
  0x4332, 0x4332, 0x4332, 0x4332, 0x4332, 0x4332, 0x4332, 0x4332, 0x4332, 0x4332, 0x4332, 0x4332,
  0x4332, 0x4332, 0x4332, 0x4332, 0x4332, 0x4332, 0x32D0, 0x32CF, 0x3B11, 0x4352, 0x3B31, 0x4352,
  0x4331, 0x4352, 0x4352, 0x4352, 0x4352, 0x4352, 0x4352, 0x4332, 0x4332, 0x4332, 0x4332, 0x4332,
  0x4352, 0x4352, 0x4331, 0x4311, 0x32AF, 0x32AF, 0x32AF, 0x32AF, 0x32AF, 0x3AD0, 0x4351, 0x4331,
  0x4331, 0x4331, 0x4331, 0x4331, 0x3B10, 0x32CF, 0x32AF, 0x328F, 0x32AF, 0x328F, 0x32AF, 0x32AE,
  0x328F, 0x32B0, 0x328F, 0x32AF, 0x3AAE, 0x3AAE, 0x32AF, 0x3AAF, 0x3AAE, 0x3A8E, 0x3A8D, 0x3A8D,
  0x52A9, 0x5AA8, 0x5A88, 0x5A46, 0x5A46, 0x5A47, 0x5A46, 0x5A66, 0x5A66, 0x5A66, 0x5A66, 0x5A66,
  0x5A67, 0x62A7, 0x62A7, 0x62A7, 0x62A7, 0x62A7, 0x62A7, 0x62A7, 0x62A7, 0x62A7, 0x62A7, 0x62A7,
  0x62A7, 0x62A7, 0x62A7, 0x62A7, 0x6287, 0x5A67, 0x5A67, 0x5A46, 0x5A46, 0x5A67, 0x5A67, 0x5A67,
  0x5A67, 0x5A67, 0x6267, 0x6267, 0x6267, 0x6267, 0x6267, 0x6267, 0x5A67, 0x5A67, 0x5A87, 0x5A67,
  0x5A67, 0x5A87, 0x6287, 0x62A8, 0x5AA8, 0x5AA8, 0x5A88, 0x6288, 0x5A47, 0x5226, 0x5226, 0x5226,
  0x5226, 0x4A05, 0x4A26, 0x5226, 0x5226, 0x5225, 0x5205, 0x5205, 0x5226, 0x5226, 0x5206, 0x5205,
  0x5A46, 0x5A66, 0x5A46, 0x5A66, 0x5A67, 0x5A67, 0x5A67, 0x5A67, 0x5A67, 0x5A67, 0x5A66, 0x5A67,
  0x5A67, 0x5A67, 0x5A46, 0x5A66, 0x5226, 0x4A06, 0x41C6, 0x41C6, 0x2A6E, 0x2A4E, 0x2A4E, 0x2A4E,
  0x328F, 0x32AF, 0x32AF, 0x32AF, 0x32AF, 0x32AF, 0x32AF, 0x32AF, 0x328F, 0x326E, 0x2A2D, 0x326E,
  0x32AF, 0x32AF, 0x32AF, 0x32AF, 0x32AF, 0x32AF, 0x32AF, 0x32AF, 0x32AF, 0x32AF, 0x2AAF, 0x2AAF,
  0x3B31, 0x4352, 0x4331, 0x4352, 0x4352, 0x4331, 0x3AF0, 0x3AF0, 0x3B10, 0x3AF0, 0x3AF0, 0x3AF0,
  0x3B10, 0x3B10, 0x3AF0, 0x4331, 0x4331, 0x3B31, 0x3B31, 0x4331, 0x4351, 0x4352, 0x4351, 0x4351,
  0x4351, 0x4352, 0x4332, 0x4332, 0x4332, 0x4332, 0x4332, 0x4332, 0x4332, 0x4332, 0x4332, 0x4332,
  0x4332, 0x4332, 0x4332, 0x4332, 0x4332, 0x4332, 0x4332, 0x4332, 0x4332, 0x4332, 0x4352, 0x4331,
  0x4331, 0x4331, 0x4331, 0x4331, 0x4331, 0x3B52, 0x3B52, 0x3B52, 0x3B52, 0x3B52, 0x3B52, 0x4352,
  0x4352, 0x4352, 0x4352, 0x4352, 0x4332, 0x4352, 0x4331, 0x3AF0, 0x32AF, 0x32AF, 0x32AF, 0x32AF,
  0x32AF, 0x32AF, 0x32D0, 0x4331, 0x4351, 0x4331, 0x4311, 0x32AF, 0x328F, 0x32AF, 0x32AF, 0x3AD0,
  0x32CF, 0x32CF, 0x3AF0, 0x32CF, 0x32AF, 0x32AF, 0x328F, 0x3A8E, 0x42AD, 0x428D, 0x428D, 0x428C,
  0x4A8C, 0x4A8C, 0x528C, 0x528B, 0x5268, 0x5A67, 0x5A67, 0x5246, 0x5A46, 0x5A47, 0x5A67, 0x5A66,
  0x5A66, 0x5A66, 0x5A66, 0x5A66, 0x6287, 0x62A7, 0x62A7, 0x62A7, 0x62A7, 0x62A7, 0x62A7, 0x62A7,
  0x62A7, 0x62A7, 0x62A7, 0x62A7, 0x62A7, 0x62A7, 0x62A7, 0x62A7, 0x62A7, 0x5A66, 0x5A46, 0x5205,
  0x5A66, 0x5A46, 0x5A66, 0x5A66, 0x5A66, 0x5A66, 0x5A66, 0x5A66, 0x5A66, 0x6267, 0x5A67, 0x5A67,
  0x5A47, 0x6287, 0x62A8, 0x62A8, 0x62A7, 0x62A7, 0x62A7, 0x62A7, 0x62A7, 0x62A8, 0x5AA8, 0x62A8,
  0x62A8, 0x5A87, 0x5246, 0x5226, 0x4A26, 0x4A06, 0x4A26, 0x4A06, 0x4A26, 0x5246, 0x5225, 0x5225,
  0x5226, 0x5246, 0x5226, 0x5246, 0x5205, 0x5205, 0x5225, 0x5226, 0x5226, 0x5205, 0x5246, 0x5A67,
  0x5A47, 0x5A67, 0x5A67, 0x5A67, 0x5A66, 0x5A67, 0x5A46, 0x5A66, 0x5A46, 0x5226, 0x49E6, 0x3985,
  0x32AF, 0x32AF, 0x3AAF, 0x328F, 0x32AF, 0x32AF, 0x32AF, 0x328F, 0x32AF, 0x32AF, 0x328F, 0x328F,
  0x2A4E, 0x220D, 0x2A4E, 0x3AAF, 0x328F, 0x328F, 0x32AF, 0x32AF, 0x32AF, 0x32AF, 0x32AF, 0x32AF,
  0x32AF, 0x32AF, 0x2AAF, 0x3B11, 0x4352, 0x3B31, 0x4332, 0x3B31, 0x3AF0, 0x3AF0, 0x32AF, 0x32AF,
  0x3AF0, 0x3AF0, 0x3AF0, 0x3AD0, 0x3AF0, 0x32D0, 0x2AAF, 0x32F0, 0x32D0, 0x3B11, 0x4352, 0x4331,
  0x4331, 0x4331, 0x4332, 0x4352, 0x4332, 0x4332, 0x4332, 0x4332, 0x4332, 0x4332, 0x4332, 0x4332,
  0x4332, 0x4332, 0x4332, 0x4332, 0x4332, 0x4332, 0x4332, 0x4332, 0x4352, 0x4332, 0x4332, 0x4332,
  0x4332, 0x4332, 0x4331, 0x4331, 0x4331, 0x4331, 0x4331, 0x4331, 0x4332, 0x4352, 0x4352, 0x4352,
  0x4352, 0x4352, 0x4352, 0x4352, 0x4352, 0x4352, 0x4352, 0x4352, 0x4352, 0x4352, 0x4332, 0x32D0,
  0x32AF, 0x32AF, 0x32AF, 0x32AF, 0x32AF, 0x32AF, 0x2AAE, 0x32EF, 0x3AF0, 0x32AF, 0x2A8E, 0x2AAF,
  0x3AF0, 0x3AF0, 0x3B11, 0x4331, 0x4331, 0x4351, 0x3B10, 0x32CF, 0x32AF, 0x328F, 0x3A8E, 0x428C,
  0x4A8B, 0x52AA, 0x52A9, 0x5AA9, 0x5AA9, 0x62A8, 0x62A8, 0x62A7, 0x5A67, 0x5A67, 0x5246, 0x5206,
  0x5226, 0x5A46, 0x5A66, 0x5A66, 0x5A66, 0x5A66, 0x5A66, 0x5A67, 0x6287, 0x62A7, 0x62A7, 0x62A7,
  0x62A7, 0x62A7, 0x62A7, 0x62A7, 0x62A7, 0x62A7, 0x62A7, 0x62A7, 0x62A7, 0x62A7, 0x62A7, 0x62A7,
  0x6287, 0x5A67, 0x5226, 0x5205, 0x5A66, 0x5A66, 0x5A66, 0x5A66, 0x5A66, 0x5A46, 0x5A46, 0x5A46,
  0x5A46, 0x5A67, 0x5A67, 0x5A67, 0x5A67, 0x6288, 0x6288, 0x62A7, 0x6286, 0x62A6, 0x62A7, 0x62A7,
  0x62A7, 0x62A7, 0x62A8, 0x62A8, 0x5A88, 0x62A8, 0x5A87, 0x5246, 0x5226, 0x4A26, 0x5226, 0x5246,
  0x5246, 0x5A67, 0x5A66, 0x5A66, 0x5A67, 0x5A67, 0x5A67, 0x5A67, 0x5A46, 0x5A46, 0x5A67, 0x5A46,
  0x5246, 0x5226, 0x4A05, 0x5206, 0x5246, 0x5A46, 0x5A67, 0x5A67, 0x5A66, 0x5A66, 0x6266, 0x5A46,
  0x6266, 0x6266, 0x5A27, 0x49E6, 0x32AF, 0x32AF, 0x32AF, 0x32AF, 0x32AF, 0x32AF, 0x328F, 0x3AAF,
  0x3AAF, 0x328F, 0x2A4E, 0x2A2D, 0x2A2D, 0x2A2D, 0x328E, 0x3AAF, 0x32AF, 0x32AF, 0x32AF, 0x328F,
  0x32AF, 0x32AF, 0x32AF, 0x32AF, 0x32AF, 0x32AF, 0x3B11, 0x4331, 0x4331, 0x4331, 0x32D0, 0x32AF,
  0x32AF, 0x32D0, 0x3B11, 0x3B11, 0x4332, 0x4352, 0x4352, 0x4332, 0x4352, 0x4332, 0x3B11, 0x3B11,
  0x32B0, 0x32B0, 0x32D0, 0x3B11, 0x4332, 0x3B31, 0x4332, 0x4332, 0x4332, 0x4332, 0x4332, 0x4332,
  0x4332, 0x4332, 0x4332, 0x4332, 0x4332, 0x4332, 0x4332, 0x4332, 0x4332, 0x4332, 0x4332, 0x4332,
  0x4352, 0x3B32, 0x3B32, 0x3B32, 0x3B32, 0x4352, 0x3B52, 0x3B52, 0x3B52, 0x3B52, 0x3B52, 0x3B52,
  0x4352, 0x4332, 0x4332, 0x4332, 0x4332, 0x4332, 0x4332, 0x4352, 0x4352, 0x4352, 0x4332, 0x4332,
  0x4352, 0x4352, 0x32F1, 0x32AF, 0x32AF, 0x32AE, 0x32AE, 0x32AF, 0x32AF, 0x32AF, 0x32AF, 0x2AAF,
  0x2ACF, 0x3B11, 0x3311, 0x3B11, 0x4331, 0x4351, 0x4331, 0x3B31, 0x4331, 0x4351, 0x3B10, 0x328F,
  0x32B0, 0x32AF, 0x428C, 0x4A89, 0x5288, 0x5288, 0x5A88, 0x5A88, 0x6288, 0x6287, 0x6287, 0x6A87,
  0x62A7, 0x62A7, 0x6287, 0x6287, 0x5A46, 0x5205, 0x5A66, 0x5A66, 0x5A66, 0x5A66, 0x5A66, 0x5A66,
  0x6287, 0x62A7, 0x62A7, 0x62A7, 0x62A7, 0x62A7, 0x62A7, 0x62A7, 0x62A7, 0x62A7, 0x62A7, 0x62A7,
  0x62A7, 0x62A7, 0x62A7, 0x62A8, 0x6287, 0x5A67, 0x5246, 0x5205, 0x5A67, 0x5A67, 0x5A66, 0x5A66,
  0x5A66, 0x5A66, 0x5A66, 0x5A66, 0x5A66, 0x5A66, 0x5A66, 0x6287, 0x62A7, 0x62A7, 0x62A7, 0x62A7,
  0x62A7, 0x62A7, 0x62A7, 0x62A7, 0x62A7, 0x62A7, 0x62A7, 0x62A7, 0x62A7, 0x62A7, 0x62A7, 0x5A66,
  0x5A46, 0x5225, 0x5A46, 0x5A46, 0x5A66, 0x5A66, 0x5A66, 0x5A66, 0x5A66, 0x5A66, 0x5A66, 0x5A66,
  0x5A66, 0x5A66, 0x5A66, 0x5A66, 0x5A46, 0x5225, 0x4A26, 0x5246, 0x5A66, 0x5A46, 0x5A46, 0x5A66,
  0x5A46, 0x5A46, 0x5A46, 0x5A46, 0x6266, 0x6266, 0x5A46, 0x5226, 0x32AF, 0x32AF, 0x32AF, 0x32AF,
  0x32AF, 0x328F, 0x328F, 0x326E, 0x2A4E, 0x2A4E, 0x2A2D, 0x2A4E, 0x32AF, 0x3AAF, 0x32AF, 0x32AF,
  0x32AF, 0x32AF, 0x32AF, 0x32D0, 0x32AF, 0x32AF, 0x3B11, 0x4331, 0x4311, 0x3B11, 0x4331, 0x4332,
  0x3AF0, 0x32D0, 0x32AF, 0x32D0, 0x4331, 0x3B32, 0x4332, 0x4332, 0x4332, 0x4332, 0x4332, 0x4332,
  0x4332, 0x4332, 0x4352, 0x4352, 0x3B11, 0x3B11, 0x3B11, 0x4332, 0x4332, 0x4332, 0x4332, 0x4332,
  0x4332, 0x4332, 0x4332, 0x4332, 0x4332, 0x4332, 0x4332, 0x4332, 0x4332, 0x4332, 0x4332, 0x4332,
  0x4332, 0x4332, 0x4332, 0x4332, 0x3B31, 0x3B11, 0x4332, 0x4332, 0x4332, 0x4332, 0x4352, 0x4352,
  0x4352, 0x4352, 0x4352, 0x4352, 0x4352, 0x4332, 0x4332, 0x4332, 0x4332, 0x4332, 0x4332, 0x4332,
  0x4332, 0x4352, 0x4332, 0x4332, 0x4352, 0x4352, 0x32D0, 0x32AF, 0x32AF, 0x32AF, 0x32AF, 0x32AF,
  0x32B0, 0x3290, 0x3290, 0x3290, 0x32B1, 0x4333, 0x4333, 0x4333, 0x3B32, 0x3B32, 0x3B32, 0x4332,
  0x4332, 0x4352, 0x3AF1, 0x32AF, 0x2AB0, 0x32AF, 0x428C, 0x4A89, 0x5288, 0x5288, 0x5A88, 0x5A88,
  0x62A8, 0x62A7, 0x6287, 0x6A87, 0x6287, 0x6287, 0x62A7, 0x6287, 0x6287, 0x5226, 0x5A46, 0x5A66,
  0x5A66, 0x5A66, 0x5A66, 0x5A46, 0x6267, 0x62A7, 0x62A7, 0x62A7, 0x62A7, 0x62A7, 0x62A7, 0x62A7,
  0x62A7, 0x62A7, 0x62A7, 0x62A7, 0x62A7, 0x62A7, 0x62A7, 0x62A8, 0x6287, 0x5A67, 0x5246, 0x5205,
  0x5A67, 0x5A67, 0x5A66, 0x5A66, 0x5A66, 0x5A66, 0x5A66, 0x5A66, 0x5A66, 0x5A66, 0x5A66, 0x6287,
  0x62A7, 0x62A7, 0x62A7, 0x62A7, 0x62A7, 0x62A7, 0x62A7, 0x62A7, 0x62A7, 0x62A7, 0x62A7, 0x62A7,
  0x62A7, 0x62A7, 0x6287, 0x5A66, 0x5246, 0x5226, 0x5A46, 0x5A46, 0x5A66, 0x5A66, 0x5A66, 0x5A66,
  0x5A66, 0x5A66, 0x5A66, 0x5A66, 0x5A66, 0x5A66, 0x5A66, 0x5A66, 0x5A46, 0x5225, 0x4A06, 0x5A67,
  0x5A66, 0x5A66, 0x5A66, 0x5A66, 0x5A66, 0x5A66, 0x5A66, 0x5A66, 0x5A66, 0x5A66, 0x5226, 0x5205,
  0x32AF, 0x32AF, 0x32AF, 0x32AF, 0x32AF, 0x2A8E, 0x2A2D, 0x2A4E, 0x326E, 0x3AAF, 0x328F, 0x32AF,
  0x328F, 0x32AF, 0x32AF, 0x32AF, 0x328F, 0x32AF, 0x32AF, 0x3AF0, 0x4331, 0x4331, 0x4352, 0x4331,
  0x4331, 0x4352, 0x4311, 0x3AF0, 0x32AF, 0x2A8F, 0x3AF0, 0x4331, 0x4352, 0x4332, 0x4332, 0x4332,
  0x4332, 0x4332, 0x4332, 0x4332, 0x4332, 0x4332, 0x4332, 0x3B32, 0x4332, 0x4332, 0x4332, 0x4332,
  0x4352, 0x4332, 0x4332, 0x4332, 0x4332, 0x4332, 0x4332, 0x4332, 0x4332, 0x4332, 0x4332, 0x4332,
  0x4332, 0x4332, 0x4332, 0x4332, 0x4332, 0x4332, 0x4332, 0x3B31, 0x32D0, 0x2AAF, 0x32D0, 0x3B11,
  0x4331, 0x4352, 0x4352, 0x4352, 0x4352, 0x4352, 0x4352, 0x4352, 0x4352, 0x4332, 0x4332, 0x4332,
  0x4332, 0x4332, 0x4332, 0x4332, 0x4332, 0x4332, 0x4332, 0x4332, 0x3B31, 0x32D0, 0x328F, 0x328F,
  0x328F, 0x32AF, 0x32AF, 0x32B0, 0x32B0, 0x32AF, 0x32AE, 0x32AF, 0x328F, 0x32CF, 0x4331, 0x4331,
  0x4332, 0x4332, 0x4332, 0x4332, 0x3B32, 0x3AF1, 0x32B0, 0x32AF, 0x32B0, 0x3AAE, 0x428B, 0x5289,
  0x5289, 0x5A88, 0x5A88, 0x62A8, 0x62A8, 0x62A7, 0x6287, 0x6287, 0x6287, 0x62A7, 0x62A7, 0x6287,
  0x62A7, 0x5A87, 0x5A66, 0x5A66, 0x5A67, 0x5A67, 0x5A67, 0x5226, 0x6287, 0x6287, 0x62A7, 0x62A7,
  0x62A7, 0x62A7, 0x62A7, 0x62A7, 0x62A7, 0x62A7, 0x62A7, 0x62A7, 0x62A7, 0x62A7, 0x62A7, 0x62A8,
  0x6287, 0x5A67, 0x5246, 0x5205, 0x5A67, 0x5A67, 0x5A66, 0x5A66, 0x5A66, 0x5A66, 0x5A66, 0x5A66,
  0x5A66, 0x5A66, 0x5A66, 0x6287, 0x62A7, 0x62A7, 0x62A7, 0x62A7, 0x62A7, 0x62A7, 0x62A7, 0x62A7,
  0x62A7, 0x62A7, 0x62A7, 0x62A7, 0x62A7, 0x62A7, 0x6287, 0x5A66, 0x5246, 0x5A46, 0x5A66, 0x5A66,
  0x5A46, 0x5A66, 0x5A66, 0x5A66, 0x5A66, 0x5A66, 0x5A66, 0x5A66, 0x5A66, 0x5A66, 0x5A66, 0x5A66,
  0x5A46, 0x5206, 0x4A26, 0x5A67, 0x5A66, 0x5A66, 0x5A67, 0x5A67, 0x5A67, 0x5A67, 0x5A67, 0x5A67,
  0x5A67, 0x5A66, 0x5226, 0x4A05, 0x32AF, 0x32AF, 0x32AF, 0x32AF, 0x2A8E, 0x2A6E, 0x328F, 0x32AF,
  0x32AF, 0x32AF, 0x32AF, 0x32AF, 0x328F, 0x328F, 0x32AF, 0x328F, 0x32D0, 0x3B10, 0x3B10, 0x4351,
  0x4352, 0x3B11, 0x3B11, 0x3AF0, 0x3AF0, 0x3AF0, 0x32AF, 0x2A8F, 0x32D0, 0x3AF0, 0x4331, 0x4331,
  0x4331, 0x4332, 0x4332, 0x4332, 0x4332, 0x4332, 0x4332, 0x4332, 0x4332, 0x4332, 0x4332, 0x4332,
  0x4332, 0x4332, 0x4332, 0x4332, 0x4352, 0x4332, 0x4332, 0x4332, 0x4332, 0x4332, 0x4332, 0x4332,
  0x4332, 0x4332, 0x4332, 0x4332, 0x4332, 0x4332, 0x4332, 0x4352, 0x4352, 0x4332, 0x4332, 0x32D0,
  0x32AF, 0x32AF, 0x32AF, 0x328F, 0x32D0, 0x3B10, 0x4351, 0x4331, 0x3B31, 0x4331, 0x4331, 0x4331,
  0x4332, 0x4332, 0x4332, 0x4332, 0x4332, 0x4332, 0x4332, 0x4332, 0x4331, 0x4331, 0x3B11, 0x4331,
  0x3B11, 0x2A8F, 0x32AF, 0x32AF, 0x328F, 0x328F, 0x32AF, 0x32AF, 0x32AF, 0x32AE, 0x32AE, 0x32AE,
  0x32AE, 0x2AAE, 0x32CF, 0x4351, 0x4332, 0x4332, 0x4332, 0x4332, 0x4332, 0x32B0, 0x32AF, 0x32AF,
  0x32AF, 0x3AAD, 0x4A8A, 0x5288, 0x5AA9, 0x5AA8, 0x62A7, 0x62A7, 0x62A7, 0x62A7, 0x62A7, 0x62A7,
  0x62A7, 0x62A7, 0x62A7, 0x62A7, 0x62A7, 0x5A66, 0x5A66, 0x5A67, 0x5A67, 0x5A67, 0x5A67, 0x5226,
  0x5A67, 0x62A8, 0x62A7, 0x62A7, 0x62A7, 0x62A7, 0x62A7, 0x6287, 0x6287, 0x6287, 0x62A7, 0x62A7,
  0x62A8, 0x62A7, 0x62A7, 0x62A8, 0x5A87, 0x5A67, 0x5246, 0x5205, 0x5A46, 0x5A67, 0x5A46, 0x5A66,
  0x5A66, 0x5A66, 0x5A66, 0x5A66, 0x5A66, 0x5A66, 0x5A66, 0x6287, 0x62A7, 0x62A7, 0x62A7, 0x62A7,
  0x62A7, 0x62A7, 0x62A7, 0x62A7, 0x62A7, 0x62A7, 0x62A7, 0x62A7, 0x62A7, 0x62A7, 0x5A66, 0x5A67,
  0x5A46, 0x5A46, 0x5A67, 0x5A66, 0x5A66, 0x5A66, 0x5A66, 0x5A66, 0x5A66, 0x5A66, 0x5A66, 0x5A66,
  0x5A66, 0x5A66, 0x5A66, 0x5A66, 0x5226, 0x5226, 0x4A26, 0x5A47, 0x5A67, 0x5A67, 0x5A67, 0x5A67,
  0x5A67, 0x5A47, 0x5A67, 0x5A67, 0x5A47, 0x5226, 0x5226, 0x5206, 0x32AF, 0x32AF, 0x32AF, 0x32AF,
  0x2A6E, 0x2A8E, 0x32AF, 0x32AF, 0x32AF, 0x328F, 0x32AF, 0x32AF, 0x32AF, 0x32AF, 0x32AF, 0x32AF,
  0x32CF, 0x3AF0, 0x32F0, 0x32F0, 0x3AD0, 0x32AF, 0x2A8F, 0x328F, 0x32AF, 0x328F, 0x32AF, 0x3AF0,
  0x4311, 0x4331, 0x4331, 0x4331, 0x4331, 0x4332, 0x4332, 0x4332, 0x4332, 0x4332, 0x4332, 0x4332,
  0x4332, 0x4332, 0x4332, 0x4332, 0x4332, 0x4332, 0x4332, 0x4332, 0x4332, 0x4332, 0x4332, 0x4332,
  0x4332, 0x4332, 0x4332, 0x4332, 0x4332, 0x4332, 0x4332, 0x4332, 0x4332, 0x4332, 0x4332, 0x4332,
  0x4332, 0x3B32, 0x3B11, 0x32AF, 0x32AF, 0x32AF, 0x32AF, 0x32AF, 0x32AF, 0x32AF, 0x32CF, 0x3B10,
  0x4351, 0x4331, 0x4331, 0x4351, 0x4331, 0x4332, 0x4332, 0x4332, 0x4332, 0x4332, 0x4332, 0x4331,
  0x4331, 0x4351, 0x4331, 0x4331, 0x3AD0, 0x32AF, 0x32AF, 0x32AF, 0x32AF, 0x328F, 0x328F, 0x3A8E,
  0x3A8E, 0x328F, 0x328F, 0x328F, 0x32B0, 0x32B0, 0x2A90, 0x32D0, 0x3AF0, 0x4311, 0x4331, 0x4331,
  0x3AF0, 0x32AF, 0x32AF, 0x32AF, 0x3AAE, 0x42AC, 0x5289, 0x5A87, 0x5AA8, 0x62A8, 0x62A7, 0x62A7,
  0x62A7, 0x62A7, 0x62A7, 0x62A7, 0x62A7, 0x62A7, 0x62A7, 0x62A7, 0x6287, 0x5A66, 0x5A66, 0x5A67,
  0x5246, 0x5226, 0x5226, 0x4A05, 0x5246, 0x62A8, 0x62A7, 0x62A7, 0x62A7, 0x62A7, 0x62A7, 0x62A7,
  0x62A7, 0x62A7, 0x62A7, 0x62A7, 0x6287, 0x6287, 0x62A7, 0x6287, 0x5A47, 0x5A46, 0x5226, 0x5205,
  0x5205, 0x5246, 0x5A67, 0x5A66, 0x5A66, 0x5A66, 0x5A66, 0x5A66, 0x5A66, 0x5A66, 0x5A66, 0x6287,
  0x62A7, 0x62A7, 0x62A7, 0x62A7, 0x62A7, 0x62A7, 0x62A7, 0x62A7, 0x62A7, 0x62A7, 0x62A7, 0x62A7,
  0x62A7, 0x62A7, 0x5A66, 0x5A67, 0x5A46, 0x5A46, 0x5A67, 0x5A66, 0x5A66, 0x5A66, 0x5A66, 0x5A66,
  0x5A66, 0x5A66, 0x5A66, 0x5A66, 0x5A66, 0x5A66, 0x5A66, 0x5A46, 0x5206, 0x5206, 0x4A06, 0x5226,
  0x5A47, 0x5A46, 0x5A67, 0x5A67, 0x5A67, 0x5A67, 0x5A67, 0x5A46, 0x5226, 0x5226, 0x5226, 0x4A26,
  0x32AF, 0x32AF, 0x328F, 0x32AF, 0x32AF, 0x328F, 0x32AF, 0x32AF, 0x32AF, 0x32AF, 0x32AF, 0x32AF,
  0x32AF, 0x32CF, 0x4311, 0x4311, 0x3B11, 0x3B10, 0x3B10, 0x3B31, 0x4311, 0x3B11, 0x3B11, 0x4311,
  0x4311, 0x3B11, 0x4331, 0x4331, 0x4331, 0x3AF0, 0x32AF, 0x3AF0, 0x32D0, 0x3B11, 0x3B32, 0x4332,
  0x4332, 0x4332, 0x4332, 0x4332, 0x4332, 0x4332, 0x4332, 0x4332, 0x4332, 0x4332, 0x4332, 0x4332,
  0x4332, 0x4332, 0x4332, 0x4332, 0x4332, 0x4332, 0x4332, 0x4332, 0x4332, 0x4332, 0x4332, 0x4332,
  0x4332, 0x4332, 0x4332, 0x4332, 0x4332, 0x3B32, 0x32B0, 0x32AF, 0x32AF, 0x32AF, 0x32AF, 0x32AF,
  0x32AF, 0x32AF, 0x2A8F, 0x32AF, 0x32D0, 0x3B11, 0x4331, 0x4331, 0x4331, 0x4332, 0x4332, 0x4332,
  0x4332, 0x4332, 0x4332, 0x4352, 0x3AF0, 0x32AF, 0x32D0, 0x32AF, 0x32AF, 0x32AF, 0x2AAF, 0x2AAF,
  0x32AF, 0x32AF, 0x3A8E, 0x3A8D, 0x3A8C, 0x428D, 0x3AAD, 0x3AAD, 0x3AAD, 0x3A8D, 0x3AAE, 0x328E,
  0x32AF, 0x32CF, 0x32CF, 0x32CF, 0x32AF, 0x32AF, 0x32AF, 0x3A8E, 0x3AAD, 0x4AAA, 0x5A88, 0x6287,
  0x62A8, 0x62A7, 0x62A7, 0x62A7, 0x62A7, 0x62A7, 0x62A7, 0x62A7, 0x62A7, 0x62A7, 0x62A7, 0x62A7,
  0x6287, 0x5226, 0x5205, 0x5246, 0x5226, 0x4A26, 0x4A26, 0x5226, 0x5A67, 0x5A88, 0x62A7, 0x62A7,
  0x62A7, 0x62A7, 0x6287, 0x5A67, 0x5A67, 0x5A67, 0x6287, 0x6287, 0x6287, 0x6287, 0x5A66, 0x5A67,
  0x5A67, 0x5A67, 0x5A47, 0x5A46, 0x5226, 0x5206, 0x5225, 0x5A46, 0x5A66, 0x5A66, 0x5A66, 0x5A66,
  0x5A66, 0x5A66, 0x5A66, 0x6287, 0x62A7, 0x62A7, 0x62A7, 0x62A7, 0x62A7, 0x62A7, 0x62A7, 0x62A7,
  0x62A7, 0x62A7, 0x62A7, 0x62A7, 0x62A7, 0x62A7, 0x5A66, 0x5A67, 0x5A46, 0x5A46, 0x5A67, 0x5A66,
  0x5A66, 0x5A66, 0x5A66, 0x5A66, 0x5A66, 0x5A66, 0x5A66, 0x5A66, 0x5A66, 0x5A66, 0x5A66, 0x5A46,
  0x5206, 0x4A06, 0x4A06, 0x4A06, 0x5226, 0x5A47, 0x5A67, 0x5A47, 0x5A47, 0x5226, 0x5226, 0x5206,
  0x5206, 0x5226, 0x4A26, 0x4A06, 0x2AAF, 0x32AF, 0x32CF, 0x32D0, 0x32CF, 0x3AD0, 0x4331, 0x4331,
  0x4311, 0x4331, 0x4331, 0x4351, 0x4331, 0x4331, 0x4331, 0x4331, 0x4351, 0x4351, 0x4351, 0x4351,
  0x4352, 0x4331, 0x4331, 0x4331, 0x4331, 0x4331, 0x4331, 0x3AF0, 0x32AF, 0x32D0, 0x32F0, 0x3B11,
  0x4331, 0x4332, 0x4332, 0x4332, 0x4332, 0x4332, 0x4352, 0x4332, 0x4332, 0x4352, 0x4352, 0x4332,
  0x4332, 0x4332, 0x4332, 0x4352, 0x4331, 0x4B51, 0x4351, 0x4352, 0x4352, 0x4352, 0x4351, 0x4352,
  0x4331, 0x4331, 0x4332, 0x4352, 0x4331, 0x4331, 0x4332, 0x4352, 0x4332, 0x32D0, 0x2A8F, 0x32AF,
  0x32D0, 0x32AF, 0x32AF, 0x328F, 0x32AF, 0x32AF, 0x32AF, 0x328F, 0x328F, 0x32AF, 0x32CF, 0x3B10,
  0x3B11, 0x4332, 0x4352, 0x4332, 0x4B32, 0x4331, 0x4332, 0x42F0, 0x3AAE, 0x32AE, 0x32AF, 0x32AF,
  0x32AF, 0x32AF, 0x32AF, 0x32AE, 0x32AE, 0x32AE, 0x3A8E, 0x428C, 0x42AA, 0x4AA9, 0x4A89, 0x4AA9,
  0x4AA9, 0x4AAA, 0x4AAA, 0x428A, 0x3AAC, 0x3AAD, 0x3AAD, 0x3A8D, 0x3AAE, 0x32AE, 0x3A8E, 0x428C,
  0x4AAC, 0x5289, 0x5A66, 0x6266, 0x6287, 0x62A8, 0x62A7, 0x62A7, 0x62A7, 0x62A7, 0x62A7, 0x62A7,
  0x62A7, 0x6287, 0x62A7, 0x6287, 0x5226, 0x5A46, 0x5A67, 0x5A67, 0x5A87, 0x5A87, 0x6288, 0x62A8,
  0x62A8, 0x62A8, 0x62A7, 0x62A7, 0x6287, 0x5A66, 0x5A66, 0x5A66, 0x5A66, 0x5A66, 0x5A66, 0x5A67,
  0x5A67, 0x5A66, 0x5A66, 0x5A67, 0x5A67, 0x5A67, 0x5A67, 0x5A66, 0x5A66, 0x5A46, 0x5225, 0x5225,
  0x5A46, 0x5A46, 0x5A66, 0x5A66, 0x5A66, 0x5A66, 0x5A66, 0x6287, 0x62A7, 0x62A7, 0x62A7, 0x62A7,
  0x62A7, 0x62A7, 0x6287, 0x62A8, 0x62A7, 0x6287, 0x62A7, 0x6287, 0x6287, 0x62A7, 0x5A66, 0x5A66,
  0x5A46, 0x5A46, 0x5A66, 0x5A66, 0x5A66, 0x5A66, 0x5A66, 0x5A66, 0x5A46, 0x5A46, 0x5A66, 0x5A66,
  0x5A66, 0x5A66, 0x5A66, 0x5A46, 0x5206, 0x4A06, 0x4A06, 0x41A5, 0x4A06, 0x5246, 0x5226, 0x5226,
  0x5226, 0x5206, 0x4A06, 0x5226, 0x5226, 0x4A06, 0x4A06, 0x4A06, 0x32D0, 0x3311, 0x3B51, 0x3B31,
  0x4331, 0x4331, 0x4331, 0x4352, 0x4351, 0x4331, 0x3AF0, 0x3B11, 0x3B11, 0x4331, 0x4331, 0x4351,
  0x4352, 0x4351, 0x4351, 0x4351, 0x4331, 0x4331, 0x4331, 0x4331, 0x4331, 0x3B11, 0x32AF, 0x32CF,
  0x3AF0, 0x3B11, 0x4331, 0x4331, 0x4351, 0x4351, 0x4351, 0x4351, 0x4351, 0x4331, 0x4351, 0x4351,
  0x3B31, 0x3AF0, 0x3B11, 0x3AF0, 0x3B11, 0x4352, 0x4331, 0x4331, 0x4B51, 0x3AAE, 0x3AAE, 0x3ACF,
  0x32D0, 0x32CF, 0x3ACE, 0x3ACF, 0x4331, 0x4331, 0x3AF0, 0x3B10, 0x4331, 0x4331, 0x4332, 0x3B32,
  0x32B0, 0x32B0, 0x328F, 0x32AE, 0x2A8E, 0x2A8E, 0x328E, 0x3ACF, 0x32AF, 0x32AF, 0x32B0, 0x328F,
  0x2A8F, 0x32AF, 0x32AF, 0x2AAF, 0x2A8E, 0x3ACF, 0x42EE, 0x4ACD, 0x4AED, 0x4ACD, 0x4ACD, 0x428C,
  0x428C, 0x42AC, 0x3AAD, 0x3A8D, 0x328E, 0x3AAF, 0x328F, 0x32AF, 0x32AE, 0x32AE, 0x3A8E, 0x4A8C,
  0x52A8, 0x5288, 0x5288, 0x5288, 0x5288, 0x5288, 0x5288, 0x5288, 0x5288, 0x4A89, 0x4A8A, 0x4A8B,
  0x428B, 0x428C, 0x428C, 0x4AAA, 0x5289, 0x5A68, 0x5206, 0x5205, 0x51E5, 0x5A47, 0x5A67, 0x5A67,
  0x5A67, 0x6288, 0x62A8, 0x62A8, 0x62A8, 0x62A8, 0x6288, 0x5A46, 0x5206, 0x5A47, 0x6267, 0x6287,
  0x6287, 0x6287, 0x62A7, 0x62A7, 0x62A7, 0x62A7, 0x62A7, 0x62A7, 0x5A67, 0x5A87, 0x6287, 0x5A87,
  0x5A66, 0x5A66, 0x5A47, 0x5A47, 0x5A47, 0x5A67, 0x5A66, 0x5A66, 0x5A66, 0x5A66, 0x5A66, 0x5A66,
  0x5A66, 0x6266, 0x5A66, 0x5A66, 0x5A66, 0x5A66, 0x5A46, 0x5A46, 0x5A46, 0x5A46, 0x5A66, 0x5A67,
  0x6287, 0x62A7, 0x62A7, 0x6287, 0x62A8, 0x6288, 0x6287, 0x6288, 0x62A8, 0x62A8, 0x62A8, 0x62A7,
  0x6287, 0x5A66, 0x5A66, 0x5A46, 0x5A66, 0x5A66, 0x5A66, 0x5A66, 0x5A66, 0x5A66, 0x5A66, 0x5A66,
  0x5A46, 0x5A46, 0x5A66, 0x5A66, 0x5A46, 0x5A46, 0x5A46, 0x5226, 0x5226, 0x4A27, 0x41E6, 0x41A5,
  0x39C5, 0x41E5, 0x4A06, 0x5206, 0x4A06, 0x5226, 0x4A06, 0x5206, 0x41E6, 0x39A6, 0x41C6, 0x41C5,
  0x4331, 0x4352, 0x4352, 0x3B51, 0x4331, 0x4351, 0x3B11, 0x3B10, 0x32F0, 0x32D0, 0x3AF0, 0x32F0,
  0x3AF0, 0x4331, 0x4331, 0x4331, 0x4351, 0x4351, 0x4351, 0x4351, 0x4331, 0x4331, 0x4352, 0x4331,
  0x3AF0, 0x32AF, 0x32AF, 0x3B11, 0x4331, 0x4351, 0x3B31, 0x4331, 0x4331, 0x4351, 0x4351, 0x4351,
  0x4352, 0x4351, 0x4351, 0x3AF0, 0x32B0, 0x328F, 0x2A8F, 0x3290, 0x32B0, 0x3B11, 0x4352, 0x4332,
  0x328E, 0x2A0C, 0x2A0B, 0x2A0C, 0x220C, 0x220C, 0x220C, 0x220C, 0x328E, 0x3ACF, 0x32AF, 0x32AF,
  0x32D0, 0x3AF0, 0x4332, 0x32B0, 0x328F, 0x3AAF, 0x328D, 0x3A2B, 0x320A, 0x2A0B, 0x222C, 0x2A4D,
  0x328E, 0x32AE, 0x32AF, 0x3B11, 0x4310, 0x42F0, 0x42EF, 0x430F, 0x42CD, 0x4289, 0x4AA9, 0x4A88,
  0x5288, 0x5288, 0x5288, 0x4A89, 0x528A, 0x528A, 0x4A8A, 0x4A8A, 0x4A8B, 0x4AAB, 0x3AAE, 0x2AB1,
  0x3291, 0x3A8F, 0x428C, 0x528A, 0x5A88, 0x5288, 0x5288, 0x5288, 0x5288, 0x5A88, 0x5A88, 0x5A88,
  0x5AA7, 0x5AA7, 0x5AA8, 0x5A88, 0x5289, 0x5289, 0x52A9, 0x5AA9, 0x5227, 0x5206, 0x5A67, 0x5A26,
  0x5A46, 0x5206, 0x5206, 0x5206, 0x5206, 0x5226, 0x5A46, 0x5A46, 0x5A47, 0x5A67, 0x5A46, 0x5205,
  0x5A47, 0x5A47, 0x6267, 0x6287, 0x6287, 0x62A7, 0x62A7, 0x62A7, 0x62A7, 0x62A7, 0x62A7, 0x62A7,
  0x62A7, 0x6287, 0x5A87, 0x5A66, 0x5246, 0x5226, 0x5226, 0x5226, 0x5226, 0x5226, 0x5246, 0x5A66,
  0x5A67, 0x5A66, 0x5A66, 0x5A66, 0x5A66, 0x5A66, 0x5A66, 0x5A66, 0x6287, 0x6287, 0x6287, 0x6287,
  0x6287, 0x6287, 0x6287, 0x6287, 0x62A7, 0x62A7, 0x62A7, 0x6287, 0x62A8, 0x62A8, 0x6288, 0x6288,
  0x5A67, 0x6287, 0x62A8, 0x6287, 0x5A66, 0x5A46, 0x5A66, 0x5A66, 0x5A66, 0x5A67, 0x5A67, 0x5A67,
  0x5A67, 0x5A67, 0x5A67, 0x5A47, 0x5A46, 0x5A46, 0x5226, 0x5226, 0x5226, 0x5226, 0x5226, 0x5226,
  0x5206, 0x5227, 0x41C6, 0x39A5, 0x41E6, 0x41E5, 0x5206, 0x4A06, 0x5206, 0x5226, 0x4A06, 0x5226,
  0x49E6, 0x39A6, 0x41A6, 0x39A6, 0x4311, 0x4351, 0x3B11, 0x32D0, 0x32D0, 0x32CF, 0x32CF, 0x32F0,
  0x3B11, 0x3B31, 0x4352, 0x4351, 0x4351, 0x4331, 0x4331, 0x4331, 0x4351, 0x4331, 0x4351, 0x4331,
  0x4331, 0x4331, 0x4331, 0x32D0, 0x32AF, 0x32AF, 0x3B31, 0x4351, 0x4331, 0x4352, 0x4331, 0x4351,
  0x4352, 0x4351, 0x4351, 0x4352, 0x4331, 0x4331, 0x32F0, 0x32AF, 0x32B0, 0x3290, 0x32B0, 0x32B0,
  0x32B0, 0x3290, 0x3B11, 0x4332, 0x220D, 0x2A0C, 0x320C, 0x320C, 0x320C, 0x322C, 0x2A2C, 0x2A0C,
  0x2A0C, 0x3A8F, 0x328F, 0x328F, 0x32AF, 0x2AAF, 0x32AF, 0x32AF, 0x32AE, 0x324C, 0x322B, 0x320A,
  0x322B, 0x2A4C, 0x3AEF, 0x3ACF, 0x42EE, 0x4B0E, 0x42EE, 0x42CE, 0x42CD, 0x4ACD, 0x4ACC, 0x4ACC,
  0x52CB, 0x5289, 0x5289, 0x5A89, 0x5A68, 0x5A88, 0x5A68, 0x5A68, 0x5A88, 0x5A88, 0x5A88, 0x5288,
  0x5AA8, 0x5AA8, 0x42AB, 0x328F, 0x3A90, 0x3A8E, 0x42AA, 0x52A8, 0x5289, 0x5289, 0x5289, 0x5288,
  0x5A88, 0x5A87, 0x6287, 0x6287, 0x6287, 0x6287, 0x62A7, 0x62A7, 0x5A87, 0x5AA6, 0x62A7, 0x62A7,
  0x6266, 0x5205, 0x6287, 0x5A67, 0x5A67, 0x5A67, 0x5A47, 0x5A47, 0x5A47, 0x5A46, 0x5A46, 0x5226,
  0x49E5, 0x5205, 0x5205, 0x5A46, 0x5A47, 0x5A47, 0x5A67, 0x6287, 0x62A7, 0x62A7, 0x62A7, 0x62A7,
  0x62A7, 0x62A7, 0x5A87, 0x5A67, 0x5A66, 0x5225, 0x5225, 0x4A25, 0x4A25, 0x4A25, 0x4A26, 0x4A06,
  0x4A26, 0x4A26, 0x5226, 0x5226, 0x5246, 0x5A67, 0x5A87, 0x5A66, 0x5A66, 0x5A66, 0x5A66, 0x6287,
  0x62A7, 0x62A7, 0x62A7, 0x62A7, 0x62A7, 0x62A7, 0x62A7, 0x6287, 0x62A7, 0x62A7, 0x62A7, 0x6287,
  0x5A46, 0x5A46, 0x5246, 0x5246, 0x5226, 0x5A67, 0x5A67, 0x5A67, 0x5A66, 0x5A66, 0x5A66, 0x5A66,
  0x5225, 0x5246, 0x5247, 0x5226, 0x5226, 0x5226, 0x5226, 0x4A26, 0x5226, 0x5247, 0x4A06, 0x5226,
  0x5226, 0x5206, 0x4A06, 0x5205, 0x5205, 0x5226, 0x4A06, 0x4A06, 0x4A26, 0x4A26, 0x4A06, 0x4A06,
  0x5206, 0x5226, 0x4A06, 0x5206, 0x4A06, 0x49E6, 0x4A07, 0x41C6, 0x32AE, 0x32AF, 0x2AB0, 0x32D0,
  0x32AF, 0x32D0, 0x4331, 0x4351, 0x4352, 0x4352, 0x4351, 0x4351, 0x4331, 0x4331, 0x4351, 0x4331,
  0x4351, 0x4331, 0x3B10, 0x32AF, 0x32AF, 0x32AF, 0x32AF, 0x32D0, 0x32D0, 0x32AF, 0x3B11, 0x4331,
  0x4351, 0x4351, 0x4351, 0x4351, 0x4351, 0x4352, 0x4331, 0x4331, 0x4331, 0x4331, 0x32AF, 0x2AAF,
  0x328F, 0x32AF, 0x32AF, 0x32AF, 0x32AF, 0x328F, 0x32AF, 0x32B0, 0x220D, 0x2A0C, 0x29EB, 0x29EB,
  0x320C, 0x322B, 0x320B, 0x2A0B, 0x2A2C, 0x3A8E, 0x3AAF, 0x328F, 0x32AF, 0x32AF, 0x328E, 0x3AAE,
  0x324C, 0x29EB, 0x2A0B, 0x222C, 0x3AEF, 0x4331, 0x430F, 0x3AAD, 0x4ACB, 0x4A8A, 0x4A8B, 0x4A8A,
  0x4A69, 0x5269, 0x5268, 0x5A68, 0x5A88, 0x5AA9, 0x5A88, 0x5268, 0x5A88, 0x5A88, 0x5A68, 0x5A88,
  0x5A88, 0x5AA8, 0x5AA8, 0x5AA8, 0x5AA7, 0x5AA7, 0x52C8, 0x4A8A, 0x4A6C, 0x4AAB, 0x4AA8, 0x4AA7,
  0x52A8, 0x52A9, 0x5288, 0x5AA8, 0x5A88, 0x6287, 0x6266, 0x5A46, 0x5A67, 0x5A87, 0x6287, 0x62A7,
  0x62A6, 0x62C6, 0x62A6, 0x6A86, 0x5A46, 0x5225, 0x5A66, 0x5A66, 0x5A66, 0x5A67, 0x5A67, 0x5A67,
  0x5A67, 0x5A67, 0x5A67, 0x5A67, 0x5A67, 0x5A67, 0x5A67, 0x5A67, 0x5A67, 0x5A67, 0x6267, 0x62A7,
  0x62A7, 0x62A7, 0x62A7, 0x62A7, 0x5A66, 0x5A46, 0x5226, 0x5226, 0x5226, 0x5226, 0x5226, 0x5226,
  0x5226, 0x4A26, 0x4A26, 0x41E5, 0x4A26, 0x4A26, 0x4A26, 0x4A05, 0x4A26, 0x5246, 0x5A66, 0x5A66,
  0x5A66, 0x5A66, 0x5A66, 0x6287, 0x62A7, 0x6287, 0x62A7, 0x62A7, 0x62A7, 0x62A7, 0x62A7, 0x62A7,
  0x62A7, 0x62A7, 0x62A7, 0x62A7, 0x5A67, 0x5A47, 0x5A67, 0x5226, 0x5206, 0x5A67, 0x5A67, 0x6287,
  0x6287, 0x6287, 0x62A7, 0x6287, 0x6287, 0x5A87, 0x5A88, 0x5226, 0x4A26, 0x5226, 0x4A06, 0x5226,
  0x5A67, 0x5A67, 0x5A67, 0x5A67, 0x5A67, 0x5247, 0x5226, 0x5226, 0x4A05, 0x4A06, 0x5206, 0x5227,
  0x4A26, 0x4A26, 0x5206, 0x5226, 0x5226, 0x5226, 0x5226, 0x5226, 0x4A06, 0x5225, 0x4A26, 0x4A27,
  0x328E, 0x3AD0, 0x32F1, 0x3B32, 0x4331, 0x4351, 0x4351, 0x4351, 0x4351, 0x4351, 0x4351, 0x4351,
  0x4331, 0x3B31, 0x4351, 0x4331, 0x3B31, 0x3B11, 0x2AAF, 0x2A8F, 0x32AF, 0x32D0, 0x4331, 0x4352,
  0x4331, 0x4331, 0x3B31, 0x3B31, 0x4331, 0x4351, 0x4351, 0x4351, 0x4351, 0x4331, 0x4331, 0x4331,
  0x3B31, 0x32D0, 0x32D0, 0x3AF0, 0x3AF0, 0x3ACF, 0x3AEF, 0x3AEF, 0x3AEF, 0x3AF0, 0x3AEF, 0x3AEF,
  0x328E, 0x328E, 0x3A8E, 0x326D, 0x29EB, 0x320B, 0x322B, 0x2A2B, 0x2A2C, 0x2A6D, 0x328E, 0x2A8F,
  0x32AF, 0x32AE, 0x3AAE, 0x3A8D, 0x322B, 0x322B, 0x220B, 0x32AF, 0x4331, 0x42EE, 0x42AC, 0x4A8A,
  0x5289, 0x5289, 0x5A68, 0x5A88, 0x5A88, 0x5A87, 0x5A87, 0x6287, 0x5A86, 0x5AA6, 0x5AC7, 0x5AA7,
  0x5286, 0x5AA6, 0x62A6, 0x62A7, 0x5AA8, 0x62A8, 0x62A8, 0x62A8, 0x62A8, 0x62A7, 0x62A7, 0x5A87,
  0x5267, 0x5AA8, 0x52A8, 0x52A7, 0x52A8, 0x5AA8, 0x5AA8, 0x62A8, 0x6287, 0x5A67, 0x5A66, 0x5A66,
  0x5A67, 0x5A67, 0x5A87, 0x5A66, 0x5A66, 0x5A86, 0x6286, 0x6286, 0x5225, 0x5226, 0x5A87, 0x5A66,
  0x5A66, 0x5A66, 0x5A66, 0x5A66, 0x5A66, 0x5A46, 0x5A67, 0x5A67, 0x5A67, 0x5A67, 0x5A67, 0x5A47,
  0x5A47, 0x5A47, 0x5A67, 0x62A7, 0x62A7, 0x62A7, 0x6287, 0x5A66, 0x5A66, 0x5246, 0x5226, 0x4A26,
  0x4A26, 0x4A26, 0x4A26, 0x4A26, 0x4A26, 0x4A26, 0x4A26, 0x41C5, 0x4A06, 0x4A26, 0x4A26, 0x4A26,
  0x4A26, 0x4A26, 0x4A26, 0x5246, 0x5A46, 0x5A66, 0x5A66, 0x5A67, 0x6287, 0x6287, 0x62A7, 0x62A7,
  0x62A7, 0x62A7, 0x62A7, 0x62A7, 0x62A7, 0x62A7, 0x62A7, 0x62A7, 0x6287, 0x5A67, 0x5A67, 0x5246,
  0x5226, 0x5A67, 0x6287, 0x6287, 0x6287, 0x62A7, 0x62A7, 0x62A7, 0x62A7, 0x6287, 0x62A8, 0x5A87,
  0x5A67, 0x5A67, 0x5246, 0x5A67, 0x5A67, 0x5A67, 0x5A67, 0x5A47, 0x5A47, 0x5A47, 0x5A67, 0x5A46,
  0x5226, 0x5226, 0x5206, 0x5206, 0x5226, 0x5226, 0x5226, 0x5226, 0x5226, 0x5226, 0x5226, 0x5226,
  0x5206, 0x5225, 0x5225, 0x4A26, 0x42EF, 0x4331, 0x4332, 0x3B32, 0x3B31, 0x4331, 0x4351, 0x4351,
  0x4351, 0x4351, 0x4351, 0x4351, 0x4352, 0x3B31, 0x4351, 0x4331, 0x32D0, 0x2A8F, 0x2AAF, 0x32D0,
  0x4331, 0x4331, 0x4331, 0x4331, 0x4331, 0x4352, 0x4352, 0x4352, 0x4351, 0x4331, 0x4351, 0x4351,
  0x4351, 0x4331, 0x4352, 0x4352, 0x32D0, 0x32D0, 0x3B31, 0x4351, 0x4330, 0x3AEF, 0x3AEF, 0x3AEF,
  0x3B0F, 0x3B0F, 0x42EF, 0x42EF, 0x42EF, 0x42EF, 0x3AEF, 0x4B30, 0x3ACF, 0x326D, 0x2A0A, 0x2A2B,
  0x2A2B, 0x3ACF, 0x3AF0, 0x32F1, 0x3B10, 0x42EE, 0x3A8D, 0x322B, 0x2A0B, 0x2A2B, 0x2A4C, 0x42EF,
  0x530E, 0x4A8A, 0x5269, 0x5288, 0x5288, 0x5288, 0x5A68, 0x5A68, 0x5A68, 0x5A88, 0x5AA8, 0x5AA8,
  0x62A7, 0x5A45, 0x5A46, 0x62A8, 0x5AA8, 0x5AA8, 0x62A7, 0x62A7, 0x62A7, 0x62A7, 0x62A7, 0x62A7,
  0x6287, 0x6287, 0x62A8, 0x5AA7, 0x5A85, 0x62A7, 0x6269, 0x6288, 0x62A6, 0x62A7, 0x6287, 0x5A87,
  0x5A66, 0x5A67, 0x5A67, 0x5A67, 0x5A66, 0x5A66, 0x5A46, 0x5A66, 0x5A66, 0x5A66, 0x5A66, 0x5A46,
  0x5226, 0x5246, 0x5A87, 0x5A66, 0x6266, 0x6266, 0x5A46, 0x5A46, 0x5A66, 0x6266, 0x6266, 0x6266,
  0x5A87, 0x5A87, 0x6287, 0x6267, 0x6267, 0x6267, 0x6267, 0x62A7, 0x62A7, 0x62A7, 0x5A66, 0x5A66,
  0x5225, 0x5205, 0x4A26, 0x4A26, 0x4A26, 0x4A26, 0x4A26, 0x4A26, 0x5226, 0x5226, 0x5226, 0x41C5,
  0x5207, 0x5226, 0x5226, 0x4A26, 0x4A26, 0x4A26, 0x5226, 0x4A25, 0x5246, 0x5A66, 0x5A66, 0x5A66,
  0x6287, 0x62A7, 0x62A7, 0x62A7, 0x62A7, 0x62A7, 0x62A7, 0x62A7, 0x62A7, 0x62A7, 0x62A7, 0x62A7,
  0x6287, 0x5A67, 0x5A87, 0x5246, 0x5A46, 0x5A67, 0x6287, 0x6287, 0x62A7, 0x62A7, 0x62A7, 0x62A7,
  0x62A7, 0x62A7, 0x62A7, 0x6287, 0x5A46, 0x5A46, 0x5225, 0x5A46, 0x5A66, 0x5A66, 0x5A66, 0x5A46,
  0x5A46, 0x5A46, 0x5A46, 0x5A46, 0x5A67, 0x5A47, 0x5206, 0x5226, 0x5226, 0x5226, 0x5226, 0x5226,
  0x5226, 0x5226, 0x5226, 0x5226, 0x5206, 0x5206, 0x5206, 0x4A27, 0x4310, 0x4332, 0x3B32, 0x4331,
  0x4352, 0x4352, 0x4351, 0x4351, 0x4351, 0x4351, 0x4351, 0x4351, 0x4331, 0x4B31, 0x4311, 0x32CF,
  0x32AF, 0x32AF, 0x32AF, 0x4331, 0x4331, 0x4330, 0x4B31, 0x42CF, 0x326D, 0x326E, 0x326D, 0x328E,
  0x3ACF, 0x4351, 0x4351, 0x4331, 0x4331, 0x4351, 0x4331, 0x3AD0, 0x2A8E, 0x3310, 0x4352, 0x4311,
  0x32AF, 0x32AC, 0x42CB, 0x4AAB, 0x52AB, 0x52AB, 0x4AAA, 0x528A, 0x52AB, 0x4A8C, 0x3A8E, 0x3ACE,
  0x52CC, 0x52AA, 0x4269, 0x322B, 0x42AF, 0x4B31, 0x4B30, 0x4B2F, 0x4ACD, 0x4AAC, 0x428A, 0x3A49,
  0x3229, 0x2A0A, 0x3A8D, 0x530D, 0x52CA, 0x62A9, 0x6287, 0x6287, 0x5A88, 0x5A88, 0x5A87, 0x5A87,
  0x5A88, 0x62A8, 0x62A8, 0x5AA8, 0x5A87, 0x5A26, 0x5A26, 0x5A47, 0x62A8, 0x62A8, 0x6288, 0x6287,
  0x6287, 0x62A7, 0x62A7, 0x6287, 0x6287, 0x6287, 0x6288, 0x6287, 0x5A45, 0x6286, 0x62A7, 0x5A86,
  0x5A85, 0x5A86, 0x5A67, 0x5A47, 0x5A66, 0x5A65, 0x5A66, 0x5A87, 0x5A67, 0x5A67, 0x5A67, 0x5A66,
  0x5A66, 0x5A46, 0x6266, 0x5246, 0x5225, 0x5A67, 0x5A67, 0x5A66, 0x5A66, 0x5A66, 0x6267, 0x5A66,
  0x5A66, 0x5A66, 0x6287, 0x6287, 0x62A7, 0x62A8, 0x62A8, 0x62A8, 0x62A7, 0x6287, 0x62A7, 0x62A7,
  0x6287, 0x6287, 0x5A47, 0x5226, 0x5225, 0x5225, 0x5206, 0x5226, 0x4A26, 0x4A26, 0x4A26, 0x41E5,
  0x41E6, 0x41C6, 0x41C6, 0x39A6, 0x41C6, 0x49E6, 0x5227, 0x4A26, 0x4A26, 0x4A26, 0x4A05, 0x4A05,
  0x5226, 0x5A46, 0x5A66, 0x5A66, 0x5A66, 0x62A7, 0x62A7, 0x62A7, 0x62A7, 0x62A7, 0x62A7, 0x62A7,
  0x62A7, 0x62A7, 0x62A7, 0x62A7, 0x6288, 0x5A67, 0x5A67, 0x5A46, 0x5A46, 0x5A67, 0x6287, 0x62A7,
  0x62A7, 0x62A7, 0x62A7, 0x62A7, 0x62A7, 0x62A7, 0x6287, 0x6287, 0x5A66, 0x5A66, 0x5225, 0x5A66,
  0x5A66, 0x5A66, 0x5A66, 0x5A66, 0x5A66, 0x5A66, 0x5A66, 0x5A66, 0x5A66, 0x5A66, 0x5226, 0x5225,
  0x4A05, 0x5226, 0x5206, 0x5206, 0x5206, 0x5226, 0x5226, 0x5226, 0x5206, 0x5225, 0x4A06, 0x4A27,
  0x4310, 0x3B32, 0x3B32, 0x4311, 0x4331, 0x4352, 0x4352, 0x4352, 0x4352, 0x4352, 0x4352, 0x4352,
  0x4331, 0x4B11, 0x4310, 0x32AF, 0x32AF, 0x32AE, 0x328E, 0x2A4D, 0x2A4D, 0x2A4C, 0x2A4C, 0x2A2C,
  0x2A0B, 0x2A0B, 0x2A0B, 0x2A2C, 0x2A0C, 0x3ACF, 0x4331, 0x4331, 0x3B31, 0x3B31, 0x4331, 0x328F,
  0x32CF, 0x3B51, 0x3B31, 0x32B0, 0x3290, 0x3ACE, 0x42CB, 0x5AA9, 0x6289, 0x62A8, 0x5AA8, 0x6288,
  0x6288, 0x5A6A, 0x428C, 0x42AC, 0x5A68, 0x5A66, 0x5A88, 0x4A6A, 0x426D, 0x4ACF, 0x4AAC, 0x4ACA,
  0x526A, 0x5269, 0x5289, 0x4AA9, 0x3A48, 0x3209, 0x3A4B, 0x52EB, 0x5AA9, 0x62A8, 0x62A7, 0x6AA7,
  0x62A7, 0x6288, 0x6287, 0x62A7, 0x6287, 0x5A66, 0x5A46, 0x5A46, 0x5A66, 0x5A66, 0x5A66, 0x5225,
  0x62A7, 0x62A7, 0x62A7, 0x6287, 0x6287, 0x6287, 0x6287, 0x5A66, 0x5A66, 0x5A66, 0x5A66, 0x5A66,
  0x5226, 0x5A86, 0x5A66, 0x5265, 0x5266, 0x5A67, 0x6267, 0x5A45, 0x5A45, 0x5A86, 0x5A66, 0x5A67,
  0x5A67, 0x5A67, 0x5A67, 0x5A67, 0x5A67, 0x5A46, 0x6266, 0x5226, 0x5A46, 0x5A66, 0x5A66, 0x5A66,
  0x5A66, 0x5A66, 0x5A66, 0x5A66, 0x5A66, 0x5A66, 0x6287, 0x62A7, 0x62A7, 0x62A7, 0x62A7, 0x62A7,
  0x62A7, 0x62A7, 0x62A7, 0x6287, 0x6287, 0x5A47, 0x5206, 0x5206, 0x5226, 0x4A05, 0x4A06, 0x5227,
  0x41E6, 0x39C5, 0x39C6, 0x31A5, 0x39C6, 0x39A6, 0x39C6, 0x39C6, 0x39C6, 0x39A6, 0x39A6, 0x49E6,
  0x4A26, 0x4A25, 0x4A05, 0x4A06, 0x5226, 0x5246, 0x5A66, 0x5A66, 0x5A46, 0x6286, 0x6287, 0x6287,
  0x6287, 0x62A7, 0x62A7, 0x62A7, 0x62A7, 0x62A7, 0x62A7, 0x62A7, 0x6288, 0x5A67, 0x5A67, 0x5A47,
  0x5A47, 0x5A47, 0x6287, 0x62A7, 0x62A7, 0x62A7, 0x62A7, 0x62A7, 0x62A7, 0x62A7, 0x62A7, 0x6287,
  0x5A66, 0x5A66, 0x5225, 0x5A46, 0x5A66, 0x5A66, 0x5A66, 0x5A66, 0x5A66, 0x5A66, 0x5A66, 0x5A67,
  0x5A66, 0x5A66, 0x5A66, 0x4A05, 0x4A05, 0x5226, 0x5206, 0x5206, 0x5226, 0x5226, 0x5226, 0x5226,
  0x5205, 0x5225, 0x4A26, 0x39E6, 0x4310, 0x4352, 0x3B31, 0x4331, 0x4331, 0x4331, 0x4332, 0x4332,
  0x4332, 0x4332, 0x4332, 0x4332, 0x4332, 0x4311, 0x32AF, 0x32AF, 0x328E, 0x2A2C, 0x2A0B, 0x2A2B,
  0x2A2C, 0x2A2B, 0x2A2B, 0x2A2B, 0x2A2B, 0x2A0B, 0x2A2B, 0x2A2B, 0x2A2B, 0x2A2C, 0x3AAF, 0x4B52,
  0x4332, 0x3B31, 0x32AF, 0x328F, 0x32F0, 0x3310, 0x32AF, 0x32AF, 0x2ACF, 0x32B0, 0x3AAE, 0x52AB,
  0x5AC8, 0x5AA8, 0x5AA9, 0x62A8, 0x6287, 0x5A88, 0x528A, 0x4A8A, 0x5288, 0x5A66, 0x6267, 0x5A89,
  0x528A, 0x52CB, 0x4A69, 0x5288, 0x5269, 0x5A89, 0x5288, 0x5288, 0x5289, 0x4249, 0x3A29, 0x4207,
  0x5268, 0x62A8, 0x6287, 0x6287, 0x6287, 0x5A87, 0x6287, 0x5A66, 0x5A66, 0x5A66, 0x5A66, 0x5A66,
  0x5A66, 0x5A66, 0x5A66, 0x5A46, 0x5A46, 0x5A67, 0x5A66, 0x5A66, 0x5A66, 0x5A66, 0x5A66, 0x5A66,
  0x5A66, 0x5A66, 0x5A87, 0x5266, 0x5246, 0x5A67, 0x5A47, 0x5A47, 0x6247, 0x5A06, 0x6A84, 0x7B04,
  0x72C4, 0x5A25, 0x5A67, 0x5225, 0x5226, 0x5A47, 0x5A67, 0x5A67, 0x5A66, 0x5A46, 0x5A26, 0x5205,
  0x5A46, 0x5A87, 0x5A66, 0x5A66, 0x5A66, 0x5A66, 0x5A66, 0x5A66, 0x5A46, 0x6287, 0x6287, 0x62A7,
  0x62A7, 0x62A7, 0x62A7, 0x62A7, 0x62A7, 0x62A7, 0x62A7, 0x6287, 0x5A67, 0x5246, 0x5226, 0x5206,
  0x4A06, 0x4A26, 0x4206, 0x39C6, 0x39C6, 0x39A6, 0x39A6, 0x39A6, 0x39A6, 0x39C7, 0x39C7, 0x31A6,
  0x31A6, 0x39C6, 0x39A6, 0x39A5, 0x41E6, 0x4A26, 0x4A06, 0x4A26, 0x5226, 0x5226, 0x5246, 0x5A66,
  0x5A66, 0x5A66, 0x6287, 0x6287, 0x62A7, 0x62A7, 0x62A7, 0x62A7, 0x62A7, 0x62A7, 0x62A7, 0x62A7,
  0x6288, 0x5A67, 0x5A67, 0x5A47, 0x5A47, 0x5A67, 0x6288, 0x62A7, 0x62A7, 0x62A7, 0x62A7, 0x62A7,
  0x62A7, 0x62A7, 0x62A7, 0x6287, 0x5A66, 0x5A66, 0x5225, 0x5246, 0x5A66, 0x5A66, 0x5A66, 0x5A66,
  0x5A66, 0x5A66, 0x5A66, 0x5A67, 0x5A66, 0x5A66, 0x5A66, 0x5225, 0x5226, 0x4A06, 0x5226, 0x5226,
  0x5226, 0x5226, 0x5226, 0x5225, 0x4A25, 0x4A05, 0x4A26, 0x41C5, 0x4310, 0x4332, 0x4351, 0x3AEF,
  0x4B30, 0x4331, 0x4332, 0x4332, 0x4332, 0x4332, 0x4332, 0x4332, 0x4332, 0x3AF1, 0x32AF, 0x328E,
  0x2A2C, 0x2A2B, 0x322B, 0x2A0B, 0x320B, 0x2A2B, 0x2A2B, 0x2A2B, 0x2A2A, 0x2A4B, 0x2A2A, 0x2A2A,
  0x2A2B, 0x2A2C, 0x2A2C, 0x3AAF, 0x4B31, 0x32CF, 0x328F, 0x3AAF, 0x3AF0, 0x32F0, 0x328E, 0x3AAD,
  0x32CD, 0x32AF, 0x3A6E, 0x52AA, 0x62A6, 0x6286, 0x5A88, 0x5AA7, 0x6286, 0x6265, 0x5A67, 0x5288,
  0x5267, 0x5A66, 0x5A66, 0x5A67, 0x5A88, 0x5288, 0x5288, 0x5288, 0x5A68, 0x5A88, 0x5A87, 0x5A87,
  0x5A88, 0x5AC9, 0x5289, 0x4A47, 0x5226, 0x5A66, 0x6287, 0x6287, 0x6287, 0x5A87, 0x5A66, 0x5A66,
  0x5A66, 0x5A66, 0x5A66, 0x5A66, 0x5A66, 0x5A46, 0x5A66, 0x5A46, 0x5A46, 0x5A67, 0x5A46, 0x5A66,
  0x5A66, 0x5A66, 0x5A66, 0x5A66, 0x5A66, 0x5A66, 0x5267, 0x4A26, 0x5246, 0x5A66, 0x6267, 0x6266,
  0x6A44, 0x8B07, 0xA3E9, 0xB489, 0xB468, 0x72A4, 0x51C4, 0x5227, 0x5206, 0x5226, 0x5A67, 0x5A47,
  0x5A67, 0x5A66, 0x5A46, 0x5A67, 0x6287, 0x62A7, 0x6287, 0x6287, 0x5A67, 0x5A66, 0x5A66, 0x5226,
  0x5A66, 0x62A7, 0x62A7, 0x6287, 0x62A7, 0x62A7, 0x62A7, 0x62A7, 0x62A7, 0x62A7, 0x62A7, 0x5A67,
  0x5A67, 0x5226, 0x4A06, 0x4A06, 0x4A27, 0x4A06, 0x39C6, 0x39A6, 0x39A6, 0x39A7, 0x39A7, 0x39A7,
  0x39A7, 0x39A7, 0x31A6, 0x2944, 0x31A6, 0x39C6, 0x41C6, 0x39A6, 0x39A6, 0x4A07, 0x4A27, 0x4A27,
  0x5227, 0x5226, 0x4A05, 0x5226, 0x5A67, 0x5A67, 0x6287, 0x6287, 0x6287, 0x62A7, 0x62A7, 0x62A7,
  0x62A7, 0x62A7, 0x62A7, 0x6287, 0x5A47, 0x5246, 0x5246, 0x5A67, 0x5A67, 0x5A67, 0x62A8, 0x62A7,
  0x6287, 0x62A7, 0x62A7, 0x62A7, 0x62A7, 0x62A7, 0x62A7, 0x6287, 0x5A66, 0x5A46, 0x5225, 0x5225,
  0x5A66, 0x5A66, 0x5A66, 0x5A66, 0x5A66, 0x5A66, 0x5A66, 0x5A66, 0x5A66, 0x5A66, 0x5A66, 0x5246,
  0x49E6, 0x4A26, 0x4A26, 0x5226, 0x5226, 0x5226, 0x5225, 0x5225, 0x4A25, 0x4A26, 0x4A26, 0x5226,
  0x4310, 0x4352, 0x3AF0, 0x2A2C, 0x324D, 0x4331, 0x4352, 0x4332, 0x4332, 0x4332, 0x4332, 0x4332,
  0x3AF1, 0x32B0, 0x328E, 0x2A2C, 0x2A2B, 0x2A2B, 0x2A2B, 0x2A0B, 0x2A0B, 0x2A0B, 0x2A2B, 0x2A2B,
  0x2A2A, 0x2A2A, 0x21E9, 0x29E9, 0x21C9, 0x21A9, 0x29EB, 0x326D, 0x42CF, 0x2A2D, 0x2A4D, 0x2A4D,
  0x328F, 0x42F1, 0x3A8D, 0x42AA, 0x42AA, 0x428C, 0x4A6C, 0x5A68, 0x6264, 0x6264, 0x5A66, 0x5A67,
  0x5A66, 0x6265, 0x5A65, 0x5A66, 0x5A67, 0x5A67, 0x5A67, 0x5267, 0x5AA8, 0x52A7, 0x5AA8, 0x5AA9,
  0x5AA8, 0x62A7, 0x62A7, 0x62A7, 0x62A8, 0x62A8, 0x6288, 0x5A88, 0x5A67, 0x5A46, 0x5A66, 0x62A7,
  0x5A67, 0x5A67, 0x5A66, 0x5A66, 0x5A66, 0x5A66, 0x5A66, 0x5A66, 0x5A66, 0x5A66, 0x5A66, 0x5A46,
  0x5A46, 0x6287, 0x5A66, 0x5A66, 0x5A66, 0x5A66, 0x5A66, 0x5A66, 0x5A66, 0x5A66, 0x5227, 0x4A26,
  0x5286, 0x5A86, 0x5A66, 0x6A64, 0x9BC6, 0xC4AA, 0xBC8B, 0xBC8B, 0xBC67, 0xAC26, 0x72C6, 0x49E7,
  0x4A06, 0x5226, 0x5A67, 0x6287, 0x6287, 0x62A7, 0x6287, 0x5A67, 0x5A67, 0x5A67, 0x5A67, 0x5A67,
  0x5A66, 0x5A66, 0x5A46, 0x5205, 0x5A66, 0x62A7, 0x62A7, 0x62A7, 0x62A7, 0x62A7, 0x62A7, 0x62A7,
  0x6287, 0x62A8, 0x62A7, 0x5A66, 0x5A46, 0x5226, 0x4A06, 0x4A06, 0x4A07, 0x39A6, 0x39C6, 0x31A6,
  0x39C7, 0x39C7, 0x39A7, 0x39A7, 0x39A7, 0x39C7, 0x31A6, 0x2945, 0x31C6, 0x39C6, 0x39A6, 0x39A6,
  0x39A6, 0x39C6, 0x41C6, 0x41C6, 0x41E6, 0x41C5, 0x4A06, 0x4A06, 0x5226, 0x5226, 0x5225, 0x5225,
  0x5A66, 0x6287, 0x5A67, 0x5A67, 0x5A46, 0x5225, 0x5A46, 0x5226, 0x5206, 0x5206, 0x5226, 0x5226,
  0x5226, 0x5226, 0x5226, 0x62A7, 0x62A7, 0x6287, 0x62A7, 0x62A7, 0x62A7, 0x62A7, 0x62A7, 0x5A87,
  0x5A46, 0x5205, 0x4A05, 0x5225, 0x5A66, 0x5A66, 0x5A66, 0x5A66, 0x5A66, 0x5A66, 0x5A66, 0x5A66,
  0x5A66, 0x5A66, 0x5A66, 0x5226, 0x41A5, 0x49E6, 0x4A26, 0x4A26, 0x4A26, 0x4A26, 0x4A25, 0x4A25,
  0x4A26, 0x4A26, 0x4A06, 0x6267, 0x4310, 0x4372, 0x3ACF, 0x2A0B, 0x2A2B, 0x326D, 0x4331, 0x4331,
  0x4331, 0x4331, 0x4331, 0x4331, 0x32D0, 0x328F, 0x2A4C, 0x2A0B, 0x2A2A, 0x2A2B, 0x2A2B, 0x2A2B,
  0x2A2B, 0x2A2B, 0x2A2B, 0x2A2B, 0x320B, 0x21C9, 0x21A9, 0x29C9, 0x21A9, 0x21A9, 0x21A9, 0x29CA,
  0x322B, 0x2A0C, 0x322B, 0x2A0B, 0x3A8F, 0x42D0, 0x42AC, 0x52A8, 0x5288, 0x5289, 0x5268, 0x5A67,
  0x6266, 0x6246, 0x5A66, 0x5A67, 0x5A66, 0x5A66, 0x5A66, 0x5A66, 0x5A66, 0x5A67, 0x5A67, 0x5A67,
  0x5A88, 0x5A87, 0x5AA8, 0x5AA8, 0x5AA7, 0x5AA7, 0x62A7, 0x62A7, 0x62A7, 0x62A7, 0x6287, 0x6287,
  0x5A66, 0x5A46, 0x5A67, 0x6287, 0x5A67, 0x5A67, 0x5A66, 0x5A66, 0x5A66, 0x5A66, 0x5A66, 0x5A66,
  0x5A66, 0x5A66, 0x5A66, 0x5A46, 0x5A46, 0x5A66, 0x5A46, 0x5A66, 0x5A66, 0x5A66, 0x5A66, 0x5A66,
  0x5A66, 0x5A66, 0x5227, 0x5226, 0x5A85, 0x5A86, 0x5A46, 0x6A85, 0xA407, 0xB447, 0xBC6A, 0xBC8B,
  0xABA5, 0xABC4, 0x8327, 0x49E6, 0x5226, 0x5A46, 0x5A67, 0x6287, 0x6287, 0x6266, 0x5A46, 0x5A46,
  0x5A46, 0x5A46, 0x5A66, 0x5A66, 0x5A66, 0x5A66, 0x5A46, 0x5225, 0x5A67, 0x62A7, 0x62A7, 0x62A7,
  0x62A7, 0x62A7, 0x62A7, 0x62A7, 0x6287, 0x62A7, 0x6287, 0x5A67, 0x5246, 0x5225, 0x4A26, 0x4A27,
  0x41C6, 0x39A6, 0x39A6, 0x39C6, 0x39A6, 0x2945, 0x2124, 0x2125, 0x2124, 0x2125, 0x2145, 0x2124,
  0x2124, 0x2944, 0x2924, 0x39A6, 0x39C7, 0x39C6, 0x39A6, 0x41C5, 0x41E6, 0x4A06, 0x4A06, 0x4A26,
  0x4A26, 0x5246, 0x5A66, 0x62A7, 0x5A66, 0x5225, 0x5A66, 0x5A46, 0x5A46, 0x5A46, 0x5A67, 0x5A87,
  0x5A87, 0x5A87, 0x5A87, 0x5A87, 0x5246, 0x4A05, 0x4A05, 0x5225, 0x5225, 0x5A66, 0x6287, 0x6287,
  0x6287, 0x5A66, 0x5A66, 0x5A46, 0x5225, 0x5225, 0x5205, 0x5225, 0x5A66, 0x5A66, 0x5A46, 0x5A66,
  0x5A66, 0x5A66, 0x5A66, 0x5A66, 0x5A66, 0x5A66, 0x5A66, 0x5226, 0x41A5, 0x3985, 0x39A5, 0x41C5,
  0x41E6, 0x4A06, 0x4A26, 0x4A26, 0x4A26, 0x4A06, 0x5A47, 0x6287, 0x4310, 0x4352, 0x328E, 0x2A2B,
  0x2A2B, 0x2A4C, 0x4B51, 0x4330, 0x3B10, 0x32AE, 0x2A6E, 0x2A8E, 0x32CF, 0x3AAE, 0x2A2B, 0x322A,
  0x2A2A, 0x2A2B, 0x2A2C, 0x222C, 0x2A2C, 0x2A2B, 0x2A2B, 0x322B, 0x29AA, 0x2189, 0x29CA, 0x29CA,
  0x21A9, 0x21A9, 0x29C9, 0x2188, 0x2168, 0x29AA, 0x29EA, 0x3A4C, 0x42AF, 0x324D, 0x4A8B, 0x5A87,
  0x5A88, 0x5287, 0x52A6, 0x5A87, 0x6248, 0x5A48, 0x5A47, 0x5A67, 0x5267, 0x5287, 0x5A86, 0x5A66,
  0x5A66, 0x5A66, 0x5A66, 0x5A66, 0x6287, 0x6267, 0x6287, 0x62A7, 0x5AA7, 0x5AC7, 0x62A7, 0x62A7,
  0x62A7, 0x6287, 0x6A87, 0x6287, 0x6266, 0x5A66, 0x6287, 0x6287, 0x5A67, 0x5A66, 0x5A66, 0x5A66,
  0x5A66, 0x5A66, 0x5A66, 0x5A66, 0x5A66, 0x5A66, 0x5A66, 0x5A46, 0x5226, 0x5A66, 0x5A46, 0x5A66,
  0x5A66, 0x5A66, 0x5A66, 0x5A66, 0x5A66, 0x5A66, 0x6267, 0x5A65, 0x5A85, 0x5A67, 0x5A68, 0x6246,
  0x72A4, 0xABC6, 0xA3E6, 0xA3E6, 0xABA5, 0xAB66, 0x8326, 0x49E4, 0x5226, 0x5A47, 0x5A67, 0x5A67,
  0x5A46, 0x5A66, 0x5A66, 0x5A66, 0x5A66, 0x5A66, 0x5A67, 0x5A66, 0x5A66, 0x5A67, 0x5A46, 0x5226,
  0x6287, 0x6287, 0x62A7, 0x62A7, 0x62A7, 0x62A7, 0x62A7, 0x62A7, 0x62A7, 0x62A7, 0x5A87, 0x5A67,
  0x4A05, 0x4A25, 0x4A26, 0x41E6, 0x39A6, 0x39A7, 0x39A6, 0x39A6, 0x3145, 0x2124, 0x2124, 0x1924,
  0x1924, 0x2104, 0x1904, 0x2124, 0x1904, 0x2944, 0x39A6, 0x39A6, 0x39A7, 0x39A6, 0x39C6, 0x4206,
  0x4A26, 0x4A25, 0x4A26, 0x4A26, 0x4A26, 0x5A67, 0x5A66, 0x5A86, 0x62A7, 0x5A46, 0x5A66, 0x5A67,
  0x62A7, 0x6287, 0x62A7, 0x62A7, 0x5AA8, 0x62A8, 0x62C8, 0x62A8, 0x62A8, 0x5AA8, 0x5A67, 0x5A66,
  0x5A66, 0x5A66, 0x5A66, 0x5A66, 0x5A66, 0x5A66, 0x5A66, 0x5A66, 0x5A66, 0x5A46, 0x5A66, 0x5A66,
  0x5A46, 0x5A66, 0x5A66, 0x5A66, 0x5A66, 0x5A66, 0x5A66, 0x5A66, 0x5A66, 0x5A66, 0x5246, 0x5206,
  0x5228, 0x4A08, 0x41C6, 0x41C6, 0x41A5, 0x41C5, 0x41E5, 0x4A06, 0x4A06, 0x5206, 0x5A67, 0x62A8,
  0x4B31, 0x3AD0, 0x2A2C, 0x2A0A, 0x29EA, 0x2A0B, 0x42EF, 0x32AE, 0x2A2C, 0x220B, 0x21AA, 0x29EB,
  0x322C, 0x326D, 0x2A0B, 0x2A0B, 0x2A2B, 0x2A2C, 0x2A2C, 0x2A4C, 0x2A2B, 0x2A0B, 0x320B, 0x21A9,
  0x2189, 0x29AA, 0x21AA, 0x21CA, 0x21CA, 0x2189, 0x21A9, 0x29C9, 0x2188, 0x2187, 0x2167, 0x31EC,
  0x4AEF, 0x3A4A, 0x52AA, 0x5288, 0x5289, 0x5288, 0x5A66, 0x5A66, 0x5A66, 0x5267, 0x5267, 0x5A66,
  0x5A67, 0x5A67, 0x5A66, 0x5A66, 0x5A66, 0x5A66, 0x5A66, 0x5A66, 0x6287, 0x6287, 0x6287, 0x62A7,
  0x62A7, 0x62A7, 0x62A7, 0x62A7, 0x62A7, 0x62A7, 0x62A7, 0x6287, 0x5A66, 0x5A46, 0x6267, 0x6267,
  0x6266, 0x6266, 0x5A67, 0x5A67, 0x5A67, 0x5A67, 0x5A67, 0x5A66, 0x5A66, 0x5A66, 0x5A66, 0x5A46,
  0x5226, 0x5206, 0x5205, 0x5A66, 0x5A66, 0x5A66, 0x5A66, 0x5A66, 0x5A66, 0x5A66, 0x5A66, 0x5A66,
  0x5A66, 0x5A66, 0x5A47, 0x5A67, 0x5A46, 0x72A4, 0x9365, 0x9B64, 0xA384, 0x9B86, 0x6A85, 0x51E5,
  0x5226, 0x5A67, 0x5A67, 0x5A66, 0x5A46, 0x5A66, 0x5A66, 0x5A66, 0x5A66, 0x5A66, 0x5A87, 0x5A66,
  0x5246, 0x5A46, 0x5226, 0x5246, 0x5A67, 0x6288, 0x62A8, 0x62A8, 0x62A7, 0x6287, 0x6287, 0x62A7,
  0x62A7, 0x6287, 0x5A67, 0x5A46, 0x5205, 0x4A26, 0x4206, 0x39A5, 0x41C7, 0x39A7, 0x3166, 0x2946,
  0x2104, 0x2104, 0x2124, 0x1924, 0x1924, 0x1924, 0x1904, 0x2124, 0x2104, 0x2945, 0x41C7, 0x39A7,
  0x39A7, 0x39A6, 0x39A6, 0x41E6, 0x4A26, 0x4A25, 0x4A26, 0x4A06, 0x5226, 0x5A67, 0x5A67, 0x6287,
  0x62A7, 0x6287, 0x6287, 0x6287, 0x62A7, 0x62A7, 0x62A7, 0x6287, 0x62A7, 0x62A7, 0x62A7, 0x62A7,
  0x6287, 0x62A7, 0x62A7, 0x5A67, 0x5A66, 0x5A66, 0x5A66, 0x5A66, 0x5A66, 0x5A66, 0x5A66, 0x5A66,
  0x5A66, 0x5A66, 0x5A66, 0x5A66, 0x5A66, 0x5A66, 0x5A46, 0x5226, 0x5A46, 0x5A67, 0x5A67, 0x5226,
  0x5A46, 0x5A67, 0x5A67, 0x5A67, 0x5A67, 0x5A67, 0x5A67, 0x5247, 0x41E6, 0x3985, 0x39A6, 0x39A6,
  0x3985, 0x49E6, 0x62C8, 0x5A67, 0x4B10, 0x42D0, 0x21CA, 0x21E9, 0x21C9, 0x29EB, 0x2A2C, 0x2A2C,
  0x2A2C, 0x29EB, 0x21AA, 0x218A, 0x218A, 0x21EB, 0x2A0B, 0x2A2C, 0x2A0B, 0x2A0B, 0x2A2C, 0x2A2C,
  0x2A2B, 0x322B, 0x21A9, 0x2168, 0x29CA, 0x29CA, 0x21CA, 0x21CA, 0x21CA, 0x1989, 0x2188, 0x29C9,
  0x29C9, 0x2187, 0x1968, 0x21AB, 0x3A4D, 0x3A4A, 0x5289, 0x5288, 0x5288, 0x5A67, 0x5A66, 0x6265,
  0x5A66, 0x5A66, 0x5A67, 0x5A66, 0x5A66, 0x5A66, 0x5A66, 0x5A66, 0x5A66, 0x5A66, 0x5A66, 0x5A67,
  0x62A7, 0x62A7, 0x62A7, 0x62A7, 0x62A7, 0x62A7, 0x62A7, 0x62A7, 0x62A7, 0x62A7, 0x62A7, 0x6287,
  0x5A46, 0x5A46, 0x6266, 0x6267, 0x6266, 0x6246, 0x5A67, 0x5A67, 0x5A67, 0x5A67, 0x5A66, 0x5A66,
  0x5A66, 0x5A66, 0x5A66, 0x4A05, 0x4A06, 0x5206, 0x5A46, 0x5A67, 0x5A66, 0x5A66, 0x5A66, 0x5A66,
  0x5A66, 0x5A66, 0x5A66, 0x5A66, 0x6287, 0x6287, 0x6287, 0x5A87, 0x5A87, 0x7B06, 0xAC29, 0xBC27,
  0x9BA4, 0x8B86, 0x51E3, 0x5A06, 0x5206, 0x5A67, 0x5A46, 0x5A46, 0x5A66, 0x5A66, 0x5A66, 0x5A66,
  0x5A66, 0x5A66, 0x5A66, 0x5226, 0x4A05, 0x4A05, 0x5205, 0x5246, 0x5A67, 0x6287, 0x62A8, 0x6288,
  0x62A7, 0x62A7, 0x62A7, 0x62A7, 0x62A7, 0x6287, 0x5A66, 0x5205, 0x5225, 0x4205, 0x39A5, 0x39A6,
  0x39C7, 0x3166, 0x2104, 0x2124, 0x2124, 0x2124, 0x1924, 0x1924, 0x1924, 0x1924, 0x2124, 0x2124,
  0x2104, 0x2905, 0x3986, 0x39A7, 0x39A6, 0x39A7, 0x3986, 0x3985, 0x41E6, 0x4A26, 0x4A26, 0x4A26,
  0x5226, 0x5A67, 0x5A67, 0x6287, 0x62A7, 0x62A7, 0x62A7, 0x62A7, 0x62A7, 0x62A7, 0x62A7, 0x62A7,
  0x62A7, 0x62A7, 0x62A7, 0x62A7, 0x62A7, 0x62A7, 0x62A7, 0x6287, 0x5A66, 0x5A66, 0x5A66, 0x5A66,
  0x5A66, 0x5A66, 0x5A66, 0x5A66, 0x5A66, 0x5A66, 0x5A66, 0x5A66, 0x5A66, 0x5A66, 0x5A46, 0x5226,
  0x4A05, 0x5226, 0x5246, 0x5226, 0x5A47, 0x5A67, 0x5A47, 0x5A67, 0x5A66, 0x5A66, 0x5A66, 0x5A87,
  0x5247, 0x4A27, 0x41C6, 0x3986, 0x41A6, 0x5A68, 0x62A8, 0x5246, 0x3AAF, 0x3A6E, 0x19AA, 0x2A0A,
  0x322B, 0x2A0B, 0x2A2B, 0x220B, 0x21CA, 0x21CA, 0x21AA, 0x29CA, 0x29CA, 0x21CA, 0x21CA, 0x29EB,
  0x2A2B, 0x2A2B, 0x2A0B, 0x2A0B, 0x2A2B, 0x21CA, 0x2168, 0x2189, 0x29A9, 0x29CA, 0x21CA, 0x21CA,
  0x21C9, 0x2188, 0x1988, 0x21A8, 0x29C9, 0x21CA, 0x19A9, 0x19A9, 0x322B, 0x424B, 0x528A, 0x52A7,
  0x5A87, 0x5A66, 0x5A66, 0x6245, 0x6246, 0x5A67, 0x5A67, 0x5A66, 0x5A66, 0x5A66, 0x5A66, 0x5A66,
  0x5A66, 0x5A66, 0x5A66, 0x6287, 0x62A7, 0x62A7, 0x62A7, 0x62A7, 0x62A7, 0x62A7, 0x62A7, 0x62A7,
  0x62A7, 0x62A7, 0x62A7, 0x6287, 0x5226, 0x5A46, 0x5A67, 0x6267, 0x6247, 0x6246, 0x6246, 0x6246,
  0x5A66, 0x5A66, 0x5A66, 0x5A66, 0x5A66, 0x5A67, 0x5246, 0x41E5, 0x41E5, 0x5226, 0x5A66, 0x5A66,
  0x5A66, 0x5A66, 0x5A66, 0x5A66, 0x5A66, 0x6287, 0x6287, 0x6287, 0x62A7, 0x62A7, 0x6287, 0x62A7,
  0x5A66, 0x8B68, 0xBCAB, 0xBC69, 0x9385, 0x8387, 0x5204, 0x5206, 0x5A46, 0x5A67, 0x5A67, 0x5A66,
  0x5A66, 0x5A66, 0x5A66, 0x5A66, 0x5A66, 0x5A66, 0x5226, 0x4A05, 0x5226, 0x5246, 0x5206, 0x5226,
  0x5246, 0x5226, 0x5A46, 0x62A8, 0x62A7, 0x6287, 0x6287, 0x6287, 0x6287, 0x5A66, 0x5A46, 0x4A06,
  0x4A26, 0x39C5, 0x31C6, 0x31A6, 0x2966, 0x2104, 0x2124, 0x2124, 0x1923, 0x1923, 0x1924, 0x1924,
  0x1924, 0x1924, 0x2124, 0x2104, 0x2124, 0x2104, 0x2104, 0x3186, 0x39C7, 0x3186, 0x39A7, 0x39A6,
  0x41C5, 0x4A26, 0x4A26, 0x4A06, 0x5226, 0x5A67, 0x5A67, 0x6287, 0x62A7, 0x6287, 0x6287, 0x6287,
  0x62A7, 0x62A7, 0x62A7, 0x62A7, 0x62A7, 0x62A7, 0x62A7, 0x62A7, 0x62A7, 0x62A7, 0x62A7, 0x6287,
  0x5A66, 0x5A66, 0x5A66, 0x5A66, 0x5A66, 0x5A66, 0x5A66, 0x5A66, 0x5A66, 0x5A66, 0x5A66, 0x5A66,
  0x5A66, 0x5A66, 0x5A67, 0x5246, 0x5206, 0x5226, 0x4A06, 0x5226, 0x5A67, 0x5A67, 0x5A67, 0x5A67,
  0x5A66, 0x5A66, 0x5A66, 0x5A66, 0x5A67, 0x5A67, 0x5A48, 0x41C6, 0x41A5, 0x62C9, 0x5A67, 0x5226,
  0x3A6D, 0x326D, 0x2A0B, 0x322A, 0x320B, 0x29EB, 0x21CA, 0x21CA, 0x21CA, 0x21AA, 0x29AA, 0x29CA,
  0x21AA, 0x21CA, 0x21CA, 0x21AA, 0x21EA, 0x29EB, 0x2A0B, 0x2A0B, 0x322B, 0x2188, 0x2168, 0x29C9,
  0x21A9, 0x29CA, 0x21CA, 0x21CA, 0x21C9, 0x21A9, 0x2188, 0x2188, 0x21A8, 0x29CA, 0x21C9, 0x19A7,
  0x21A9, 0x422C, 0x4A8B, 0x4AA8, 0x5A66, 0x5A66, 0x6266, 0x6246, 0x6246, 0x5A47, 0x5A67, 0x5A66,
  0x5A66, 0x5A66, 0x5A66, 0x5A66, 0x5A66, 0x5A66, 0x5A66, 0x5A67, 0x62A7, 0x62A7, 0x62A7, 0x62A7,
  0x62A7, 0x62A7, 0x62A7, 0x62A7, 0x62A7, 0x62A7, 0x6287, 0x6287, 0x5226, 0x5A46, 0x5A67, 0x5A47,
  0x5A46, 0x5A46, 0x6266, 0x6246, 0x5A46, 0x5A67, 0x5A46, 0x5A67, 0x5A47, 0x5206, 0x4A06, 0x41E6,
  0x41E6, 0x5247, 0x5A46, 0x5A66, 0x5A66, 0x5A66, 0x5A66, 0x5A66, 0x5A67, 0x6287, 0x62A7, 0x62A7,
  0x62A7, 0x5AA7, 0x62A7, 0x6266, 0x72E8, 0xAC8D, 0xBC8B, 0xAC07, 0x8325, 0x5A23, 0x5225, 0x5247,
  0x5A67, 0x5205, 0x5A46, 0x5A67, 0x5A66, 0x6287, 0x6287, 0x62A7, 0x62A7, 0x62A7, 0x62A7, 0x5AA7,
  0x5AA8, 0x5A87, 0x5A67, 0x5A67, 0x5A67, 0x5A67, 0x5A67, 0x5A67, 0x5A46, 0x5A66, 0x5A67, 0x5A67,
  0x5A66, 0x5A46, 0x5225, 0x41C5, 0x41E6, 0x3185, 0x2124, 0x2125, 0x2104, 0x2124, 0x2124, 0x1904,
  0x1924, 0x1925, 0x1924, 0x1925, 0x1925, 0x1924, 0x2124, 0x2104, 0x2104, 0x2124, 0x2104, 0x2124,
  0x3186, 0x39A7, 0x39C7, 0x39A6, 0x39A5, 0x41C5, 0x4A26, 0x4A26, 0x5226, 0x5A67, 0x5A66, 0x6287,
  0x62A7, 0x62A7, 0x62A7, 0x62A7, 0x62A7, 0x62A7, 0x62A7, 0x62A7, 0x62A7, 0x62A7, 0x62A7, 0x62A7,
  0x62A7, 0x62A7, 0x6287, 0x5A66, 0x5225, 0x5A46, 0x5A66, 0x5A66, 0x5A66, 0x5A66, 0x5A66, 0x5A66,
  0x5A66, 0x5A66, 0x5A66, 0x5A66, 0x5A66, 0x5A66, 0x5A67, 0x5A46, 0x4A05, 0x5226, 0x4A06, 0x5226,
  0x5A47, 0x5A67, 0x5A67, 0x5A67, 0x5A66, 0x6266, 0x6266, 0x6246, 0x5A66, 0x5A67, 0x5A67, 0x49E5,
  0x5A67, 0x5A87, 0x5206, 0x5206, 0x2A0B, 0x2A2C, 0x2A0B, 0x29EA, 0x29CA, 0x21AA, 0x21CA, 0x21CA,
  0x21CA, 0x29CA, 0x29CA, 0x29CA, 0x21CA, 0x21CA, 0x21CA, 0x21CA, 0x21A9, 0x21CA, 0x21CA, 0x29EA,
  0x29A9, 0x2168, 0x2168, 0x29C9, 0x21A9, 0x21CA, 0x29CA, 0x29C9, 0x29C9, 0x29C9, 0x21A8, 0x2188,
  0x29A8, 0x31A9, 0x21A8, 0x1987, 0x31E9, 0x4A6B, 0x4A8B, 0x4ACA, 0x5A87, 0x5A66, 0x5A46, 0x5A46,
  0x5A46, 0x5A47, 0x6267, 0x5A66, 0x5A66, 0x5A66, 0x5A66, 0x5A66, 0x5A66, 0x5A66, 0x5A66, 0x6287,
  0x62A7, 0x6287, 0x62A7, 0x62A7, 0x6287, 0x62A7, 0x62A7, 0x62A7, 0x62A7, 0x6287, 0x62A7, 0x5246,
  0x4A05, 0x5246, 0x5A67, 0x5A67, 0x5A67, 0x5A47, 0x5A46, 0x5A46, 0x5A67, 0x5A47, 0x5206, 0x4A06,
  0x41C5, 0x3985, 0x39A6, 0x41C6, 0x41E6, 0x5A47, 0x5A46, 0x5A66, 0x5A66, 0x5A66, 0x5A66, 0x5A66,
  0x6287, 0x62A7, 0x6287, 0x62A7, 0x62A8, 0x5AA8, 0x62A7, 0x6286, 0x72C6, 0xB4AD, 0xB48A, 0x9B85,
  0x9387, 0x5224, 0x4A05, 0x5A87, 0x5A67, 0x5205, 0x5226, 0x6287, 0x6287, 0x6287, 0x62A7, 0x62A7,
  0x62A7, 0x62A7, 0x62A7, 0x62A8, 0x62A8, 0x62A8, 0x62A8, 0x62A8, 0x62A8, 0x62A8, 0x6287, 0x5A67,
  0x5A67, 0x6287, 0x62A7, 0x62A7, 0x62A7, 0x62A7, 0x5A66, 0x5226, 0x41E6, 0x31A6, 0x2966, 0x1904,
  0x1904, 0x2124, 0x2104, 0x2125, 0x2125, 0x2125, 0x2125, 0x1905, 0x1905, 0x2124, 0x2124, 0x2124,
  0x2104, 0x2104, 0x2124, 0x2104, 0x2124, 0x3186, 0x39A7, 0x39A6, 0x39A6, 0x41C6, 0x4A26, 0x4A26,
  0x4A26, 0x5A67, 0x5A67, 0x6287, 0x62A7, 0x62A7, 0x6287, 0x6287, 0x62A7, 0x62A7, 0x62A7, 0x62A7,
  0x62A7, 0x62A7, 0x62A7, 0x62A7, 0x62A7, 0x62A7, 0x62A7, 0x6287, 0x5225, 0x5A66, 0x5A66, 0x5A66,
  0x5A66, 0x5A66, 0x5A66, 0x5A66, 0x5A66, 0x5A66, 0x5A66, 0x5A66, 0x5A66, 0x5A66, 0x5A67, 0x5A46,
  0x4A05, 0x4A26, 0x4A06, 0x5226, 0x5A47, 0x5A67, 0x5A67, 0x5A67, 0x5A66, 0x6246, 0x6246, 0x6266,
  0x5A66, 0x5A46, 0x5A46, 0x6287, 0x62A8, 0x5267, 0x4A06, 0x5206, 0x322B, 0x29EB, 0x29CA, 0x21C9,
  0x29C9, 0x29AA, 0x29AA, 0x29AA, 0x29CA, 0x29CA, 0x29CA, 0x21CA, 0x21CA, 0x21CA, 0x21CA, 0x21CA,
  0x21CA, 0x29CA, 0x21CA, 0x29CA, 0x2189, 0x2168, 0x2188, 0x29A8, 0x29C9, 0x21C9, 0x29C9, 0x29C9,
  0x21C9, 0x21A8, 0x2188, 0x2168, 0x2188, 0x2988, 0x1989, 0x21EB, 0x424A, 0x5227, 0x4A27, 0x4228,
  0x5268, 0x5A88, 0x5A88, 0x6288, 0x5A67, 0x5A46, 0x5A66, 0x5A66, 0x5A66, 0x5A66, 0x5A66, 0x5A66,
  0x5A66, 0x5A66, 0x5A66, 0x5A46, 0x6287, 0x62A7, 0x62A7, 0x62A7, 0x62A7, 0x62A7, 0x62A7, 0x6287,
  0x6287, 0x62A7, 0x5A46, 0x4A05, 0x4A06, 0x4A05, 0x5246, 0x5A46, 0x5A46, 0x5226, 0x5205, 0x5246,
  0x5A67, 0x49E6, 0x41E6, 0x39A5, 0x39A6, 0x39A6, 0x39A6, 0x39A6, 0x41E6, 0x5A47, 0x6266, 0x5A66,
  0x5A66, 0x5A66, 0x5A66, 0x5A66, 0x6287, 0x62A7, 0x6287, 0x62A7, 0x62A8, 0x5AA8, 0x62A7, 0x6A86,
  0x9BCA, 0xBCAC, 0xABC7, 0x9324, 0x9BC9, 0x5205, 0x5226, 0x62A7, 0x5A47, 0x5206, 0x5A46, 0x6287,
  0x6287, 0x62A7, 0x62A7, 0x62A7, 0x62A7, 0x62A7, 0x62A7, 0x62A8, 0x62A8, 0x62A8, 0x62A8, 0x62A8,
  0x62A8, 0x62A8, 0x6288, 0x5A87, 0x5A67, 0x6287, 0x62A7, 0x62A7, 0x62A7, 0x62A7, 0x5A67, 0x5226,
  0x4A06, 0x39C6, 0x2966, 0x2125, 0x1903, 0x2103, 0x2103, 0x20E3, 0x20E3, 0x18E3, 0x18E4, 0x2105,
  0x2105, 0x2124, 0x2124, 0x1924, 0x1924, 0x1924, 0x1924, 0x2124, 0x2103, 0x2945, 0x39C7, 0x39A7,
  0x39A6, 0x41C6, 0x4A26, 0x4A26, 0x4A26, 0x5226, 0x5A66, 0x5A67, 0x62A7, 0x62A8, 0x6287, 0x62A7,
  0x6287, 0x62A7, 0x62A7, 0x62A7, 0x62A7, 0x62A7, 0x62A7, 0x62A7, 0x62A7, 0x62A7, 0x62A7, 0x5A67,
  0x5225, 0x5A46, 0x5A66, 0x5A66, 0x5A66, 0x5A66, 0x5A66, 0x5A66, 0x5A66, 0x5A66, 0x5A66, 0x5A66,
  0x5A66, 0x5A66, 0x5A67, 0x5A46, 0x4A05, 0x4A26, 0x4A26, 0x5206, 0x5246, 0x5A67, 0x5A47, 0x5A67,
  0x5A66, 0x6246, 0x5A66, 0x5A66, 0x5A66, 0x5A46, 0x5A87, 0x6287, 0x5A66, 0x4A25, 0x5206, 0x5207,
  0x21CA, 0x21AA, 0x29CA, 0x29C9, 0x29CA, 0x29CA, 0x29AA, 0x29AA, 0x29CA, 0x29CA, 0x29CA, 0x21CA,
  0x21CA, 0x21CA, 0x21CA, 0x21CA, 0x21CA, 0x29CA, 0x21A9, 0x29CA, 0x2189, 0x2988, 0x29A8, 0x2188,
  0x2188, 0x19A9, 0x21A9, 0x21A8, 0x2188, 0x2188, 0x2188, 0x2167, 0x2188, 0x21C9, 0x220D, 0x2A4E,
  0x4A6A, 0x5A65, 0x6246, 0x49E7, 0x41C6, 0x49E6, 0x49E6, 0x5227, 0x5226, 0x5246, 0x5A66, 0x5A66,
  0x5A66, 0x5A67, 0x5A66, 0x5A66, 0x5A66, 0x5A66, 0x5A67, 0x5226, 0x5A66, 0x62A7, 0x62A7, 0x62A7,
  0x6287, 0x6287, 0x6287, 0x5A87, 0x5A46, 0x5226, 0x4A05, 0x5226, 0x5247, 0x5246, 0x5A47, 0x5226,
  0x5A47, 0x5226, 0x5226, 0x5247, 0x49E6, 0x39A5, 0x39A6, 0x39A6, 0x39A6, 0x39A7, 0x39C6, 0x39C6,
  0x4A06, 0x5A46, 0x6266, 0x5A66, 0x5A66, 0x5A66, 0x5A66, 0x5A66, 0x5A87, 0x62A7, 0x62A7, 0x62A7,
  0x62A7, 0x62A7, 0x6287, 0x72C6, 0xB48C, 0xBC6B, 0x9B65, 0x9B85, 0x72A4, 0x5205, 0x5A67, 0x62A7,
  0x5A46, 0x5205, 0x5A67, 0x6287, 0x62A7, 0x62A7, 0x62A7, 0x62A7, 0x62A7, 0x62A7, 0x62A7, 0x62A7,
  0x62A8, 0x62A8, 0x62A8, 0x62A8, 0x62A8, 0x62A8, 0x62A8, 0x6287, 0x5A87, 0x6287, 0x62A7, 0x62A7,
  0x6287, 0x6287, 0x5A46, 0x4A06, 0x41E6, 0x39C6, 0x2125, 0x18E3, 0x4207, 0x6B2B, 0x6B09, 0x6B09,
  0x6B2A, 0x6B2B, 0x632B, 0x2944, 0x2104, 0x2104, 0x2124, 0x1924, 0x1924, 0x1924, 0x1924, 0x2124,
  0x2124, 0x2965, 0x39C7, 0x39A7, 0x39C6, 0x41C7, 0x4A26, 0x4A26, 0x4A05, 0x4A25, 0x5225, 0x5246,
  0x5A67, 0x5A66, 0x5A46, 0x6287, 0x62A7, 0x62A7, 0x62A7, 0x62A7, 0x62A7, 0x62A7, 0x62A7, 0x62A7,
  0x62A7, 0x62A7, 0x62A7, 0x5A66, 0x5225, 0x5A46, 0x5A67, 0x5A66, 0x5A66, 0x5A66, 0x5A66, 0x5A66,
  0x5A66, 0x5A66, 0x5A66, 0x5A66, 0x5A66, 0x5A66, 0x5A66, 0x5A66, 0x4A05, 0x4A26, 0x4A06, 0x5206,
  0x5226, 0x5A67, 0x5A47, 0x5A47, 0x5A46, 0x5A46, 0x5A66, 0x5A66, 0x5A67, 0x5246, 0x5246, 0x62A8,
  0x4A25, 0x4A05, 0x5226, 0x5206, 0x21AA, 0x21AA, 0x29CA, 0x29CA, 0x29CA, 0x29CA, 0x29C9, 0x29C9,
  0x29C9, 0x29C9, 0x29C9, 0x29C9, 0x29C9, 0x21C9, 0x29CA, 0x29CA, 0x21C9, 0x21C9, 0x21C9, 0x2189,
  0x2168, 0x2168, 0x2188, 0x21A8, 0x21A9, 0x21C9, 0x21A9, 0x29A9, 0x29A9, 0x2168, 0x2168, 0x2988,
  0x2988, 0x21CB, 0x322C, 0x3A2A, 0x5289, 0x5266, 0x5A67, 0x5A68, 0x5227, 0x49E6, 0x5206, 0x5206,
  0x5226, 0x5226, 0x5226, 0x5225, 0x5226, 0x5267, 0x5267, 0x5A67, 0x5A66, 0x5A66, 0x5246, 0x5226,
  0x5206, 0x5A67, 0x5A47, 0x5A67, 0x5A46, 0x5245, 0x5225, 0x4A46, 0x5226, 0x5A46, 0x6247, 0x5A67,
  0x5A67, 0x5A67, 0x5A67, 0x5A66, 0x5A67, 0x5A66, 0x5245, 0x5246, 0x41C6, 0x39A6, 0x39A6, 0x41C6,
  0x41C5, 0x4A06, 0x4A06, 0x4A26, 0x5226, 0x5A46, 0x5A66, 0x5A66, 0x5A66, 0x5A66, 0x5A66, 0x5A67,
  0x5247, 0x5AC9, 0x5AE9, 0x5AA7, 0x6286, 0x5A86, 0x52A6, 0x6AA4, 0xB407, 0xB468, 0x9345, 0xA3C8,
  0x5A24, 0x4A05, 0x5A66, 0x6AA7, 0x5226, 0x5226, 0x6287, 0x62A7, 0x6287, 0x6287, 0x62A7, 0x62A7,
  0x62A7, 0x62A7, 0x62A7, 0x62A7, 0x62A7, 0x62A7, 0x62A7, 0x62A7, 0x62A7, 0x62A7, 0x62A7, 0x62A7,
  0x5A87, 0x5A87, 0x5A67, 0x5A67, 0x5A67, 0x5246, 0x4A26, 0x5247, 0x39E6, 0x3186, 0x2104, 0x39C6,
  0x738B, 0x8BEC, 0x940D, 0x8BEC, 0x7BCC, 0x7BAC, 0x7BAC, 0x83AC, 0x62EA, 0x2104, 0x1904, 0x1905,
  0x1925, 0x1925, 0x2124, 0x2104, 0x2124, 0x2104, 0x3166, 0x39C7, 0x39A6, 0x39C6, 0x4A06, 0x4A06,
  0x4A06, 0x4A26, 0x4A26, 0x4A26, 0x5267, 0x5A67, 0x5247, 0x5226, 0x5A66, 0x62A8, 0x6287, 0x62A7,
  0x62A7, 0x62A7, 0x62A7, 0x62A7, 0x62A7, 0x6287, 0x6287, 0x5246, 0x4A06, 0x41C5, 0x5A47, 0x5A67,
  0x5A66, 0x5A67, 0x5A67, 0x5A67, 0x5A47, 0x5A67, 0x5A67, 0x5A67, 0x5A67, 0x5A66, 0x5A66, 0x5246,
  0x4A05, 0x4A06, 0x41C5, 0x49E5, 0x5226, 0x5226, 0x5A67, 0x5A67, 0x5A67, 0x5A66, 0x5A66, 0x5A66,
  0x5A47, 0x5A27, 0x6288, 0x5247, 0x4A06, 0x4A26, 0x4A26, 0x4A26, 0x29CA, 0x29CA, 0x29CA, 0x29CA,
  0x29CA, 0x21CA, 0x21CA, 0x21CA, 0x21CA, 0x21CA, 0x21CA, 0x21CA, 0x21CA, 0x29C9, 0x21A9, 0x21A9,
  0x29C9, 0x21A9, 0x2189, 0x2188, 0x2187, 0x2188, 0x2188, 0x2188, 0x2188, 0x1967, 0x1968, 0x1988,
  0x1968, 0x1967, 0x1967, 0x2188, 0x1947, 0x29EA, 0x3A4B, 0x4249, 0x5267, 0x5A66, 0x5A66, 0x5A66,
  0x5A47, 0x5A47, 0x5A47, 0x5A67, 0x5A66, 0x5A66, 0x5A46, 0x5225, 0x4A25, 0x4A06, 0x4A26, 0x4A26,
  0x5225, 0x5226, 0x5226, 0x5226, 0x5226, 0x5206, 0x5206, 0x5206, 0x5205, 0x5225, 0x5266, 0x5266,
  0x5A46, 0x5A66, 0x6246, 0x5A66, 0x5A66, 0x5A66, 0x5A66, 0x5A66, 0x5A66, 0x5A66, 0x5245, 0x5226,
  0x41C6, 0x39A6, 0x4A07, 0x4A07, 0x4A06, 0x4A26, 0x4A26, 0x5226, 0x5246, 0x5A66, 0x5A66, 0x5A66,
  0x5A66, 0x5A66, 0x5A67, 0x5A67, 0x5225, 0x5A87, 0x5A88, 0x62A8, 0x6267, 0x5227, 0x4A27, 0x6265,
  0xB408, 0xB3E7, 0x9324, 0x9B46, 0x6224, 0x5205, 0x5A67, 0x6A87, 0x5226, 0x5226, 0x5A88, 0x62A8,
  0x62A7, 0x62A7, 0x62A7, 0x62A7, 0x62A7, 0x62A7, 0x62A7, 0x62A7, 0x62A7, 0x62A7, 0x62A7, 0x62A7,
  0x62A7, 0x62A7, 0x6287, 0x6286, 0x5A66, 0x5247, 0x5A47, 0x5226, 0x5206, 0x4A06, 0x4226, 0x41E6,
  0x39A5, 0x31A5, 0x39C6, 0x6B2A, 0x7B6A, 0xA48E, 0x9C8E, 0x734B, 0x62CB, 0x5AAA, 0x5ACA, 0x738B,
  0x840E, 0x62EB, 0x2145, 0x1924, 0x1924, 0x1924, 0x2124, 0x2104, 0x2124, 0x2104, 0x2925, 0x39A7,
  0x39A6, 0x39C6, 0x41A6, 0x41C6, 0x4A07, 0x49E7, 0x49E6, 0x41E6, 0x49E6, 0x5A67, 0x5267, 0x5226,
  0x5226, 0x6287, 0x6287, 0x6287, 0x6287, 0x6287, 0x6287, 0x5A66, 0x5A46, 0x5A46, 0x5246, 0x4A25,
  0x41A4, 0x41A4, 0x5227, 0x5A67, 0x5A67, 0x5A67, 0x5A67, 0x5A67, 0x5A67, 0x6267, 0x5A67, 0x5A47,
  0x5A47, 0x5A67, 0x5A67, 0x4A06, 0x4A06, 0x41C6, 0x39A6, 0x41C5, 0x41E6, 0x41E6, 0x4A06, 0x5227,
  0x5247, 0x5246, 0x5247, 0x5A67, 0x5226, 0x5A27, 0x6288, 0x4A26, 0x4A26, 0x4A26, 0x4A26, 0x4A26,
  0x29CA, 0x21CA, 0x29CA, 0x29CA, 0x29CA, 0x21CA, 0x21CA, 0x21CA, 0x21CA, 0x21CA, 0x21CA, 0x21CA,
  0x21CA, 0x21A9, 0x21A9, 0x2189, 0x2188, 0x2188, 0x1968, 0x2188, 0x2187, 0x1967, 0x1967, 0x1968,
  0x1968, 0x322B, 0x326C, 0x2A2B, 0x2A2B, 0x2A2B, 0x2A0B, 0x29EA, 0x21A9, 0x1968, 0x29A8, 0x4249,
  0x4A27, 0x5246, 0x5245, 0x5245, 0x5A46, 0x5A67, 0x5A46, 0x5A46, 0x5A66, 0x5A66, 0x5A46, 0x5A66,
  0x5A46, 0x4A06, 0x4A26, 0x5246, 0x5A66, 0x5A67, 0x5A67, 0x5A67, 0x5A67, 0x5A46, 0x5A46, 0x5205,
  0x49E5, 0x5226, 0x5A87, 0x5A66, 0x5A66, 0x5A46, 0x5A46, 0x5A66, 0x5A66, 0x5A66, 0x5A66, 0x5A66,
  0x5A66, 0x5A66, 0x5A66, 0x5226, 0x41E6, 0x41C6, 0x4A07, 0x4A06, 0x4A26, 0x4A26, 0x4A26, 0x4A05,
  0x5246, 0x5A67, 0x5A66, 0x6266, 0x6266, 0x5A67, 0x5A67, 0x5246, 0x6286, 0x93AA, 0x8B89, 0x7AE6,
  0x6265, 0x4A05, 0x4A25, 0x7B26, 0xB406, 0x9B24, 0xA3C7, 0x7264, 0x51C3, 0x5A46, 0x6AA8, 0x6267,
  0x49E7, 0x41C6, 0x5268, 0x5AA8, 0x62A8, 0x62A7, 0x62A7, 0x62A7, 0x62A7, 0x62A7, 0x62A7, 0x62A7,
  0x62A7, 0x62A7, 0x62A7, 0x62A7, 0x62A7, 0x62A7, 0x5A86, 0x5A66, 0x5246, 0x5226, 0x5226, 0x4A07,
  0x41E6, 0x39E6, 0x39C6, 0x3186, 0x41E7, 0x630A, 0x736A, 0x8BCB, 0xA46E, 0xA46E, 0x738A, 0x62C8,
  0x7B6D, 0x7B8E, 0x736C, 0x5B2A, 0x6B8B, 0x840F, 0x3A07, 0x18E3, 0x2124, 0x2124, 0x2124, 0x2104,
  0x2125, 0x2124, 0x2104, 0x2945, 0x2945, 0x3185, 0x41A7, 0x3987, 0x3987, 0x3986, 0x41A7, 0x41C7,
  0x41C6, 0x4A26, 0x5226, 0x5246, 0x5A67, 0x6287, 0x5A67, 0x5A66, 0x5A66, 0x5A66, 0x5A46, 0x5A46,
  0x5A46, 0x5A46, 0x5226, 0x4A05, 0x4A05, 0x5246, 0x5226, 0x4A06, 0x5226, 0x5226, 0x5A26, 0x5A47,
  0x5A67, 0x5A67, 0x5A47, 0x5A46, 0x49E6, 0x41C5, 0x41C6, 0x41C6, 0x39A5, 0x39A6, 0x39A6, 0x39A6,
  0x39A6, 0x39A6, 0x39A5, 0x39A5, 0x41A5, 0x41C6, 0x41E6, 0x41E6, 0x41C5, 0x62A8, 0x4A26, 0x4A26,
  0x4A26, 0x4A26, 0x4A26, 0x4A26, 0x21CA, 0x21CA, 0x21CA, 0x21CA, 0x21CA, 0x21CA, 0x21CA, 0x21CA,
  0x21CA, 0x21CA, 0x21C9, 0x21A9, 0x21C9, 0x21A9, 0x1969, 0x1989, 0x1989, 0x1969, 0x1969, 0x1988,
  0x2A0A, 0x2A4C, 0x2A4C, 0x2A6D, 0x2A4D, 0x3AAF, 0x42F0, 0x3AAF, 0x328E, 0x326E, 0x324D, 0x322C,
  0x2A0C, 0x29EC, 0x21CA, 0x1967, 0x31C8, 0x4209, 0x4207, 0x4A06, 0x5226, 0x5226, 0x5A46, 0x6266,
  0x5A66, 0x6266, 0x5A46, 0x5A66, 0x5A67, 0x5246, 0x4A26, 0x5A46, 0x5A66, 0x5A66, 0x5A67, 0x5A47,
  0x5A47, 0x5A67, 0x5A47, 0x5A46, 0x4A05, 0x5226, 0x5A67, 0x5A66, 0x5A66, 0x5A66, 0x5A67, 0x5A66,
  0x5A66, 0x5A66, 0x5A66, 0x5A66, 0x5A66, 0x5A66, 0x5A46, 0x5206, 0x4A06, 0x4A06, 0x4A06, 0x5206,
  0x5226, 0x4A26, 0x4A26, 0x5226, 0x5246, 0x5A87, 0x5A66, 0x6266, 0x5A66, 0x5A67, 0x5287, 0x5246,
  0x7B07, 0xC4CE, 0xBCAD, 0xA40B, 0x72A6, 0x5246, 0x5224, 0x8B67, 0xB3E6, 0x8AE3, 0x9BC8, 0x72A6,
  0x51E5, 0x5A48, 0x5A88, 0x41E7, 0x39A6, 0x39C6, 0x41E6, 0x4A26, 0x5AA7, 0x62A7, 0x62A7, 0x62A7,
  0x62A7, 0x62A7, 0x62A7, 0x62A7, 0x62A7, 0x62A7, 0x62A7, 0x62A7, 0x5A87, 0x5A66, 0x5246, 0x5246,
  0x4A26, 0x4A06, 0x41E6, 0x41C7, 0x31A6, 0x31A6, 0x31A6, 0x39E8, 0x62EB, 0x736B, 0x83CB, 0xA46D,
  0xAC8E, 0x834A, 0x6AE9, 0x8BAB, 0xA46D, 0x93EC, 0x83CC, 0x632B, 0x630B, 0x7BAC, 0x6B2B, 0x2964,
  0x1903, 0x2124, 0x2104, 0x2104, 0x2124, 0x2104, 0x2104, 0x2965, 0x3186, 0x3186, 0x39A6, 0x39A6,
  0x39A7, 0x41C7, 0x4A07, 0x4A27, 0x5227, 0x4A06, 0x5226, 0x5A47, 0x5A67, 0x6287, 0x6287, 0x62A7,
  0x5A66, 0x5A46, 0x6287, 0x62A7, 0x62A7, 0x6287, 0x6287, 0x6287, 0x6287, 0x5A67, 0x5A67, 0x5A67,
  0x5A67, 0x5A46, 0x5206, 0x5206, 0x5226, 0x5A47, 0x5A47, 0x5A67, 0x5246, 0x41C5, 0x4A05, 0x4A05,
  0x4A26, 0x41E6, 0x39A6, 0x39A7, 0x39A7, 0x39C6, 0x39C6, 0x41C6, 0x39A6, 0x39A6, 0x39C6, 0x39A5,
  0x5247, 0x5A67, 0x5246, 0x4A26, 0x4A26, 0x4A26, 0x4A26, 0x4A26, 0x21CA, 0x21CA, 0x21CA, 0x21CA,
  0x21CA, 0x21CA, 0x21A9, 0x21A9, 0x21A9, 0x21A9, 0x21C9, 0x2A0A, 0x29EA, 0x21CA, 0x19AA, 0x2A2C,
  0x4AEF, 0x3A8D, 0x3A6D, 0x326D, 0x32AE, 0x32AF, 0x32AF, 0x32B0, 0x2A8F, 0x224E, 0x2A2E, 0x2A2E,
  0x2A2E, 0x2A0E, 0x2A0D, 0x2A0D, 0x2A0D, 0x2A2E, 0x2A2D, 0x2A0B, 0x320C, 0x320C, 0x3A2A, 0x4227,
  0x41C4, 0x41C4, 0x5226, 0x5A46, 0x5A66, 0x6266, 0x6266, 0x5A66, 0x5A67, 0x5A47, 0x4A06, 0x5A47,
  0x5A66, 0x5A46, 0x5A67, 0x5A67, 0x5A67, 0x5A67, 0x5A46, 0x6267, 0x49E6, 0x4A26, 0x5A67, 0x5A66,
  0x5A66, 0x5A66, 0x5A66, 0x5A66, 0x5A66, 0x5A66, 0x5A66, 0x5A66, 0x5A66, 0x5A67, 0x5A47, 0x5206,
  0x5226, 0x4A26, 0x4A06, 0x4A06, 0x5206, 0x4A26, 0x4A26, 0x5226, 0x5246, 0x5A67, 0x5A66, 0x5A66,
  0x5A66, 0x5A67, 0x5267, 0x5225, 0x6A86, 0xA40B, 0xAC6C, 0x9BEA, 0x8BCA, 0x9C4D, 0x7B07, 0x8304,
  0x9B44, 0x9BA6, 0x8306, 0x51E4, 0x5226, 0x5227, 0x4A27, 0x4207, 0x41C6, 0x49E6, 0x4A06, 0x4A26,
  0x5246, 0x5245, 0x5225, 0x5246, 0x5225, 0x5A46, 0x62A7, 0x62A7, 0x62A7, 0x62A7, 0x5A66, 0x5A66,
  0x5246, 0x4A26, 0x4A26, 0x4206, 0x39A5, 0x39A6, 0x39A6, 0x39A7, 0x39C7, 0x39A6, 0x4207, 0x5ACB,
  0x738D, 0x83CC, 0x83CB, 0xACCF, 0x93EC, 0x6A67, 0x8B6B, 0xAC6D, 0xB4CC, 0x9429, 0x83CA, 0x7B8D,
  0x62EB, 0x736B, 0x840E, 0x2965, 0x1903, 0x2124, 0x2104, 0x2104, 0x2124, 0x2124, 0x2124, 0x3186,
  0x39E7, 0x39E7, 0x39C6, 0x39C6, 0x39C6, 0x39A6, 0x49E6, 0x4A26, 0x4A25, 0x4A06, 0x4A06, 0x5226,
  0x5A67, 0x5A67, 0x6287, 0x62A7, 0x5A66, 0x5A66, 0x6287, 0x62A7, 0x62A7, 0x62A7, 0x62A7, 0x6287,
  0x6287, 0x62A7, 0x62A7, 0x62A7, 0x62A8, 0x6287, 0x5A46, 0x5206, 0x5A26, 0x5A47, 0x5A47, 0x5A47,
  0x5A66, 0x5A66, 0x5A66, 0x5245, 0x5225, 0x4A06, 0x4A07, 0x39C7, 0x39A6, 0x39A5, 0x39C5, 0x41C5,
  0x41A6, 0x41A6, 0x39A5, 0x5267, 0x62A7, 0x5A66, 0x5225, 0x4A26, 0x4A26, 0x4A26, 0x4A26, 0x4A26,
  0x29EA, 0x21A9, 0x21A9, 0x21C9, 0x21A9, 0x21CA, 0x2A4C, 0x2A4C, 0x2A4C, 0x2A2C, 0x326D, 0x430F,
  0x42EF, 0x4310, 0x4310, 0x3A8E, 0x326E, 0x326E, 0x326E, 0x326E, 0x2A0D, 0x2A2E, 0x2A2E, 0x222E,
  0x2A2E, 0x224E, 0x2A2E, 0x2A2E, 0x2A2D, 0x2A2E, 0x2A2D, 0x2A0D, 0x2A0D, 0x29ED, 0x2A0C, 0x2A2B,
  0x29EC, 0x298B, 0x29A7, 0x4A88, 0x4A46, 0x39C4, 0x4A05, 0x5226, 0x5A46, 0x5A46, 0x5A66, 0x5A66,
  0x5A67, 0x5A47, 0x4A06, 0x5A47, 0x5A66, 0x5A46, 0x5A66, 0x5A66, 0x5A66, 0x5A67, 0x5A46, 0x5A67,
  0x49E6, 0x4A27, 0x5A66, 0x5A66, 0x5A65, 0x5A66, 0x5A66, 0x5A66, 0x5A66, 0x5A66, 0x5A66, 0x5A66,
  0x5A66, 0x5A67, 0x6247, 0x5206, 0x5226, 0x5246, 0x5246, 0x5226, 0x5226, 0x4A26, 0x4A26, 0x5226,
  0x5225, 0x5246, 0x5A46, 0x5246, 0x5A67, 0x5226, 0x5225, 0x5A46, 0x5A25, 0x5A25, 0x6AC5, 0x7307,
  0x93EA, 0x9C0A, 0xAC6A, 0xB448, 0xABE5, 0xA3A5, 0x8305, 0x5A24, 0x51C4, 0x51E4, 0x4A05, 0x4A26,
  0x4A06, 0x4A06, 0x5226, 0x5A46, 0x5A67, 0x5A66, 0x5A66, 0x6287, 0x6287, 0x6287, 0x62A7, 0x62A7,
  0x62A7, 0x6287, 0x6287, 0x5226, 0x4A06, 0x4A06, 0x4206, 0x39C6, 0x39A6, 0x39A6, 0x39A7, 0x39C7,
  0x39A6, 0x41A5, 0x6AC9, 0x630B, 0x62EA, 0x7B8C, 0x8BCC, 0x9C2E, 0x6AE8, 0x7B69, 0xAC6D, 0xB4AE,
  0x942C, 0x7B8A, 0x7B8B, 0x7BAD, 0x62E9, 0x5AA8, 0x736C, 0x39E7, 0x1904, 0x2105, 0x2104, 0x2104,
  0x2124, 0x2124, 0x2124, 0x2124, 0x2965, 0x3185, 0x31A5, 0x31A6, 0x39C7, 0x39A7, 0x41C6, 0x4A26,
  0x4A05, 0x4A26, 0x4A06, 0x5226, 0x5A67, 0x5A67, 0x6287, 0x62A7, 0x5A67, 0x6287, 0x6287, 0x62A7,
  0x62A7, 0x62A7, 0x62A8, 0x6288, 0x6287, 0x6286, 0x62A7, 0x62A7, 0x6288, 0x62A8, 0x5A67, 0x5206,
  0x5226, 0x5A47, 0x5A67, 0x5A67, 0x6267, 0x5A46, 0x5A66, 0x5A66, 0x5246, 0x5206, 0x4A07, 0x39A7,
  0x39C6, 0x4206, 0x4A26, 0x4A26, 0x49E7, 0x41A6, 0x5A87, 0x7329, 0x62A7, 0x5A45, 0x5205, 0x4A06,
  0x4A06, 0x4A26, 0x4A26, 0x4A26, 0x2A0B, 0x324C, 0x326D, 0x328D, 0x326D, 0x328D, 0x3B10, 0x3B10,
  0x3B10, 0x3B10, 0x3AF0, 0x2A6E, 0x2A6E, 0x326E, 0x326E, 0x2A4E, 0x2A2E, 0x2A2D, 0x2A0C, 0x2A0D,
  0x320E, 0x320E, 0x2A0E, 0x2A0E, 0x2A2D, 0x2A2C, 0x2A2D, 0x2A2C, 0x2A2C, 0x322C, 0x2A0B, 0x2A0B,
  0x29CA, 0x29AA, 0x29A8, 0x21A7, 0x31C9, 0x3A0A, 0x4207, 0x5AA7, 0x52A7, 0x41E5, 0x4206, 0x5226,
  0x5226, 0x5A67, 0x5A66, 0x5A46, 0x5A67, 0x5A47, 0x4A06, 0x5A47, 0x5A46, 0x6246, 0x6246, 0x6266,
  0x6266, 0x6266, 0x6246, 0x6266, 0x41C5, 0x4A07, 0x5A47, 0x6266, 0x6265, 0x5A65, 0x5A66, 0x5A66,
  0x5A66, 0x5A66, 0x5A66, 0x5A66, 0x5A66, 0x5A66, 0x5A47, 0x5226, 0x5226, 0x5A67, 0x5A87, 0x5A66,
  0x5226, 0x4A26, 0x5226, 0x5226, 0x5205, 0x5225, 0x5226, 0x5226, 0x5246, 0x5246, 0x5A46, 0x6287,
  0x5A87, 0x62A7, 0x5A67, 0x5227, 0x5226, 0x5A25, 0x82E7, 0xABE9, 0xB44A, 0xC469, 0xABE8, 0x93A7,
  0x8306, 0x7AE5, 0x6A85, 0x5A66, 0x5A46, 0x5246, 0x5225, 0x5A46, 0x5A67, 0x5A46, 0x6287, 0x62A7,
  0x62A7, 0x62A7, 0x62A7, 0x62A7, 0x62A7, 0x6287, 0x6267, 0x5226, 0x4A26, 0x41C6, 0x39A6, 0x3186,
  0x2965, 0x2945, 0x2966, 0x3165, 0x3144, 0x41A4, 0x7B09, 0x62C8, 0x734A, 0x6AC9, 0x734C, 0x736C,
  0x5AA7, 0x9C6E, 0xB4CD, 0x940C, 0x83AC, 0x736C, 0x5AEA, 0x7BAC, 0x6309, 0x5247, 0x5ACA, 0x630C,
  0x2125, 0x2125, 0x2105, 0x1904, 0x18E4, 0x1904, 0x18E4, 0x18E3, 0x18E3, 0x2103, 0x2124, 0x2945,
  0x31A7, 0x39A7, 0x3986, 0x49E6, 0x5226, 0x4A26, 0x4A06, 0x4A06, 0x5A46, 0x5A67, 0x6287, 0x6287,
  0x5A66, 0x62A7, 0x6287, 0x62A7, 0x62A7, 0x62A7, 0x6288, 0x62A8, 0x62A7, 0x62A7, 0x62A7, 0x62A7,
  0x62A8, 0x62A8, 0x6288, 0x5226, 0x5A46, 0x5A67, 0x5A67, 0x5A67, 0x6267, 0x6267, 0x5A46, 0x5A46,
  0x5A67, 0x5A47, 0x5207, 0x41A6, 0x41C5, 0x4A26, 0x4A25, 0x4A26, 0x5227, 0x4A06, 0x62C7, 0x7B29,
  0x7308, 0x6286, 0x5A25, 0x5226, 0x5206, 0x4A26, 0x4A26, 0x4A26, 0x3AEF, 0x4B51, 0x4311, 0x3AF0,
  0x3AF0, 0x3AF0, 0x326E, 0x2A4E, 0x2A4E, 0x2A4D, 0x2A4E, 0x2A4D, 0x2A2D, 0x31ED, 0x2A0E, 0x222E,
  0x222E, 0x2A0C, 0x2A0B, 0x320B, 0x31EC, 0x320D, 0x320E, 0x2A0D, 0x2A0C, 0x320A, 0x31EA, 0x320A,
  0x3209, 0x31E8, 0x31E7, 0x3A08, 0x4249, 0x4249, 0x4249, 0x4A48, 0x5288, 0x62C9, 0x62A8, 0x62A7,
  0x5AA7, 0x5226, 0x41C6, 0x4A07, 0x5206, 0x5246, 0x5A86, 0x5A67, 0x5A67, 0x5A67, 0x5226, 0x5A67,
  0x5A67, 0x5A67, 0x5A67, 0x6246, 0x5A46, 0x5A66, 0x5A66, 0x6265, 0x49C5, 0x49C6, 0x5A28, 0x6247,
  0x5A65, 0x5A66, 0x5A67, 0x5A67, 0x5A46, 0x5A67, 0x5226, 0x5A46, 0x5A66, 0x5A66, 0x5225, 0x5225,
  0x4A05, 0x5246, 0x5A66, 0x5A66, 0x5A66, 0x5A47, 0x5206, 0x5205, 0x5226, 0x5A46, 0x5A67, 0x5A67,
  0x5A66, 0x5A66, 0x5A66, 0x5A66, 0x5A66, 0x5A67, 0x6267, 0x62A8, 0x6288, 0x5A67, 0x5205, 0x6A65,
  0x7AE7, 0x7AE7, 0x8B26, 0xA3A6, 0xA385, 0xA3A6, 0xA3E9, 0x72C7, 0x5A46, 0x5A46, 0x5205, 0x5225,
  0x5A66, 0x6287, 0x62C8, 0x62A7, 0x62A7, 0x62A7, 0x62A7, 0x62A7, 0x62A7, 0x6287, 0x5A47, 0x4A06,
  0x4A06, 0x39C5, 0x39A6, 0x3187, 0x2987, 0x3186, 0x3165, 0x2103, 0x18E2, 0x5AA8, 0x6AC7, 0x7329,
  0xB4ED, 0x938A, 0x5A8B, 0x632C, 0x6B4A, 0x93ED, 0x940C, 0x83AB, 0x8BCC, 0x734B, 0x62EA, 0x6B4C,
  0x62CA, 0x5A48, 0x5AA9, 0x52CA, 0x2165, 0x1924, 0x1924, 0x2124, 0x4A49, 0x4A69, 0x4A49, 0x4A69,
  0x4A28, 0x2103, 0x2124, 0x1924, 0x3186, 0x41C7, 0x41A6, 0x41E6, 0x4A26, 0x4A25, 0x5206, 0x5206,
  0x5A46, 0x5A67, 0x6266, 0x5A66, 0x5A45, 0x5A66, 0x62A7, 0x6287, 0x6287, 0x6287, 0x6287, 0x62A7,
  0x62A7, 0x62A7, 0x62A7, 0x62A7, 0x62A7, 0x62A8, 0x6287, 0x5226, 0x5A66, 0x5A66, 0x5A66, 0x5A66,
  0x5A67, 0x5A67, 0x5A67, 0x5A47, 0x5A67, 0x5A67, 0x5226, 0x41C6, 0x49E6, 0x5226, 0x4A05, 0x5226,
  0x5206, 0x5206, 0x6AA6, 0x7B28, 0x7B07, 0x7B07, 0x72E7, 0x62A7, 0x5225, 0x5225, 0x4A26, 0x4A06,
  0x3ACF, 0x3A8F, 0x2A4E, 0x2A2D, 0x2A2D, 0x2A2D, 0x2A2D, 0x2A2D, 0x2A2E, 0x2A0D, 0x2A0E, 0x2A2E,
  0x2A2E, 0x322E, 0x2A2E, 0x2A4E, 0x2A2D, 0x2A2B, 0x2A0A, 0x31E9, 0x3A0A, 0x31EA, 0x320A, 0x3209,
  0x3208, 0x3A07, 0x4208, 0x4A49, 0x5268, 0x5AA8, 0x5A88, 0x5AA8, 0x5AA9, 0x5AC9, 0x5AC9, 0x5AC8,
  0x62A8, 0x62A7, 0x62A7, 0x6287, 0x62C7, 0x62C8, 0x5227, 0x41C5, 0x4A06, 0x5225, 0x5A66, 0x5A67,
  0x5A67, 0x5A67, 0x5226, 0x5226, 0x5A67, 0x5267, 0x5A67, 0x6245, 0x5A66, 0x5288, 0x5289, 0x5A87,
  0x5226, 0x49C4, 0x5A26, 0x5A47, 0x5A47, 0x5267, 0x5287, 0x5A66, 0x5A66, 0x5226, 0x49E5, 0x5A46,
  0x5A66, 0x5225, 0x5205, 0x5226, 0x5A66, 0x5A66, 0x5A66, 0x5A66, 0x5A46, 0x5A47, 0x5226, 0x5226,
  0x5A47, 0x5A47, 0x5A47, 0x5A66, 0x5A66, 0x5A66, 0x5A66, 0x5A66, 0x5A66, 0x5A67, 0x5A66, 0x5A87,
  0x6B09, 0x736B, 0x5AA9, 0x5A68, 0x5247, 0x5266, 0x5245, 0x4183, 0x59E4, 0x7AA6, 0xAC2A, 0x8B66,
  0x6246, 0x5A46, 0x5A46, 0x5A46, 0x5A66, 0x6287, 0x62A7, 0x62A7, 0x62A7, 0x62A7, 0x62A7, 0x6287,
  0x62A7, 0x5A87, 0x5246, 0x4A26, 0x41E6, 0x39C6, 0x39C7, 0x39A7, 0x39C7, 0x2925, 0x2924, 0x2124,
  0x1903, 0x5287, 0x6B08, 0x7B6B, 0xACAC, 0xAC6C, 0x838C, 0x52A8, 0x5AC8, 0x7B6C, 0x83AC, 0x83CC,
  0x83AC, 0x7BAD, 0x6B2B, 0x630A, 0x62E9, 0x5A67, 0x5289, 0x5AAA, 0x2124, 0x18E3, 0x4A47, 0x5AC9,
  0x6B0B, 0x6B2C, 0x6B2C, 0x6B4D, 0x6B2C, 0x4227, 0x18E3, 0x2124, 0x31A6, 0x39A7, 0x3986, 0x41E6,
  0x4A26, 0x4A06, 0x5226, 0x5226, 0x5226, 0x5226, 0x5A46, 0x5A46, 0x5A66, 0x5225, 0x6286, 0x62A7,
  0x6287, 0x6287, 0x6287, 0x62A7, 0x62A7, 0x62A7, 0x62A7, 0x62A7, 0x62A7, 0x62A8, 0x6287, 0x5226,
  0x5A67, 0x5A66, 0x5A66, 0x5A66, 0x5A67, 0x5A67, 0x5A67, 0x5A67, 0x5A67, 0x5A67, 0x5226, 0x41C6,
  0x4A06, 0x4A06, 0x5226, 0x5225, 0x5206, 0x5205, 0x6AA6, 0x7308, 0x72C6, 0x7B08, 0x7308, 0x7308,
  0x6AE8, 0x6287, 0x6287, 0x5246, 0x322C, 0x322C, 0x320C, 0x320C, 0x320C, 0x320C, 0x322C, 0x322C,
  0x320C, 0x31EC, 0x320C, 0x320D, 0x320C, 0x2A0B, 0x2A0B, 0x2A0B, 0x29EA, 0x3209, 0x3A28, 0x3A08,
  0x31E8, 0x3A28, 0x4247, 0x52A8, 0x52A8, 0x5A88, 0x5A88, 0x62A8, 0x62A7, 0x62A7, 0x62A6, 0x62A7,
  0x6287, 0x6287, 0x62A7, 0x5A86, 0x62A7, 0x62A7, 0x62A7, 0x62A7, 0x62A7, 0x5AA7, 0x62A7, 0x5226,
  0x5226, 0x5225, 0x5A66, 0x5A67, 0x5A67, 0x5A67, 0x5226, 0x5226, 0x5A67, 0x5A67, 0x5A67, 0x5A66,
  0x5A66, 0x5246, 0x5246, 0x5247, 0x4A26, 0x4A04, 0x5245, 0x5A47, 0x5A48, 0x5A47, 0x5265, 0x5A45,
  0x5A46, 0x49E5, 0x5206, 0x5A67, 0x5A66, 0x5A66, 0x5A46, 0x5A66, 0x5A66, 0x5A66, 0x5A66, 0x5A66,
  0x5A66, 0x5A67, 0x5A47, 0x5226, 0x5A67, 0x5A47, 0x5A47, 0x5A67, 0x5A66, 0x5A66, 0x5A66, 0x5A66,
  0x5A66, 0x5A66, 0x5A65, 0x5A86, 0x7BAB, 0x7BCD, 0x6B4B, 0x52AA, 0x5289, 0x52A8, 0x4A68, 0x31A6,
  0x3985, 0x5A46, 0x8306, 0x8305, 0x6266, 0x5A67, 0x6267, 0x5A66, 0x5A66, 0x62A7, 0x62A7, 0x62A7,
  0x62A7, 0x62A7, 0x6287, 0x6287, 0x6287, 0x5A66, 0x4A26, 0x4A27, 0x41C6, 0x39A6, 0x2965, 0x18E3,
  0x2944, 0x3165, 0x2964, 0x2965, 0x2144, 0x4A05, 0x7B28, 0x734A, 0x9C2B, 0xB48B, 0xAC8D, 0x83CB,
  0x62C8, 0x62A9, 0x7B8D, 0x83EE, 0x7BAD, 0x738D, 0x6B4B, 0x5AE9, 0x5287, 0x5A88, 0x5268, 0x4A08,
  0x3124, 0x5A67, 0x8C0C, 0x8BEC, 0x8BED, 0x83AD, 0x7B6D, 0x62EB, 0x630B, 0x52AA, 0x2144, 0x2124,
  0x2925, 0x39A7, 0x39A6, 0x41C6, 0x4A27, 0x4A27, 0x4A06, 0x5226, 0x5225, 0x5205, 0x5206, 0x5205,
  0x5246, 0x5A66, 0x5A66, 0x62A7, 0x62A7, 0x6287, 0x62A7, 0x62A7, 0x62A7, 0x62A7, 0x62A7, 0x62A7,
  0x62A7, 0x62A8, 0x6287, 0x5226, 0x5A67, 0x5A66, 0x5A67, 0x5A66, 0x5A67, 0x5A67, 0x5A67, 0x5A67,
  0x5A67, 0x5A67, 0x5226, 0x4A06, 0x4A26, 0x5226, 0x4A05, 0x5226, 0x5206, 0x5205, 0x6AC7, 0x7B28,
  0x6A86, 0x6AC7, 0x7308, 0x7308, 0x7308, 0x7308, 0x6AC8, 0x62A7, 0x320A, 0x31E9, 0x3209, 0x320A,
  0x320A, 0x320A, 0x3209, 0x320A, 0x320A, 0x31E9, 0x31E9, 0x31E9, 0x31C9, 0x3A29, 0x3A29, 0x4249,
  0x4228, 0x5247, 0x5A87, 0x5288, 0x39E7, 0x5288, 0x5AC8, 0x5AA7, 0x62A7, 0x6287, 0x62A8, 0x62A7,
  0x62A7, 0x6286, 0x62A6, 0x6286, 0x6287, 0x6287, 0x6266, 0x6266, 0x62A7, 0x6287, 0x6288, 0x6287,
  0x6286, 0x5A66, 0x5A66, 0x5A66, 0x5226, 0x4A25, 0x5266, 0x5A67, 0x5A67, 0x5A47, 0x5206, 0x5226,
  0x5246, 0x5A45, 0x5225, 0x4227, 0x5205, 0x7A22, 0x8242, 0x6224, 0x5226, 0x4A66, 0x4A65, 0x5225,
  0x6206, 0x7AA6, 0x72C4, 0x5A45, 0x49E4, 0x5205, 0x5A46, 0x5A67, 0x5A66, 0x5A66, 0x5A66, 0x5A66,
  0x5A66, 0x5A66, 0x5A66, 0x5A66, 0x5A67, 0x5A67, 0x5A47, 0x5226, 0x5A67, 0x5A67, 0x5A67, 0x5A67,
  0x5A66, 0x5A66, 0x5A66, 0x5A66, 0x5A66, 0x5A66, 0x5A46, 0x72E8, 0x8BCC, 0x83AC, 0x736A, 0x6309,
  0x5288, 0x5A89, 0x4A27, 0x31C5, 0x39E4, 0x4A05, 0x5A25, 0x6245, 0x6266, 0x5A66, 0x5A66, 0x5A66,
  0x5A66, 0x62A7, 0x62A7, 0x62A7, 0x62A7, 0x62A7, 0x62A7, 0x6287, 0x5A66, 0x5266, 0x4A26, 0x4A06,
  0x3985, 0x4A07, 0x39C6, 0x39E6, 0x4A48, 0x5AA9, 0x5A88, 0x5268, 0x5A67, 0x7AE6, 0x9B67, 0x7B29,
  0x9C2D, 0xB4AB, 0xAC8B, 0x9C2C, 0x7B8C, 0x62EA, 0x5AAA, 0x6B4C, 0x6B6C, 0x632B, 0x5AEA, 0x52A8,
  0x52A8, 0x62E9, 0x5A88, 0x5207, 0x72EA, 0x93EC, 0xA46C, 0xACCF, 0x9C2E, 0x6AEA, 0x62CA, 0x5AA9,
  0x5268, 0x630B, 0x4227, 0x18C3, 0x2945, 0x3186, 0x39C7, 0x39C6, 0x41E6, 0x41E6, 0x4A27, 0x4A26,
  0x5226, 0x5206, 0x5226, 0x5206, 0x5226, 0x5226, 0x5246, 0x5A87, 0x6287, 0x62A7, 0x62A7, 0x62A7,
  0x62A7, 0x62A7, 0x62A7, 0x62A7, 0x62A7, 0x62A8, 0x5A87, 0x5226, 0x5A67, 0x5A47, 0x5A67, 0x5A67,
  0x5A67, 0x5A67, 0x5A67, 0x6267, 0x5A67, 0x5A67, 0x5226, 0x4A06, 0x4A26, 0x5226, 0x4A06, 0x5206,
  0x4A05, 0x6286, 0x7B28, 0x7308, 0x6AA7, 0x62A7, 0x62A7, 0x6287, 0x6287, 0x6287, 0x6287, 0x62A7,
  0x31E9, 0x31E9, 0x3208, 0x3208, 0x3209, 0x3209, 0x31E8, 0x3A08, 0x3A08, 0x3A07, 0x4A48, 0x4A47,
  0x5268, 0x5A88, 0x5A88, 0x62A8, 0x62A8, 0x62A7, 0x6286, 0x62A8, 0x5268, 0x5A88, 0x62A7, 0x62A7,
  0x6287, 0x6288, 0x62A8, 0x5AA7, 0x62A7, 0x62A7, 0x62A7, 0x6287, 0x6287, 0x6287, 0x5A46, 0x5A26,
  0x6267, 0x6267, 0x5A67, 0x5A47, 0x5A45, 0x5A66, 0x5A66, 0x5A67, 0x4A05, 0x4A26, 0x5267, 0x5A67,
  0x5226, 0x5226, 0x5226, 0x5226, 0x5205, 0x5A25, 0x5A46, 0x5247, 0x7265, 0x9A82, 0xA282, 0x8A64,
  0x6A45, 0x5A87, 0x5286, 0x5A65, 0x7243, 0xA387, 0x9346, 0x5A65, 0x5245, 0x5226, 0x5A67, 0x5A67,
  0x5A66, 0x5A66, 0x5A66, 0x5A66, 0x5A66, 0x5A66, 0x5A66, 0x5A66, 0x5A66, 0x5A67, 0x5A46, 0x5226,
  0x5A67, 0x5A67, 0x5A67, 0x5A67, 0x5A66, 0x5A66, 0x5A66, 0x5A66, 0x5A66, 0x5A66, 0x6267, 0x8B8C,
  0x8BAC, 0x8BAB, 0x7B6A, 0x6308, 0x5267, 0x6ACA, 0x4A07, 0x3183, 0x4204, 0x4A25, 0x5A47, 0x6247,
  0x5A46, 0x5A66, 0x5A66, 0x5A66, 0x5A66, 0x6287, 0x62A7, 0x62A7, 0x62A7, 0x62A7, 0x62A7, 0x62A7,
  0x5A66, 0x5267, 0x4A06, 0x5226, 0x62A8, 0x7B6B, 0x738C, 0x634C, 0x630B, 0x5268, 0x5226, 0x6287,
  0x6286, 0x7AC6, 0x9346, 0x7B09, 0x8B8C, 0xAC8D, 0xACAB, 0x838A, 0x83AD, 0x7BAD, 0x630B, 0x5AC9,
  0x5AEA, 0x630A, 0x5288, 0x5268, 0x5AE9, 0x52A8, 0x5247, 0x5226, 0x8BAC, 0xA44D, 0xACAD, 0x9C2C,
  0x62C9, 0x5247, 0x5248, 0x4A27, 0x4A27, 0x4A27, 0x5289, 0x3165, 0x18E4, 0x2145, 0x31C7, 0x31A6,
  0x39A6, 0x39A6, 0x41E6, 0x4A26, 0x4A26, 0x5226, 0x5207, 0x49E6, 0x4A06, 0x4A06, 0x4A26, 0x5246,
  0x5A66, 0x6286, 0x62A7, 0x62A7, 0x62A7, 0x62A7, 0x62A7, 0x62A7, 0x62A7, 0x62A7, 0x5A87, 0x5225,
  0x5A67, 0x5A87, 0x5A67, 0x5A67, 0x5A67, 0x5A47, 0x5A67, 0x5A67, 0x5A47, 0x5A47, 0x5226, 0x4A26,
  0x4A06, 0x4A06, 0x5226, 0x5205, 0x4A05, 0x6286, 0x7B28, 0x72E7, 0x62A7, 0x62A7, 0x62A7, 0x6287,
  0x6287, 0x62A7, 0x5A67, 0x5225, 0x31EA, 0x31E9, 0x31E8, 0x3209, 0x31E9, 0x31E9, 0x39E9, 0x39E8,
  0x39E7, 0x4A68, 0x5AA8, 0x5AA7, 0x62A7, 0x62A8, 0x6287, 0x6287, 0x6287, 0x6287, 0x62A8, 0x62A7,
  0x62A7, 0x62A7, 0x6287, 0x6287, 0x6287, 0x5AA7, 0x62A7, 0x62A7, 0x6286, 0x5A66, 0x5A66, 0x5A47,
  0x5A27, 0x5A67, 0x5225, 0x5A46, 0x5A66, 0x5A66, 0x5A66, 0x5A66, 0x6266, 0x5A46, 0x5A67, 0x5246,
  0x41C5, 0x4A27, 0x4A26, 0x5226, 0x5206, 0x5226, 0x5A46, 0x5A47, 0x5A67, 0x5A67, 0x6246, 0x8264,
  0x92A4, 0x8A64, 0x8203, 0x9A43, 0x8A84, 0x6A45, 0x5A26, 0x7AE6, 0x9B64, 0x9B45, 0x7265, 0x5A66,
  0x5225, 0x5205, 0x5A67, 0x5A67, 0x5A66, 0x5A66, 0x5A66, 0x5A66, 0x5A66, 0x5A66, 0x5A46, 0x5A66,
  0x5A66, 0x5A67, 0x5A46, 0x5226, 0x5A67, 0x5A67, 0x5A67, 0x5A67, 0x5A66, 0x5A66, 0x5A66, 0x5A66,
  0x5A66, 0x5A66, 0x5A67, 0x7B6B, 0x83AC, 0x7B6B, 0x730A, 0x630A, 0x62EA, 0x6B2C, 0x4207, 0x3185,
  0x4A27, 0x5226, 0x5A67, 0x5A67, 0x5A46, 0x5A66, 0x5A66, 0x5A66, 0x5A66, 0x6287, 0x62A7, 0x62A7,
  0x62A7, 0x62A7, 0x6287, 0x6287, 0x5A66, 0x5226, 0x5227, 0x7329, 0x9C4D, 0x9C6E, 0x7B8C, 0x630B,
  0x632B, 0x5AC9, 0x6286, 0x6286, 0x5A87, 0x4A25, 0x6286, 0x7B29, 0x730B, 0x9C6F, 0x942B, 0x83AC,
  0x83AD, 0x7BCC, 0x6B4B, 0x52A8, 0x5288, 0x5AA9, 0x5288, 0x5248, 0x62CA, 0x5268, 0x5246, 0x5225,
  0x7B28, 0xA46D, 0x93CB, 0x62A7, 0x5268, 0x4A47, 0x4A28, 0x5ACA, 0x62EA, 0x5AA8, 0x630B, 0x39C7,
  0x1904, 0x1904, 0x2986, 0x39C7, 0x39A6, 0x39A6, 0x39A5, 0x4A06, 0x4A26, 0x4A06, 0x5207, 0x49C6,
  0x49E6, 0x4A26, 0x4A06, 0x5226, 0x5A86, 0x5A65, 0x6287, 0x62A7, 0x62A7, 0x62A7, 0x62A7, 0x62A7,
  0x62A7, 0x62A7, 0x5AA7, 0x5226, 0x4A26, 0x5247, 0x5247, 0x5226, 0x5A47, 0x5A67, 0x5A67, 0x5A67,
  0x5A67, 0x5A46, 0x5226, 0x4A25, 0x4A26, 0x5226, 0x4A06, 0x5226, 0x4A05, 0x5A66, 0x7B28, 0x7308,
  0x62C7, 0x5AA7, 0x5A87, 0x62A7, 0x62A7, 0x5A87, 0x5267, 0x5A87, 0x31EB, 0x320A, 0x320A, 0x320A,
  0x320A, 0x3209, 0x3A09, 0x39E8, 0x4A49, 0x5AA8, 0x62A7, 0x62A7, 0x62A7, 0x62A8, 0x62A7, 0x62A7,
  0x62A8, 0x62A8, 0x62A8, 0x62A7, 0x62A6, 0x62A7, 0x6287, 0x5A66, 0x5A66, 0x5266, 0x5A66, 0x5A66,
  0x5A66, 0x5A66, 0x5A66, 0x5A46, 0x5A46, 0x5A46, 0x5205, 0x5A46, 0x6266, 0x6266, 0x6266, 0x6266,
  0x6266, 0x5A67, 0x5247, 0x41E5, 0x4A26, 0x4A26, 0x4A26, 0x5226, 0x5A67, 0x5A67, 0x5A67, 0x5A67,
  0x5A67, 0x5A68, 0x5A46, 0x8A62, 0x9A83, 0x6A45, 0x7246, 0xA243, 0xA262, 0x7A45, 0x5A46, 0x7B25,
  0xABC3, 0xA343, 0x6224, 0x5A66, 0x5225, 0x5225, 0x5A67, 0x5A66, 0x5A66, 0x6266, 0x6266, 0x6266,
  0x6266, 0x5A46, 0x6266, 0x6266, 0x5A46, 0x5A47, 0x5226, 0x5206, 0x5A47, 0x5A47, 0x5A47, 0x5A66,
  0x5A66, 0x5A47, 0x5A66, 0x6266, 0x5A66, 0x5A67, 0x5A88, 0x7BAC, 0x83CD, 0x7B6B, 0x6AEA, 0x6B0B,
  0x630C, 0x630B, 0x4207, 0x3986, 0x4A08, 0x5247, 0x5A66, 0x5A66, 0x5A46, 0x5A66, 0x5A67, 0x5A66,
  0x5A66, 0x5A87, 0x6287, 0x62A8, 0x62A7, 0x62A7, 0x6287, 0x6287, 0x5A46, 0x5226, 0x732A, 0x9C2C,
  0xAC8D, 0xA46D, 0x7B8B, 0x630A, 0x5AA9, 0x62A8, 0x6AA7, 0x6AA7, 0x62C8, 0x31A5, 0x2123, 0x5A26,
  0x72EA, 0x83ED, 0x7BAB, 0x7B8C, 0x83CE, 0x736B, 0x630A, 0x5288, 0x4A27, 0x5247, 0x4A27, 0x4A27,
  0x62EA, 0x5268, 0x5267, 0x7B6A, 0xAC8E, 0xA48E, 0x7329, 0x4A67, 0x5AC9, 0x62EA, 0x6B0B, 0x736C,
  0x736B, 0x5AC9, 0x5AC9, 0x5AAA, 0x5ACB, 0x2145, 0x1904, 0x3186, 0x39A6, 0x39A6, 0x39C6, 0x39A5,
  0x4A06, 0x4A26, 0x49E7, 0x41A6, 0x4A06, 0x4A06, 0x4A06, 0x4A25, 0x5225, 0x5246, 0x5A87, 0x62A7,
  0x62A7, 0x62A7, 0x62A7, 0x62A7, 0x62A7, 0x62A7, 0x5A66, 0x5A46, 0x5226, 0x4A06, 0x41E5, 0x41C5,
  0x49E6, 0x49E6, 0x49E6, 0x5206, 0x5206, 0x4A06, 0x4A06, 0x4A06, 0x41E5, 0x4A27, 0x4A06, 0x5225,
  0x4A04, 0x5A65, 0x7B27, 0x6AC7, 0x62A7, 0x62A8, 0x5A87, 0x62A7, 0x5A46, 0x5247, 0x62A8, 0x62A8,
  0x29EB, 0x320B, 0x320B, 0x31EA, 0x31E9, 0x31E8, 0x31E8, 0x31E8, 0x5289, 0x62A8, 0x6A87, 0x6288,
  0x62A8, 0x62A7, 0x6287, 0x6287, 0x6287, 0x6287, 0x5A67, 0x5A66, 0x5A66, 0x5A66, 0x5A66, 0x5A66,
  0x5A67, 0x5A67, 0x5A67, 0x5A67, 0x5A67, 0x5A66, 0x5A66, 0x5A46, 0x5A66, 0x5A46, 0x5A67, 0x5A67,
  0x5A67, 0x6267, 0x6267, 0x5A47, 0x5A45, 0x5247, 0x41E6, 0x41C4, 0x4A25, 0x5226, 0x5A47, 0x5A66,
  0x5A66, 0x5A66, 0x5A66, 0x5A66, 0x5A66, 0x6248, 0x5A66, 0x82A3, 0xA263, 0x7245, 0x6A45, 0xA222,
  0xA263, 0x7245, 0x5266, 0x7B45, 0xB3A2, 0xAB43, 0x72A5, 0x5A66, 0x5A66, 0x5246, 0x5246, 0x5A66,
  0x5A66, 0x6266, 0x6266, 0x6266, 0x6266, 0x5A66, 0x5A66, 0x5A66, 0x5A46, 0x5206, 0x5206, 0x5226,
  0x5226, 0x5226, 0x5226, 0x5A66, 0x5A86, 0x5A47, 0x5A46, 0x6265, 0x5A66, 0x5A48, 0x736C, 0x83CD,
  0x83CC, 0x736A, 0x6309, 0x630B, 0x6B2C, 0x5249, 0x3165, 0x41A5, 0x4A05, 0x5246, 0x5226, 0x5225,
  0x5225, 0x5A46, 0x5A67, 0x5A66, 0x5A66, 0x5A66, 0x5A67, 0x62A8, 0x62A7, 0x62C7, 0x62A7, 0x5A67,
  0x5226, 0x5A87, 0x8C0C, 0xB4CE, 0xAC6D, 0x838B, 0x6B0A, 0x5AA9, 0x6288, 0x6287, 0x6A87, 0x6287,
  0x6AC8, 0x62C9, 0x3164, 0x2903, 0x62CA, 0x83CD, 0x738B, 0x5288, 0x4A47, 0x5268, 0x4207, 0x3164,
  0x20C2, 0x41A6, 0x4A07, 0x5247, 0x5AC9, 0x5287, 0x6B6B, 0x8BCC, 0xA44D, 0x834A, 0x5267, 0x52C9,
  0x6309, 0x7B8C, 0x8BED, 0x5A47, 0x62C8, 0x83AC, 0x7BCC, 0x83EE, 0x7BCF, 0x632C, 0x3185, 0x20E2,
  0x3165, 0x39C7, 0x39C7, 0x39A7, 0x39A6, 0x39A6, 0x39A6, 0x39A6, 0x41E6, 0x4A26, 0x4A26, 0x4A25,
  0x5226, 0x5226, 0x5A67, 0x5A66, 0x6287, 0x6287, 0x6287, 0x6287, 0x6287, 0x6266, 0x5A45, 0x5A66,
  0x5A66, 0x5226, 0x4A06, 0x4A26, 0x41C6, 0x41A6, 0x39A6, 0x3985, 0x39A6, 0x39A6, 0x39A6, 0x39A5,
  0x41C6, 0x4A27, 0x4A27, 0x4A26, 0x4A04, 0x5A85, 0x7B27, 0x6AA6, 0x6287, 0x6288, 0x6287, 0x6266,
  0x6287, 0x62A8, 0x62A8, 0x6288, 0x21CA, 0x21CA, 0x29CA, 0x29C9, 0x29C8, 0x29C8, 0x29A8, 0x31C9,
  0x4A6A, 0x5A88, 0x6266, 0x6266, 0x5A67, 0x5A66, 0x5A66, 0x5A66, 0x5A66, 0x5A66, 0x5A66, 0x5A66,
  0x5A66, 0x5A66, 0x5A66, 0x5A66, 0x5A66, 0x5A66, 0x5A66, 0x5A66, 0x5A66, 0x5A66, 0x5A66, 0x5A66,
  0x5A66, 0x5A66, 0x5A66, 0x5A67, 0x5A87, 0x5246, 0x5246, 0x5246, 0x4A05, 0x41A5, 0x39A6, 0x41E5,
  0x5226, 0x5A46, 0x5A47, 0x5A66, 0x5A66, 0x5A66, 0x5A66, 0x5A66, 0x5A66, 0x5A66, 0x5A85, 0x7A63,
  0xA244, 0x9265, 0x8A43, 0x9A62, 0x8243, 0x6A65, 0x5A65, 0x6AA3, 0x9B85, 0xA3A6, 0x8B47, 0x5A45,
  0x5A66, 0x4A05, 0x4A06, 0x5227, 0x5227, 0x5226, 0x5A67, 0x5A66, 0x5A67, 0x5A87, 0x5A46, 0x5226,
  0x5A46, 0x5A46, 0x5A46, 0x5A67, 0x5A67, 0x5A67, 0x5A67, 0x5A86, 0x5A66, 0x5A67, 0x6266, 0x5A45,
  0x5A66, 0x5206, 0x7309, 0x838A, 0x83AB, 0x83CC, 0x62E9, 0x630B, 0x6B2C, 0x5249, 0x3164, 0x41E6,
  0x4A06, 0x4A05, 0x4A05, 0x5226, 0x5A46, 0x5A46, 0x5A46, 0x5A66, 0x5A66, 0x5A66, 0x5A67, 0x5A87,
  0x5A87, 0x5A87, 0x5A66, 0x5246, 0x5A47, 0x62A9, 0x7B6B, 0x8BAC, 0x72EA, 0x6B0B, 0x5AAA, 0x5248,
  0x5A67, 0x62A7, 0x62A7, 0x5205, 0x5247, 0x630B, 0x5ACA, 0x4A07, 0x62EB, 0x732C, 0x62EA, 0x41E6,
  0x10A0, 0x10C1, 0x2944, 0x39A5, 0x49E6, 0x5227, 0x5227, 0x5A88, 0x5268, 0x5247, 0x736C, 0x83ED,
  0x7B8B, 0x5A46, 0x5AA9, 0x630A, 0x7BAC, 0x944E, 0x6287, 0x7B09, 0xA44D, 0x9C2C, 0x93EC, 0x7B4B,
  0x6B2B, 0x736C, 0x5AEA, 0x2944, 0x20E3, 0x3186, 0x39A7, 0x39A6, 0x39C6, 0x39A6, 0x39A6, 0x39A6,
  0x41C6, 0x41E6, 0x41E5, 0x4A26, 0x5226, 0x5226, 0x5226, 0x5A46, 0x6287, 0x6287, 0x6287, 0x6287,
  0x6287, 0x6287, 0x6286, 0x6287, 0x5A67, 0x5247, 0x4A26, 0x4A06, 0x4A06, 0x41C5, 0x49E6, 0x49E6,
  0x49E6, 0x49E6, 0x49E6, 0x41E6, 0x41A5, 0x41A5, 0x41C6, 0x49E6, 0x4A06, 0x6286, 0x7B27, 0x6AA6,
  0x6287, 0x6288, 0x62A8, 0x5225, 0x6286, 0x6287, 0x62A7, 0x62A7, 0x21CA, 0x21CA, 0x21CA, 0x29CA,
  0x29C9, 0x29A9, 0x29AA, 0x29A9, 0x31E8, 0x5268, 0x5A66, 0x5A65, 0x5A66, 0x5A67, 0x5A66, 0x5A66,
  0x5A67, 0x5A66, 0x5A66, 0x5A66, 0x5A65, 0x5A66, 0x5A66, 0x5A66, 0x5A66, 0x5A66, 0x5A66, 0x5A66,
  0x5A66, 0x5A66, 0x5A67, 0x5A67, 0x5A67, 0x5246, 0x5246, 0x5247, 0x5247, 0x4A06, 0x4A06, 0x49E5,
  0x41C5, 0x39A6, 0x39A6, 0x49E6, 0x5226, 0x6267, 0x6247, 0x5A66, 0x5A66, 0x5A66, 0x5A66, 0x5A66,
  0x5A66, 0x6265, 0x5285, 0x6245, 0x8205, 0x9285, 0xA264, 0x9A43, 0x6A44, 0x6265, 0x6244, 0x6224,
  0x7285, 0x7AC6, 0x7285, 0x5A46, 0x5A67, 0x41C5, 0x41C5, 0x49C6, 0x41A6, 0x49E6, 0x5246, 0x5246,
  0x5226, 0x4A06, 0x5226, 0x5226, 0x5A67, 0x5A87, 0x5A67, 0x5A67, 0x5A87, 0x6287, 0x6287, 0x6287,
  0x5A86, 0x5A67, 0x6267, 0x5A66, 0x5A66, 0x49C5, 0x72A6, 0xA44B, 0x940C, 0x734A, 0x630A, 0x630B,
  0x632C, 0x5248, 0x3164, 0x4A26, 0x5246, 0x5225, 0x4A05, 0x5246, 0x5A66, 0x5A66, 0x5A66, 0x5A66,
  0x5A66, 0x5A66, 0x5A66, 0x5A46, 0x5A66, 0x5A66, 0x5246, 0x49E5, 0x62A9, 0x62CA, 0x7B6C, 0x6B0A,
  0x5AAA, 0x52AA, 0x4A28, 0x5A47, 0x6286, 0x62A6, 0x6287, 0x41C4, 0x4206, 0x630B, 0x630C, 0x630B,
  0x630B, 0x5AAA, 0x5269, 0x5268, 0x52A7, 0x5287, 0x6B4B, 0x62EA, 0x5248, 0x5A88, 0x5A68, 0x5247,
  0x5207, 0x51E7, 0x62EA, 0x6B6B, 0x6B2A, 0x4A26, 0x5AAA, 0x6B2B, 0x7BAC, 0x62A8, 0x6A86, 0xAC8D,
  0xB4AE, 0xAC4C, 0xA42C, 0x8BAB, 0x7B4B, 0x7B8D, 0x7BAD, 0x6B4C, 0x3165, 0x2104, 0x2945, 0x2945,
  0x2945, 0x2924, 0x3165, 0x39C6, 0x39A6, 0x41E6, 0x4205, 0x4A26, 0x4A26, 0x4A06, 0x5226, 0x5A66,
  0x6287, 0x62A7, 0x62A7, 0x62A7, 0x62A7, 0x62A7, 0x62A7, 0x62A7, 0x62A7, 0x5A67, 0x5246, 0x4A26,
  0x49E5, 0x41C5, 0x4A06, 0x4A06, 0x5226, 0x5226, 0x5226, 0x4A26, 0x4A06, 0x49E6, 0x41A6, 0x4185,
  0x49C6, 0x5A67, 0x7B28, 0x6AA7, 0x6287, 0x62A8, 0x5A67, 0x5205, 0x6287, 0x62A7, 0x62A7, 0x62A7,
  0x21CA, 0x21CA, 0x21CA, 0x29CA, 0x21CA, 0x29AA, 0x21AA, 0x29CA, 0x29C8, 0x4A48, 0x5A46, 0x6266,
  0x5A66, 0x5A66, 0x5A66, 0x5A66, 0x5A66, 0x5A66, 0x5A46, 0x5A66, 0x5A66, 0x5A66, 0x5A46, 0x6266,
  0x5A66, 0x5A46, 0x5A66, 0x5A66, 0x5A86, 0x5226, 0x5226, 0x5226, 0x4A06, 0x49E6, 0x4A06, 0x39C6,
  0x39A6, 0x39C6, 0x41C5, 0x4A06, 0x4A06, 0x3986, 0x41E7, 0x4A27, 0x5205, 0x5A26, 0x6247, 0x5A46,
  0x5A66, 0x5A66, 0x5A66, 0x5A66, 0x5A67, 0x6246, 0x5A66, 0x5268, 0x5A46, 0x6203, 0x89A1, 0x99C3,
  0x7225, 0x6267, 0x6A46, 0x6247, 0x5A48, 0x5A27, 0x6226, 0x5A67, 0x5206, 0x41C6, 0x41C6, 0x49E7,
  0x5207, 0x5207, 0x4A26, 0x41E5, 0x41C5, 0x5247, 0x62A8, 0x5A67, 0x5A67, 0x6287, 0x6287, 0x6287,
  0x62A8, 0x62A8, 0x62A8, 0x6288, 0x6287, 0x6287, 0x5A67, 0x5226, 0x5226, 0x5A66, 0x9BE9, 0xBCCD,
  0x9C4C, 0x62C9, 0x6B2B, 0x630B, 0x5ACB, 0x41C6, 0x3984, 0x4A06, 0x4A26, 0x4A25, 0x4A05, 0x5A47,
  0x5A66, 0x5A66, 0x5A66, 0x5A66, 0x5A66, 0x5A66, 0x5A67, 0x5A67, 0x5A66, 0x5A66, 0x4A05, 0x5A88,
  0x62CA, 0x5268, 0x5226, 0x5AA8, 0x5AC9, 0x52CA, 0x5288, 0x5205, 0x6286, 0x62A6, 0x5225, 0x41E5,
  0x4A27, 0x5ACB, 0x630C, 0x632C, 0x6B0B, 0x62EB, 0x6AEA, 0x6B0A, 0x738B, 0x7BED, 0x6B2B, 0x4A27,
  0x5A68, 0x5247, 0x5A67, 0x5226, 0x51E6, 0x5A28, 0x62EB, 0x5B0B, 0x5288, 0x4A47, 0x5AAA, 0x7B8D,
  0x7B6B, 0x5A87, 0x9C2D, 0xB4CE, 0xAC2B, 0xA3C9, 0xB4AD, 0x9C0C, 0x838C, 0x7BAD, 0x7BAC, 0x7BCE,
  0x630C, 0x2125, 0x2104, 0x2104, 0x2124, 0x3186, 0x39A6, 0x39C7, 0x41E7, 0x4A27, 0x4A26, 0x5226,
  0x5226, 0x5226, 0x5226, 0x5A46, 0x5A66, 0x6287, 0x62A7, 0x62A7, 0x62A7, 0x62A7, 0x62A7, 0x62A7,
  0x62A7, 0x62A7, 0x5A87, 0x5A46, 0x4A05, 0x5225, 0x5A67, 0x5246, 0x5226, 0x5205, 0x5225, 0x4A26,
  0x4A26, 0x5227, 0x5207, 0x41A5, 0x41A5, 0x6267, 0x7309, 0x62A7, 0x6287, 0x62C8, 0x5246, 0x5205,
  0x6287, 0x62C8, 0x62A7, 0x62A7, 0x21CA, 0x21CA, 0x21C9, 0x21CA, 0x29CA, 0x29CB, 0x21CA, 0x21CA,
  0x21C9, 0x39E7, 0x5A67, 0x6267, 0x5A67, 0x5A66, 0x5A66, 0x5A66, 0x5A46, 0x5A46, 0x5A46, 0x5A66,
  0x5A66, 0x5A66, 0x5A66, 0x5246, 0x5A67, 0x5226, 0x4A06, 0x5226, 0x4A06, 0x49E5, 0x49E6, 0x41C5,
  0x41A4, 0x49C5, 0x49E6, 0x39C6, 0x39A6, 0x41E7, 0x5227, 0x5A67, 0x5246, 0x41A5, 0x49E7, 0x4A27,
  0x4A05, 0x5A26, 0x6267, 0x5A46, 0x5A46, 0x5A46, 0x5A66, 0x5A66, 0x5A46, 0x5A46, 0x5246, 0x5247,
  0x4A67, 0x5244, 0x81C3, 0x9A03, 0x71C3, 0x61C5, 0x5A27, 0x5A48, 0x5248, 0x5227, 0x4A07, 0x41A5,
  0x41A5, 0x4A27, 0x4A27, 0x4A27, 0x4A06, 0x4A06, 0x41E6, 0x39A4, 0x5246, 0x62C8, 0x62A8, 0x6287,
  0x6287, 0x6287, 0x6287, 0x62A7, 0x62A7, 0x62A7, 0x62A7, 0x6288, 0x6287, 0x62A7, 0x5A67, 0x5226,
  0x5205, 0x6AC7, 0xAC6B, 0xB4AC, 0x940C, 0x6AEA, 0x630B, 0x6B2C, 0x5A8A, 0x3984, 0x4205, 0x4A05,
  0x4A25, 0x4A25, 0x4A05, 0x5A47, 0x5A66, 0x5A66, 0x5A66, 0x5A66, 0x5A66, 0x6287, 0x62A7, 0x6287,
  0x5A66, 0x5246, 0x4A26, 0x5288, 0x5289, 0x62EA, 0x5AA9, 0x5A68, 0x4A26, 0x4A47, 0x5288, 0x5204,
  0x6266, 0x6287, 0x5226, 0x41C5, 0x4207, 0x6B0B, 0x62EB, 0x630B, 0x62EA, 0x732A, 0x732A, 0x83AC,
  0x83ED, 0x6B0A, 0x5227, 0x4A27, 0x5AA8, 0x4A27, 0x5A47, 0x5206, 0x49C5, 0x4A07, 0x630B, 0x632B,
  0x5268, 0x5247, 0x62EB, 0x83AE, 0x732B, 0x732A, 0x8BCC, 0x940B, 0x9C2B, 0xB4AD, 0xAC8D, 0x8BAC,
  0x732B, 0x6B2B, 0x62EA, 0x738C, 0x6B0C, 0x2125, 0x2104, 0x2104, 0x2965, 0x39C7, 0x39A6, 0x39A6,
  0x41A7, 0x49E7, 0x4A27, 0x4A26, 0x5226, 0x5226, 0x5205, 0x5225, 0x5A66, 0x6287, 0x62A7, 0x62A7,
  0x62A7, 0x62A7, 0x62A7, 0x62A7, 0x62A7, 0x62A7, 0x6287, 0x5A66, 0x5205, 0x5246, 0x5A66, 0x5A66,
  0x5246, 0x5225, 0x5246, 0x5245, 0x4A05, 0x5206, 0x5206, 0x5227, 0x49E5, 0x6267, 0x72C8, 0x6287,
  0x62A7, 0x62C7, 0x5A66, 0x5205, 0x5226, 0x5A67, 0x6288, 0x62C8, 0x21EB, 0x21EA, 0x21C9, 0x21C9,
  0x29CB, 0x29CB, 0x21CA, 0x19CA, 0x21C9, 0x39E7, 0x5A88, 0x6247, 0x5A47, 0x5A66, 0x5A66, 0x5A66,
  0x5A66, 0x5A66, 0x5A46, 0x5246, 0x5266, 0x5246, 0x4A46, 0x4A05, 0x41E5, 0x41E5, 0x41C6, 0x41C6,
  0x41A6, 0x41C6, 0x41C6, 0x4A06, 0x5227, 0x6266, 0x5A67, 0x5247, 0x39C5, 0x4A26, 0x6287, 0x5A46,
  0x5A66, 0x49C5, 0x49E6, 0x4A26, 0x4A25, 0x5246, 0x5A67, 0x5A66, 0x5A46, 0x5A46, 0x5226, 0x5225,
  0x5A25, 0x5267, 0x5A67, 0x6A26, 0x6246, 0x5A46, 0x9205, 0xA283, 0x8A01, 0x8266, 0x4A06, 0x39E6,
  0x41E4, 0x49E4, 0x41E6, 0x41C6, 0x41A6, 0x41C6, 0x41E6, 0x41E5, 0x41E4, 0x49E4, 0x4A26, 0x4206,
  0x5226, 0x6287, 0x6287, 0x6287, 0x6287, 0x6287, 0x62A7, 0x62A7, 0x62A7, 0x62A7, 0x62A7, 0x6288,
  0x6287, 0x62A7, 0x5A67, 0x5227, 0x41A4, 0x7328, 0xBCED, 0xA46B, 0x7349, 0x62EA, 0x5AAB, 0x62CB,
  0x5AAA, 0x3163, 0x4A06, 0x4A26, 0x4A25, 0x5225, 0x4A06, 0x5247, 0x5A66, 0x5A66, 0x5A66, 0x6287,
  0x6287, 0x62A7, 0x62A7, 0x5A66, 0x5246, 0x4A05, 0x5267, 0x5288, 0x5AAA, 0x630C, 0x630C, 0x62AA,
  0x5247, 0x39A5, 0x41E6, 0x5205, 0x6266, 0x6A88, 0x5206, 0x49E6, 0x41C6, 0x6B2B, 0x736C, 0x6B6C,
  0x6B4B, 0x838A, 0x9C2D, 0x9C4E, 0x7B4C, 0x5A69, 0x5227, 0x5A68, 0x5268, 0x5247, 0x5247, 0x5A26,
  0x49A4, 0x4226, 0x632B, 0x5AEB, 0x5247, 0x5A68, 0x736C, 0x732B, 0x62A9, 0x83ED, 0x7B8B, 0x7349,
  0x942C, 0x9C4D, 0x83AB, 0x732A, 0x7BAE, 0x738D, 0x62E9, 0x7B8C, 0x6B0B, 0x2104, 0x1904, 0x2104,
  0x2104, 0x2965, 0x39A7, 0x39A7, 0x41A7, 0x39A6, 0x49E6, 0x5226, 0x5226, 0x5226, 0x5206, 0x5A26,
  0x5A66, 0x6287, 0x62A7, 0x62A7, 0x62A7, 0x62A7, 0x62A7, 0x62A7, 0x62A7, 0x62A7, 0x62A7, 0x5A66,
  0x5225, 0x5A66, 0x5A66, 0x5A67, 0x5A66, 0x5A46, 0x5A67, 0x5A66, 0x5226, 0x5206, 0x5206, 0x5226,
  0x6287, 0x6266, 0x6267, 0x6287, 0x5AA7, 0x5AA7, 0x5A87, 0x5A46, 0x5206, 0x4A06, 0x5227, 0x5A67,
  0x29EB, 0x2A0B, 0x2A0B, 0x2A0B, 0x29EB, 0x320C, 0x29EB, 0x21AA, 0x21A9, 0x3187, 0x5A68, 0x5A47,
  0x5A67, 0x5A67, 0x5246, 0x5246, 0x5247, 0x5227, 0x5226, 0x4205, 0x39C4, 0x41E5, 0x41C5, 0x41C5,
  0x41C5, 0x49E6, 0x5226, 0x5246, 0x5247, 0x5A67, 0x5226, 0x5226, 0x5227, 0x5A46, 0x5A66, 0x5287,
  0x41E5, 0x4A05, 0x5A66, 0x6266, 0x5A66, 0x49E5, 0x4A06, 0x4A27, 0x4A06, 0x49E6, 0x5226, 0x5225,
  0x5226, 0x4A06, 0x5227, 0x5226, 0x5A66, 0x5266, 0x5A65, 0x6A46, 0x6247, 0x5A46, 0x7A43, 0x9A83,
  0x9A62, 0xAB86, 0x7AC6, 0x49E5, 0x49E4, 0x5204, 0x5207, 0x5A47, 0x5226, 0x5226, 0x4A25, 0x5245,
  0x5266, 0x5266, 0x5A67, 0x5226, 0x5246, 0x5A66, 0x5A66, 0x6287, 0x62A7, 0x62A7, 0x62A7, 0x62A7,
  0x62A7, 0x62A8, 0x62A8, 0x62A8, 0x62A7, 0x5AC6, 0x5286, 0x4A07, 0x5206, 0x8BAA, 0xBCAC, 0xAC6C,
  0x6B0A, 0x5288, 0x5289, 0x5AAB, 0x4207, 0x3164, 0x41E5, 0x4A25, 0x4A45, 0x4A26, 0x5226, 0x5A67,
  0x5A66, 0x5A66, 0x5A66, 0x5AA7, 0x62A7, 0x62A7, 0x5A66, 0x5A66, 0x5246, 0x5226, 0x5288, 0x5AA9,
  0x6B0B, 0x6B2C, 0x6B0B, 0x6AEA, 0x5A88, 0x5268, 0x41C5, 0x3984, 0x5A26, 0x6A87, 0x49C5, 0x49E6,
  0x3965, 0x4A27, 0x7BAD, 0x8C0E, 0x9C6F, 0xA46E, 0x940D, 0x7B4B, 0x5A67, 0x5A47, 0x4A07, 0x5A88,
  0x5A67, 0x5267, 0x5227, 0x41A5, 0x3984, 0x4226, 0x5AC9, 0x5268, 0x5207, 0x5A48, 0x7BAD, 0x62CA,
  0x62EA, 0x83CD, 0x734B, 0x7B8B, 0x83AC, 0x7B6A, 0x734A, 0x7BCC, 0x7BAD, 0x7BAD, 0x734B, 0x6B2B,
  0x5AAA, 0x39E7, 0x2104, 0x2125, 0x2124, 0x2104, 0x3165, 0x39C6, 0x39A7, 0x39C6, 0x39A6, 0x4A06,
  0x4A26, 0x4A26, 0x4A06, 0x5226, 0x5A66, 0x5A67, 0x62A7, 0x62A7, 0x62A7, 0x62A8, 0x62A8, 0x62A8,
  0x62A8, 0x6287, 0x6287, 0x5A46, 0x5246, 0x4A26, 0x49E5, 0x5A67, 0x5A67, 0x5A67, 0x5A66, 0x5246,
  0x5205, 0x5205, 0x5205, 0x6287, 0x6AC8, 0x5A67, 0x49E5, 0x5246, 0x5A66, 0x62A7, 0x62A7, 0x62A7,
  0x5A67, 0x5226, 0x4A05, 0x4A05, 0x1969, 0x198A, 0x29EC, 0x2A2D, 0x2A0C, 0x2A0C, 0x322D, 0x29EC,
  0x29A9, 0x39E8, 0x4A27, 0x4A26, 0x4A06, 0x5206, 0x4A26, 0x41E5, 0x39A6, 0x39C6, 0x41C5, 0x39C4,
  0x4A26, 0x4A26, 0x4A06, 0x5247, 0x5A47, 0x6288, 0x6287, 0x5A86, 0x5A66, 0x5A67, 0x5A46, 0x5A67,
  0x5226, 0x5205, 0x5A66, 0x5A66, 0x4A25, 0x5225, 0x5A66, 0x6246, 0x5246, 0x4A05, 0x4206, 0x4A27,
  0x41C6, 0x41A5, 0x49E5, 0x5226, 0x5247, 0x5247, 0x5A47, 0x5A45, 0x7307, 0x7B27, 0x7B07, 0x6AA6,
  0x5A47, 0x6246, 0x7243, 0x9A44, 0xA223, 0x8A41, 0x9324, 0x59E5, 0x5227, 0x5A66, 0x5A47, 0x5A67,
  0x5A66, 0x6286, 0x5A86, 0x5A86, 0x5A67, 0x5A67, 0x5A46, 0x5205, 0x5246, 0x5A66, 0x5A66, 0x62A7,
  0x62A7, 0x62A7, 0x62A7, 0x62A7, 0x62A7, 0x62A7, 0x62A8, 0x6288, 0x62A7, 0x62C7, 0x5AA7, 0x5206,
  0x6246, 0x9C0A, 0xBCAB, 0x93AB, 0x62CA, 0x5287, 0x5A88, 0x62AB, 0x3185, 0x39A5, 0x49E5, 0x4A45,
  0x4A45, 0x4A26, 0x5246, 0x5A67, 0x5A66, 0x5A66, 0x5266, 0x5AA7, 0x62A7, 0x6286, 0x5A66, 0x5A46,
  0x5226, 0x5AA9, 0x62EA, 0x5A89, 0x5A68, 0x5A68, 0x4A27, 0x5247, 0x5247, 0x41C5, 0x49E6, 0x2924,
  0x5226, 0x62A7, 0x49E5, 0x5A68, 0x3985, 0x3124, 0x62CA, 0x62C9, 0x6AA8, 0x7B2A, 0x732B, 0x62CA,
  0x5A88, 0x5246, 0x4A27, 0x5268, 0x5A68, 0x5A47, 0x3985, 0x2923, 0x3164, 0x4A26, 0x5A88, 0x5A68,
  0x4A06, 0x5A68, 0x7B8C, 0x5AC9, 0x6B2B, 0x738C, 0x734C, 0x8BED, 0x7B8C, 0x732B, 0x7BCC, 0x7BCC,
  0x7BCC, 0x83AD, 0x734C, 0x5ACA, 0x52AA, 0x4A48, 0x2124, 0x2125, 0x1904, 0x2104, 0x2944, 0x39C6,
  0x39A6, 0x39C6, 0x39A6, 0x41E6, 0x4A27, 0x4A26, 0x4A26, 0x5226, 0x5A67, 0x5A67, 0x62A8, 0x62A8,
  0x62A8, 0x6287, 0x5A87, 0x62A8, 0x62A8, 0x6287, 0x6287, 0x5A46, 0x5247, 0x4206, 0x4184, 0x5A47,
  0x5A67, 0x5A67, 0x5266, 0x4A05, 0x49E5, 0x6287, 0x72E8, 0x6AC7, 0x6287, 0x5A67, 0x4A06, 0x4A06,
  0x5225, 0x5245, 0x5246, 0x5246, 0x6288, 0x5A68, 0x5A88, 0x5247, 0x2189, 0x21CB, 0x2A2D, 0x21EC,
  0x29EC, 0x21AB, 0x21CC, 0x2A0C, 0x322B, 0x3A2A, 0x4228, 0x4227, 0x4A06, 0x51E6, 0x5A66, 0x4A06,
  0x39A5, 0x41C6, 0x5226, 0x5A87, 0x5246, 0x5246, 0x5A67, 0x5A67, 0x6287, 0x6287, 0x5A67, 0x5A67,
  0x5A67, 0x5A67, 0x5A67, 0x5A67, 0x5A66, 0x5225, 0x5225, 0x5266, 0x4A25, 0x5246, 0x5A66, 0x5A46,
  0x5A46, 0x49E5, 0x4A06, 0x4A27, 0x41C5, 0x5227, 0x5A27, 0x5A27, 0x6267, 0x6247, 0x6266, 0x8327,
  0x8B45, 0x8B26, 0x8B26, 0x8325, 0x6A66, 0x6226, 0x7A03, 0x9202, 0xA224, 0x8A01, 0x9B44, 0x6245,
  0x5A47, 0x5A66, 0x5285, 0x5A67, 0x5A67, 0x5A67, 0x5A66, 0x5A66, 0x5A66, 0x5A67, 0x5A46, 0x5205,
  0x5246, 0x5A67, 0x5A67, 0x62A7, 0x62A7, 0x62A7, 0x62A7, 0x62A7, 0x62A7, 0x62A7, 0x62A7, 0x6288,
  0x6A88, 0x62A7, 0x6287, 0x51E4, 0x72A6, 0xB4AB, 0xB4AD, 0x730A, 0x5289, 0x52A8, 0x5268, 0x62CB,
  0x39A5, 0x39A5, 0x4A26, 0x4A66, 0x4A66, 0x4A46, 0x5247, 0x5A87, 0x5A66, 0x5A67, 0x5A66, 0x5AA7,
  0x62A8, 0x6287, 0x5A67, 0x5226, 0x4A06, 0x4A07, 0x5268, 0x5A89, 0x5A89, 0x5268, 0x5A89, 0x5AA9,
  0x5267, 0x4A06, 0x39A5, 0x39A5, 0x41A5, 0x5A67, 0x5A47, 0x5A67, 0x49C6, 0x3964, 0x3964, 0x4A27,
  0x4A05, 0x5A67, 0x6B2B, 0x5AEB, 0x5288, 0x5247, 0x4A27, 0x5A68, 0x5247, 0x49E6, 0x41A4, 0x39A5,
  0x39A5, 0x4227, 0x62EA, 0x62A9, 0x49E6, 0x41C6, 0x62C9, 0x5268, 0x630B, 0x5ACA, 0x6B0B, 0x7BAD,
  0x7B8D, 0x736C, 0x6B2B, 0x6B4B, 0x7BAD, 0x5AA9, 0x3985, 0x3985, 0x4A27, 0x4A49, 0x2104, 0x1925,
  0x1925, 0x1905, 0x2104, 0x2965, 0x39C7, 0x39C6, 0x39A6, 0x41E6, 0x4A27, 0x4A26, 0x4A26, 0x5226,
  0x5A87, 0x5A87, 0x62A8, 0x62A8, 0x62A8, 0x62A8, 0x5AA7, 0x62A7, 0x62A7, 0x62A7, 0x62A7, 0x5A66,
  0x4A06, 0x39A5, 0x41A5, 0x5A47, 0x5A67, 0x5A67, 0x5246, 0x49E4, 0x6286, 0x7308, 0x6AA7, 0x62A7,
  0x5A87, 0x4A26, 0x5206, 0x4A05, 0x5246, 0x62A7, 0x62A7, 0x62A8, 0x4A06, 0x41A6, 0x49C6, 0x5227,
  0x21CA, 0x2A2C, 0x2A2D, 0x2A2D, 0x322D, 0x2A0D, 0x19AC, 0x29EC, 0x320B, 0x320B, 0x320A, 0x4249,
  0x5A89, 0x5A67, 0x5A67, 0x4A26, 0x39A5, 0x4A07, 0x5A68, 0x5A66, 0x5A26, 0x5A46, 0x5A66, 0x6287,
  0x6267, 0x6266, 0x5A67, 0x5A47, 0x5A47, 0x5A46, 0x5A46, 0x5A66, 0x5A66, 0x5A46, 0x4A05, 0x5246,
  0x4A06, 0x5246, 0x6267, 0x6267, 0x5A47, 0x4A06, 0x4A06, 0x4A27, 0x4A06, 0x5226, 0x5A67, 0x5A47,
  0x5A67, 0x5A46, 0x6AC7, 0x72C6, 0x7AC4, 0x8B28, 0x8306, 0x8344, 0x6A66, 0x6207, 0x71E4, 0x89E2,
  0x9A04, 0x9221, 0xABA4, 0x7AA4, 0x5A06, 0x5A68, 0x5286, 0x5A67, 0x5A67, 0x5A67, 0x5A67, 0x5A66,
  0x6266, 0x6266, 0x5A46, 0x5205, 0x5246, 0x5A67, 0x5A67, 0x62A7, 0x62A7, 0x62A7, 0x62A7, 0x62A7,
  0x62A7, 0x6287, 0x62A7, 0x6AA8, 0x6288, 0x5A47, 0x5205, 0x5205, 0x8BAA, 0xB4CE, 0x9C6D, 0x6B2B,
  0x528A, 0x5288, 0x5AA9, 0x5249, 0x3985, 0x41C5, 0x4A46, 0x5286, 0x4A86, 0x4A66, 0x5246, 0x5A66,
  0x5A47, 0x5A67, 0x5A66, 0x5A87, 0x6287, 0x6267, 0x5A47, 0x5206, 0x4A06, 0x5AA9, 0x5AAA, 0x4A27,
  0x4A27, 0x4A28, 0x4A28, 0x41E6, 0x4A47, 0x5268, 0x41E6, 0x2924, 0x3964, 0x41C5, 0x5226, 0x6288,
  0x5226, 0x41C5, 0x3164, 0x39A5, 0x5A88, 0x5227, 0x5AAA, 0x630C, 0x52A9, 0x5267, 0x5268, 0x5A68,
  0x4A05, 0x4184, 0x6288, 0x4A06, 0x39C5, 0x4206, 0x62EA, 0x6AEA, 0x49C6, 0x41A5, 0x5A89, 0x4A47,
  0x630B, 0x5ACA, 0x5ACA, 0x630B, 0x62EA, 0x736C, 0x5AAA, 0x62CB, 0x5AAA, 0x3985, 0x41A5, 0x4A27,
  0x39C5, 0x39C6, 0x1904, 0x1925, 0x1925, 0x1925, 0x1904, 0x2145, 0x39A7, 0x39C6, 0x39A6, 0x41E6,
  0x4A27, 0x4A26, 0x4A26, 0x5A46, 0x5A87, 0x6287, 0x62A8, 0x62A8, 0x62A8, 0x5A67, 0x5AA8, 0x5AA7,
  0x62A7, 0x62A7, 0x62A7, 0x5A87, 0x4A07, 0x3985, 0x49E6, 0x5A67, 0x5A67, 0x5A47, 0x5205, 0x6286,
  0x7B48, 0x6AC7, 0x62A7, 0x5A67, 0x4A26, 0x4A26, 0x5206, 0x5226, 0x62A7, 0x62A7, 0x5A87, 0x62A8,
  0x5226, 0x41E6, 0x41A5, 0x3985, 0x21CA, 0x2A2C, 0x2A2D, 0x2A2D, 0x2A0E, 0x2A2E, 0x2A2E, 0x322D,
  0x320B, 0x322C, 0x2A2C, 0x3A0A, 0x5248, 0x5A47, 0x5A66, 0x5246, 0x41C6, 0x5227, 0x5226, 0x5205,
  0x5A46, 0x5A46, 0x6266, 0x6287, 0x5A66, 0x5A66, 0x5A46, 0x5206, 0x5A47, 0x5226, 0x5205, 0x5245,
  0x5A66, 0x5A66, 0x5226, 0x4A06, 0x41E5, 0x5247, 0x5A67, 0x6AA7, 0x6267, 0x5206, 0x4A06, 0x4A06,
  0x4A06, 0x5226, 0x5A66, 0x5A66, 0x5266, 0x5A87, 0x5A67, 0x5205, 0x5A05, 0x6A87, 0x7B07, 0x72E5,
  0x6246, 0x6247, 0x69E3, 0x81C2, 0x9A23, 0x9A82, 0xB384, 0x9344, 0x7266, 0x6248, 0x5A66, 0x5A66,
  0x5A67, 0x5A67, 0x5A67, 0x6267, 0x5A66, 0x5A46, 0x5A47, 0x5226, 0x5206, 0x5246, 0x5A67, 0x6287,
  0x62A8, 0x62A7, 0x62A7, 0x62A7, 0x62A7, 0x62A7, 0x6286, 0x5246, 0x4A26, 0x5246, 0x5267, 0x6287,
  0x940D, 0x93ED, 0x7B8B, 0x630B, 0x4A8A, 0x5288, 0x62EA, 0x3986, 0x3185, 0x41E6, 0x4A26, 0x4A65,
  0x4A65, 0x4A05, 0x5246, 0x5A66, 0x5A67, 0x5A46, 0x5A66, 0x5A66, 0x6266, 0x5A47, 0x5206, 0x5206,
  0x4A27, 0x41E6, 0x3185, 0x20C2, 0x2903, 0x2903, 0x2103, 0x20E2, 0x2943, 0x39A5, 0x4A27, 0x2944,
  0x3985, 0x39A5, 0x5226, 0x62A7, 0x6287, 0x4A06, 0x39A4, 0x39A5, 0x41A5, 0x5227, 0x5289, 0x5ACB,
  0x52CA, 0x5288, 0x5226, 0x4184, 0x41A4, 0x6287, 0x5226, 0x39A4, 0x39C5, 0x41E6, 0x62EA, 0x6AEB,
  0x41C6, 0x41A6, 0x5A89, 0x4A27, 0x5AA9, 0x5A89, 0x5ACA, 0x6B0B, 0x5289, 0x630B, 0x5A8A, 0x5A6A,
  0x41A6, 0x41E6, 0x5268, 0x5247, 0x5268, 0x39C6, 0x1903, 0x1924, 0x1925, 0x1925, 0x1925, 0x1904,
  0x3186, 0x39C6, 0x39A6, 0x41E6, 0x4A27, 0x4A26, 0x4A26, 0x5A46, 0x5A67, 0x6287, 0x62A8, 0x6288,
  0x62A8, 0x41E5, 0x4206, 0x62C8, 0x62A7, 0x62A7, 0x5A87, 0x5267, 0x41C6, 0x3986, 0x5A67, 0x5A67,
  0x5A66, 0x5225, 0x5A87, 0x7308, 0x6AA7, 0x62A7, 0x5A66, 0x4A25, 0x4A46, 0x4A05, 0x4A06, 0x5226,
  0x5A87, 0x62A7, 0x62A7, 0x62A7, 0x5246, 0x4A45, 0x4206, 0x41E7, 0x21CA, 0x2A2C, 0x2A2D, 0x2A2E,
  0x2A2E, 0x2A0E, 0x2A2D, 0x320C, 0x320B, 0x2A2D, 0x2A4D, 0x320A, 0x5248, 0x5A46, 0x5A66, 0x5A66,
  0x41C6, 0x49E6, 0x5226, 0x5A66, 0x5A46, 0x5A46, 0x6287, 0x62A7, 0x5A66, 0x5246, 0x5205, 0x5A46,
  0x5A67, 0x5A67, 0x5246, 0x5205, 0x5246, 0x5A66, 0x5225, 0x49E6, 0x41C5, 0x5A48, 0x62A8, 0x6287,
  0x5A67, 0x5226, 0x4A06, 0x4A06, 0x5206, 0x5A46, 0x5A66, 0x5A66, 0x5A66, 0x5287, 0x5287, 0x4A26,
  0x5227, 0x5247, 0x5A86, 0x6286, 0x5A26, 0x6A85, 0x9B65, 0x9243, 0x9A62, 0x9242, 0x9262, 0xABC4,
  0x82C3, 0x6A45, 0x6245, 0x6244, 0x6265, 0x6246, 0x5A66, 0x5A66, 0x5A66, 0x5A66, 0x5A67, 0x5246,
  0x5206, 0x5206, 0x5226, 0x5A67, 0x5A67, 0x5A67, 0x5A47, 0x5246, 0x5226, 0x5A46, 0x5A66, 0x5A66,
  0x5266, 0x5267, 0x5A67, 0x62A6, 0x83AA, 0x8BAC, 0x7B6A, 0x6B0B, 0x52AA, 0x5287, 0x62EA, 0x41C7,
  0x39C6, 0x41C6, 0x5A67, 0x5AC7, 0x5A86, 0x41E4, 0x5A67, 0x5A66, 0x5A67, 0x5A66, 0x6265, 0x6265,
  0x6286, 0x5A66, 0x5226, 0x5227, 0x39A5, 0x2924, 0x2944, 0x3185, 0x3164, 0x3165, 0x3165, 0x3164,
  0x2103, 0x18C2, 0x3164, 0x39C6, 0x2103, 0x39A5, 0x4A06, 0x5A46, 0x6AA7, 0x5A46, 0x41C4, 0x39A4,
  0x3984, 0x3984, 0x3985, 0x2985, 0x3185, 0x3984, 0x3963, 0x3963, 0x6287, 0x6266, 0x49C4, 0x5A67,
  0x41E6, 0x39E6, 0x5AAA, 0x62CA, 0x49E7, 0x41C6, 0x5A89, 0x41C5, 0x5227, 0x5A68, 0x6B0A, 0x62EA,
  0x5AA9, 0x5ACA, 0x5248, 0x41A6, 0x41E6, 0x5268, 0x62C9, 0x5A88, 0x5227, 0x5AA9, 0x41E6, 0x2124,
  0x1924, 0x1924, 0x1924, 0x1904, 0x3165, 0x39C6, 0x39A6, 0x41E6, 0x4A06, 0x4A26, 0x4A06, 0x5226,
  0x5A67, 0x6287, 0x62A8, 0x62A8, 0x6AC8, 0x4206, 0x31A5, 0x4A06, 0x62A8, 0x6287, 0x5A67, 0x5247,
  0x39A6, 0x41A6, 0x5246, 0x5A86, 0x5A45, 0x5A86, 0x7329, 0x62A7, 0x6287, 0x5A67, 0x4A26, 0x4A06,
  0x5226, 0x5226, 0x4A06, 0x5A67, 0x62A7, 0x5A87, 0x62A7, 0x5A67, 0x4A25, 0x4A25, 0x4206, 0x39C7,
  0x21EA, 0x2A2C, 0x2A4D, 0x2A2E, 0x2A2E, 0x2A2E, 0x2A2D, 0x320C, 0x320B, 0x2A2D, 0x222D, 0x320A,
  0x5228, 0x6246, 0x5A66, 0x5A87, 0x49E6, 0x49E6, 0x5A67, 0x5A66, 0x5A47, 0x6287, 0x6287, 0x5A67,
  0x5246, 0x4A26, 0x5A66, 0x5A66, 0x5A66, 0x5A67, 0x5A67, 0x5226, 0x49E6, 0x5A46, 0x5A67, 0x4A06,
  0x41A5, 0x5227, 0x6AA8, 0x5A46, 0x5A47, 0x5A47, 0x4A06, 0x4A06, 0x5226, 0x5A66, 0x5A46, 0x6246,
  0x5A66, 0x5A66, 0x5246, 0x4A05, 0x5246, 0x5A86, 0x5A86, 0x5A47, 0x6247, 0x7AE3, 0xABE3, 0xA262,
  0x9A42, 0x89E3, 0x89E3, 0xB383, 0xA3A2, 0x9B66, 0x7285, 0x72A4, 0x7285, 0x6245, 0x6286, 0x5A67,
  0x5267, 0x5266, 0x5A47, 0x5A67, 0x5226, 0x5206, 0x5206, 0x5226, 0x5206, 0x49E6, 0x49E6, 0x49E6,
  0x5206, 0x5A46, 0x5A87, 0x5A66, 0x5A67, 0x6267, 0x5A45, 0x72E5, 0xACAC, 0xAC8D, 0x9C4C, 0x6AEA,
  0x5269, 0x5287, 0x62C9, 0x41E7, 0x31A6, 0x49E6, 0x62A7, 0x7369, 0x62A7, 0x49E5, 0x6266, 0x5A46,
  0x5A46, 0x6266, 0x6264, 0x6AA5, 0x7328, 0x7B49, 0x62A8, 0x5A88, 0x5288, 0x5269, 0x52AA, 0x62EB,
  0x4207, 0x2904, 0x2965, 0x3165, 0x2964, 0x2103, 0x20E3, 0x2103, 0x18E3, 0x3185, 0x41A4, 0x5A45,
  0x6AA7, 0x6287, 0x4A26, 0x39C4, 0x41A4, 0x4184, 0x3985, 0x3185, 0x3185, 0x3983, 0x5246, 0x6AC8,
  0x5A66, 0x5225, 0x5A66, 0x6287, 0x39A4, 0x39E6, 0x5A89, 0x62AA, 0x5227, 0x5228, 0x5A89, 0x3984,
  0x49E5, 0x5247, 0x5A88, 0x5227, 0x5268, 0x5268, 0x5207, 0x49E6, 0x4A27, 0x62E9, 0x83CD, 0x734B,
  0x5227, 0x4A06, 0x5288, 0x31A5, 0x1903, 0x1924, 0x1924, 0x2104, 0x3165, 0x39C6, 0x39A5, 0x41E6,
  0x4A06, 0x4A26, 0x4A26, 0x5226, 0x5A67, 0x5A67, 0x5A47, 0x5A47, 0x5A67, 0x4207, 0x39A6, 0x41C5,
  0x5A67, 0x5A67, 0x5247, 0x4207, 0x39A6, 0x4A27, 0x5A66, 0x5A65, 0x5A85, 0x7348, 0x5A65, 0x5A87,
  0x5A67, 0x4A06, 0x4A27, 0x4A26, 0x5205, 0x5205, 0x5206, 0x5A88, 0x62A7, 0x5A87, 0x62C8, 0x5246,
  0x4A26, 0x4226, 0x39A6, 0x3187, 0x21AA, 0x2A2C, 0x2A2D, 0x2A0E, 0x2A0E, 0x2A2D, 0x2A4C, 0x2A2D,
  0x31EC, 0x320D, 0x2A2E, 0x2A2A, 0x4A47, 0x5A67, 0x5A66, 0x5A67, 0x49E6, 0x49E6, 0x6267, 0x6266,
  0x6287, 0x62A7, 0x5A67, 0x5A66, 0x5A46, 0x5A46, 0x5A66, 0x5A46, 0x5A67, 0x5A67, 0x5A67, 0x5226,
  0x49E5, 0x5A46, 0x5A67, 0x5247, 0x41E5, 0x4A26, 0x62A8, 0x5A66, 0x6287, 0x5246, 0x49E5, 0x4A06,
  0x5226, 0x5A66, 0x5A66, 0x5A66, 0x5A67, 0x5A67, 0x5206, 0x41A5, 0x41E5, 0x5226, 0x5A66, 0x5A27,
  0x6A45, 0xA383, 0xB383, 0xA282, 0xA242, 0x9A22, 0xA242, 0xBB85, 0xAB42, 0xA323, 0xAB64, 0xAB84,
  0xAB84, 0x82C4, 0x5A04, 0x4A47, 0x4226, 0x4A25, 0x5A46, 0x5226, 0x5205, 0x5206, 0x4A06, 0x49E6,
  0x41C5, 0x39A5, 0x39A5, 0x41C6, 0x5227, 0x5A47, 0x5A67, 0x5A66, 0x6266, 0x5A46, 0x5A66, 0x7B27,
  0xB4CD, 0xB4CC, 0x836A, 0x5A89, 0x5AA9, 0x630A, 0x41E6, 0x3164, 0x41E5, 0x4A25, 0x5A87, 0x6309,
  0x5267, 0x5226, 0x6267, 0x5A45, 0x5A66, 0x6A67, 0x7AE6, 0x8348, 0x7B69, 0x83AA, 0x7B8B, 0x6B09,
  0x630A, 0x5AC9, 0x52A9, 0x5AEB, 0x6B4C, 0x41E6, 0x20E3, 0x2944, 0x2924, 0x20E3, 0x20E3, 0x2104,
  0x2125, 0x2124, 0x39A5, 0x5A66, 0x62A7, 0x62A7, 0x62A7, 0x4A25, 0x39C4, 0x4A05, 0x5A88, 0x62C9,
  0x62A8, 0x6AA8, 0x6AC8, 0x6266, 0x5204, 0x6286, 0x62A7, 0x4205, 0x2943, 0x39C5, 0x5268, 0x5A89,
  0x62EB, 0x5269, 0x5228, 0x41C6, 0x49E6, 0x5206, 0x5A47, 0x5227, 0x5A88, 0x5268, 0x3985, 0x4A06,
  0x5A88, 0x6B2B, 0x73AC, 0x83CD, 0x734B, 0x5A47, 0x62A9, 0x39A6, 0x18E3, 0x2124, 0x2145, 0x2965,
  0x2945, 0x39A6, 0x41C6, 0x41C5, 0x41E5, 0x4A26, 0x5246, 0x5A46, 0x5A66, 0x5A46, 0x4A05, 0x4A06,
  0x4A06, 0x4A06, 0x41C6, 0x39A5, 0x4A05, 0x5A26, 0x5206, 0x39A6, 0x3985, 0x5206, 0x62A6, 0x6AC5,
  0x7307, 0x62C7, 0x5A67, 0x5226, 0x5226, 0x4A06, 0x4A26, 0x4A26, 0x5205, 0x5205, 0x5A67, 0x62A8,
  0x6287, 0x62A7, 0x6287, 0x5206, 0x4A06, 0x41E6, 0x39C7, 0x2966, 0x21AA, 0x29EB, 0x2A0D, 0x2A0E,
  0x2A0E, 0x2A2D, 0x2A2C, 0x222E, 0x31EC, 0x3A0B, 0x2A2D, 0x2A2B, 0x4A48, 0x5A67, 0x5A66, 0x5A67,
  0x41E6, 0x4A06, 0x5A47, 0x6266, 0x62A7, 0x6287, 0x5A66, 0x5225, 0x5A46, 0x5A66, 0x5A46, 0x5A47,
  0x5A67, 0x5A67, 0x5A26, 0x5206, 0x5A46, 0x5A46, 0x5A66, 0x5A67, 0x4A05, 0x5226, 0x5A87, 0x6287,
  0x62A7, 0x5A47, 0x49E5, 0x4A06, 0x5226, 0x5A67, 0x5A46, 0x5245, 0x5226, 0x5226, 0x49E6, 0x41E5,
  0x4A26, 0x5246, 0x5225, 0x4A06, 0x6244, 0xA383, 0xAB22, 0x91E1, 0x9A43, 0xA243, 0x9201, 0xA263,
  0x9A83, 0x9261, 0x9A81, 0xAB84, 0xAB83, 0xA3A5, 0x72A4, 0x5245, 0x5266, 0x5A45, 0x5204, 0x5225,
  0x4A05, 0x4A06, 0x4A26, 0x41E6, 0x41E6, 0x39E6, 0x39A5, 0x41E6, 0x4A07, 0x5A27, 0x5A66, 0x5A46,
  0x5A66, 0x5A46, 0x5A66, 0x838A, 0x93EB, 0xAC6C, 0x838B, 0x62CA, 0x6B0B, 0x6B4C, 0x4207, 0x3984,
  0x41C4, 0x4A65, 0x5AC7, 0x5AA8, 0x4A05, 0x5226, 0x5A66, 0x5A66, 0x5A46, 0x72A6, 0x9387, 0x8B6A,
  0x9C0C, 0xA46B, 0xA44E, 0x7B6C, 0x6B0B, 0x630B, 0x52AA, 0x52A9, 0x630A, 0x6B4B, 0x41C6, 0x18A2,
  0x20E3, 0x2103, 0x20E3, 0x2945, 0x2125, 0x2104, 0x3163, 0x5A46, 0x62A7, 0x6AA7, 0x6287, 0x5266,
  0x4A25, 0x41C4, 0x4A05, 0x5A46, 0x5A46, 0x5A26, 0x6287, 0x5A46, 0x6286, 0x6AC7, 0x5A66, 0x4A26,
  0x3184, 0x2923, 0x39A5, 0x5289, 0x62CA, 0x6B0B, 0x5269, 0x4A07, 0x41C6, 0x3964, 0x5226, 0x41C5,
  0x5227, 0x41E6, 0x39A5, 0x5268, 0x52A9, 0x630A, 0x736C, 0x83CE, 0x83AD, 0x732B, 0x5268, 0x2924,
  0x2124, 0x1904, 0x2945, 0x39C7, 0x39A7, 0x39C6, 0x4A07, 0x5226, 0x5226, 0x4A26, 0x5226, 0x5A66,
  0x5A66, 0x6287, 0x5A67, 0x5247, 0x5247, 0x5227, 0x41E6, 0x39A5, 0x39C5, 0x49E5, 0x5206, 0x41A6,
  0x41A5, 0x5A67, 0x7328, 0x7307, 0x6AC6, 0x6287, 0x62A8, 0x62A8, 0x5A66, 0x4A06, 0x4A06, 0x4A26,
  0x4A05, 0x5226, 0x5A87, 0x62A7, 0x62A7, 0x6287, 0x5A47, 0x49E6, 0x49E6, 0x39C6, 0x3186, 0x2126,
  0x21CB, 0x21EB, 0x2A0D, 0x2A0E, 0x2A0E, 0x2A2D, 0x322D, 0x2A2D, 0x320B, 0x39EA, 0x2A2C, 0x322B,
  0x4A49, 0x5A67, 0x5A66, 0x6267, 0x41E6, 0x41C6, 0x5A47, 0x6266, 0x62A7, 0x5A66, 0x5A66, 0x5A46,
  0x5225, 0x5A66, 0x5A67, 0x5A67, 0x5A47, 0x5A47, 0x5206, 0x5A46, 0x62A8, 0x6266, 0x5A46, 0x5A67,
  0x5246, 0x5246, 0x62A7, 0x6287, 0x62A8, 0x5A47, 0x4A06, 0x4A27, 0x5227, 0x49E6, 0x49E5, 0x5225,
  0x5226, 0x5246, 0x5A66, 0x5266, 0x5A86, 0x5286, 0x5265, 0x4A25, 0x6A65, 0x9B43, 0x9A82, 0x8181,
  0x9223, 0xA264, 0x89C2, 0x7940, 0x91E3, 0x9202, 0x9A62, 0xAB85, 0xA364, 0xAB83, 0xA3A5, 0x7AE5,
  0x5A45, 0x6266, 0x5A46, 0x5225, 0x4A25, 0x4A06, 0x4A26, 0x4A06, 0x4A26, 0x4A26, 0x4A06, 0x41C6,
  0x5226, 0x5247, 0x5A66, 0x5A66, 0x5A67, 0x5A67, 0x5A67, 0x83AB, 0x83AA, 0x8389, 0x732A, 0x5AA9,
  0x5289, 0x5AEA, 0x4207, 0x3984, 0x41C5, 0x5286, 0x5AE8, 0x5A87, 0x4A05, 0x5266, 0x5A66, 0x5A67,
  0x5A47, 0x72C3, 0x93C7, 0x936C, 0xAC6D, 0xBCCA, 0xA40D, 0x838E, 0x730C, 0x6B0B, 0x62EB, 0x5288,
  0x5A88, 0x62EA, 0x5A89, 0x4206, 0x3143, 0x20E2, 0x2964, 0x2944, 0x1903, 0x2123, 0x41C5, 0x5A46,
  0x6AA7, 0x6A86, 0x6A87, 0x62A7, 0x5A86, 0x5A86, 0x5A66, 0x6266, 0x6266, 0x6266, 0x6287, 0x6AA8,
  0x6287, 0x5225, 0x5225, 0x41C4, 0x3143, 0x41C5, 0x3984, 0x3984, 0x5268, 0x62EA, 0x6B0B, 0x5A89,
  0x4A27, 0x49E6, 0x5227, 0x3964, 0x49E6, 0x41C6, 0x41C6, 0x62CA, 0x5288, 0x52A9, 0x6B2B, 0x734C,
  0x6B2B, 0x5268, 0x2923, 0x2124, 0x2104, 0x2125, 0x3986, 0x39A7, 0x39A6, 0x41C6, 0x5226, 0x5226,
  0x4A25, 0x4A25, 0x5226, 0x5A66, 0x5A66, 0x6287, 0x62A8, 0x62A8, 0x5A67, 0x5226, 0x5227, 0x39C6,
  0x39A6, 0x5207, 0x5A47, 0x3984, 0x5226, 0x7329, 0x7309, 0x6AA7, 0x6287, 0x62A7, 0x62A7, 0x62A7,
  0x5A67, 0x4A26, 0x4A26, 0x4A06, 0x5246, 0x6287, 0x5AA7, 0x62A7, 0x6287, 0x6287, 0x5A47, 0x4A07,
  0x41C6, 0x31A6, 0x2125, 0x1926, 0x21CB, 0x29EB, 0x322D, 0x2A0E, 0x2A0E, 0x2A2D, 0x320E, 0x2A0D,
  0x320A, 0x39E9, 0x2A0B, 0x320C, 0x5249, 0x5A67, 0x5A66, 0x6267, 0x49E6, 0x39A5, 0x5226, 0x6A87,
  0x62A7, 0x5A46, 0x5A66, 0x6287, 0x6287, 0x6287, 0x5A67, 0x5A67, 0x5A67, 0x5226, 0x5226, 0x5A67,
  0x5A67, 0x6266, 0x5A66, 0x5A66, 0x5A47, 0x5226, 0x6287, 0x6287, 0x62A8, 0x5A68, 0x41E6, 0x4A07,
  0x41A5, 0x49C5, 0x5206, 0x5A47, 0x5A66, 0x5A86, 0x5266, 0x5285, 0x5AA5, 0x5286, 0x5285, 0x5266,
  0x6A65, 0x9B44, 0x9243, 0x8182, 0x89C1, 0xA284, 0x9223, 0x8161, 0x9A23, 0xA263, 0xA262, 0xAB03,
  0xB363, 0xB341, 0xB3A2, 0x8B23, 0x6244, 0x5A87, 0x5A46, 0x5246, 0x5246, 0x4A25, 0x4A26, 0x5226,
  0x5206, 0x4A26, 0x4A26, 0x49C5, 0x5206, 0x5226, 0x5A46, 0x5A66, 0x5A47, 0x5246, 0x7B6A, 0x83CC,
  0x7B8B, 0x6B09, 0x62A8, 0x5268, 0x5ACA, 0x4A48, 0x3185, 0x39C5, 0x4A06, 0x4A46, 0x5286, 0x5266,
  0x4A25, 0x5246, 0x5A86, 0x5A67, 0x6227, 0x72C2, 0x93C6, 0x8B6D, 0x9C6D, 0xACAB, 0x93CC, 0x7B2A,
  0x83AC, 0x7B8C, 0x62EA, 0x5AA9, 0x5A88, 0x5A88, 0x4A47, 0x5247, 0x4A26, 0x3984, 0x2943, 0x2103,
  0x18E3, 0x2103, 0x49E6, 0x5205, 0x6266, 0x6AA7, 0x6AA7, 0x62A6, 0x62A6, 0x6AC7, 0x6AA6, 0x6AA7,
  0x6AC7, 0x6AA7, 0x62A7, 0x5A66, 0x5205, 0x49E5, 0x41A4, 0x39A4, 0x41E5, 0x5227, 0x39A5, 0x2903,
  0x3985, 0x5268, 0x62CA, 0x630B, 0x62EA, 0x5A68, 0x5227, 0x5227, 0x4A07, 0x39C6, 0x5268, 0x5ACA,
  0x630B, 0x5AA9, 0x5ACA, 0x5289, 0x2944, 0x2123, 0x2124, 0x2124, 0x2104, 0x2925, 0x39A7, 0x3986,
  0x39C6, 0x4A06, 0x4A06, 0x5205, 0x5225, 0x4A25, 0x4A05, 0x5205, 0x5246, 0x5A67, 0x62A8, 0x6287,
  0x5A87, 0x5A46, 0x5247, 0x39C7, 0x3987, 0x5228, 0x49A5, 0x5206, 0x7309, 0x7308, 0x62A8, 0x62A8,
  0x62A7, 0x6AC7, 0x6286, 0x62A7, 0x5A67, 0x4A26, 0x4A26, 0x5246, 0x62A7, 0x62A7, 0x62A7, 0x62A7,
  0x62A7, 0x6267, 0x5206, 0x41E6, 0x39C6, 0x2966, 0x2125, 0x18E5, 0x21AA, 0x21CA, 0x2A2D, 0x2A0E,
  0x2A0E, 0x2A2D, 0x2A0E, 0x2A0E, 0x320B, 0x31E9, 0x2A0B, 0x2A0C, 0x4A29, 0x5A67, 0x5A66, 0x5A67,
  0x49E6, 0x41C6, 0x5206, 0x6A87, 0x5A87, 0x5A66, 0x6287, 0x62A7, 0x6287, 0x62A7, 0x5A67, 0x5A47,
  0x5A67, 0x5226, 0x5A46, 0x6288, 0x5A67, 0x6266, 0x5A46, 0x5A67, 0x5A67, 0x5206, 0x6267, 0x6287,
  0x6288, 0x5A68, 0x41C6, 0x39A5, 0x49E6, 0x5A47, 0x5A67, 0x6267, 0x5A66, 0x5286, 0x5285, 0x5265,
  0x5A66, 0x5266, 0x5285, 0x5A65, 0x6A65, 0x9AE4, 0x9223, 0x8982, 0x89C1, 0x9A62, 0x91E2, 0x91E2,
  0xA264, 0xA243, 0x9A42, 0xAAE2, 0xBB84, 0xB362, 0xAB83, 0x9323, 0x6265, 0x5267, 0x5246, 0x5266,
  0x5287, 0x4A46, 0x5226, 0x5A67, 0x5A66, 0x5A67, 0x5A67, 0x5A67, 0x5226, 0x5226, 0x5246, 0x5246,
  0x5A67, 0x5A66, 0x7B6B, 0x8BCC, 0x7B6B, 0x6B0A, 0x62A9, 0x5268, 0x5ACA, 0x4A48, 0x3164, 0x41C5,
  0x4A06, 0x4A25, 0x5287, 0x5286, 0x4204, 0x4A45, 0x5266, 0x5247, 0x5A26, 0x7AE3, 0x93A6, 0x8B6B,
  0x8BEA, 0x7BA8, 0x7B4A, 0x9C4C, 0xA4AE, 0x734A, 0x5288, 0x5AA9, 0x5A89, 0x5268, 0x5288, 0x5A88,
  0x5A47, 0x4A06, 0x20E2, 0x2103, 0x2104, 0x2103, 0x3144, 0x5227, 0x5A26, 0x6287, 0x6AA7, 0x6AA7,
  0x6AA7, 0x6AA6, 0x6AA6, 0x6265, 0x6266, 0x6286, 0x4A05, 0x41E4, 0x39A4, 0x39A4, 0x41C5, 0x4A26,
  0x49E6, 0x41C5, 0x3984, 0x39A5, 0x3984, 0x39A5, 0x5268, 0x5289, 0x5ACA, 0x62EA, 0x62A9, 0x5A88,
  0x4A27, 0x39C6, 0x5AEA, 0x632B, 0x5289, 0x5289, 0x41E6, 0x18E2, 0x2103, 0x1903, 0x1924, 0x1924,
  0x2125, 0x2125, 0x3186, 0x39A6, 0x4A06, 0x4A26, 0x4A06, 0x5205, 0x5226, 0x5226, 0x4A26, 0x4A06,
  0x5226, 0x5A47, 0x62A8, 0x62A7, 0x62A7, 0x6AA7, 0x5A67, 0x39A6, 0x39A6, 0x41A5, 0x51E5, 0x7309,
  0x7308, 0x6AC7, 0x62A7, 0x62A8, 0x62A8, 0x62A7, 0x62A7, 0x6AC8, 0x5A87, 0x4A05, 0x4A46, 0x5AA8,
  0x62A7, 0x6287, 0x62A7, 0x62A7, 0x62A8, 0x5A67, 0x41C6, 0x39A6, 0x2986, 0x1925, 0x2125, 0x1905,
  0x21AA, 0x21CA, 0x322D, 0x2A0E, 0x2A0E, 0x2A2D, 0x2A0E, 0x222E, 0x320C, 0x31EB, 0x2A2D, 0x2A2C,
  0x4A49, 0x5A67, 0x5A66, 0x5A67, 0x49E6, 0x4206, 0x5A67, 0x6266, 0x5A46, 0x5A66, 0x62A7, 0x62A7,
  0x62A7, 0x62A7, 0x6287, 0x5A47, 0x5A46, 0x5226, 0x6287, 0x62A8, 0x6267, 0x5A67, 0x5226, 0x5226,
  0x5A88, 0x5227, 0x5A67, 0x62A8, 0x62A8, 0x5A47, 0x41C5, 0x41E5, 0x5226, 0x5A47, 0x6267, 0x6267,
  0x5A66, 0x5286, 0x4A85, 0x5266, 0x5A67, 0x5267, 0x5286, 0x5A45, 0x7224, 0x9A82, 0xAA64, 0x99E2,
  0x91C1, 0x99E2, 0x91C1, 0x9201, 0xA263, 0x9A22, 0x89E2, 0x8A83, 0x8AE4, 0x7AA4, 0x9BA7, 0x8B06,
  0x5A24, 0x5267, 0x5246, 0x5266, 0x4A66, 0x5287, 0x5A87, 0x6246, 0x6266, 0x5A66, 0x5A66, 0x5A67,
  0x5A46, 0x5226, 0x5246, 0x5A46, 0x5A66, 0x5A46, 0x7B4A, 0x8BAC, 0x732A, 0x62E9, 0x5A88, 0x5268,
  0x5AAA, 0x4A68, 0x3164, 0x41C5, 0x41E5, 0x4A26, 0x62E8, 0x5AA7, 0x4A45, 0x5266, 0x5266, 0x4A46,
  0x5246, 0x72A6, 0x9B66, 0x9B87, 0x93A5, 0x8326, 0x93CC, 0x9C6D, 0x7349, 0x5267, 0x5ACA, 0x6B0B,
  0x62EB, 0x5AAA, 0x5248, 0x5247, 0x5206, 0x4184, 0x2903, 0x2103, 0x1925, 0x2145, 0x2924, 0x41C6,
  0x5206, 0x5205, 0x5A46, 0x5A45, 0x5A66, 0x5A66, 0x6286, 0x5A65, 0x5A65, 0x5A45, 0x5245, 0x4A05,
  0x41E5, 0x41E5, 0x4A26, 0x5206, 0x41A4, 0x49C5, 0x51E6, 0x5227, 0x41E6, 0x39A5, 0x39C6, 0x5289,
  0x5289, 0x62C9, 0x62C9, 0x5A89, 0x39A5, 0x3165, 0x39E6, 0x4207, 0x2103, 0x20C2, 0x20E2, 0x2103,
  0x2103, 0x2104, 0x1904, 0x1925, 0x2125, 0x1904, 0x2945, 0x39C6, 0x41C5, 0x4A06, 0x5206, 0x5206,
  0x5206, 0x5226, 0x4A26, 0x4A26, 0x5226, 0x5246, 0x5A87, 0x6287, 0x6AA7, 0x6A87, 0x5A47, 0x39C6,
  0x39A5, 0x5205, 0x7B08, 0x7308, 0x6AA7, 0x62A7, 0x62A7, 0x5AA7, 0x62A7, 0x6AA7, 0x7309, 0x6AC8,
  0x5246, 0x4A05, 0x5287, 0x62C8, 0x5A87, 0x62A7, 0x62A7, 0x6287, 0x6287, 0x5226, 0x41C6, 0x39A6,
  0x2145, 0x1946, 0x1905, 0x18E5, 0x218A, 0x21CA, 0x322D, 0x2A0E, 0x2A0E, 0x2A2D, 0x2A2E, 0x222F,
  0x320D, 0x320B, 0x2A2D, 0x2A2C, 0x4A49, 0x5A67, 0x5A66, 0x6267, 0x49E6, 0x4A07, 0x62A8, 0x6266,
  0x5A66, 0x5A66, 0x5A87, 0x62A8, 0x62A7, 0x62A7, 0x6287, 0x5A67, 0x5226, 0x5A46, 0x62A8, 0x62A8,
  0x6287, 0x5A47, 0x5206, 0x41C5, 0x41E6, 0x4A06, 0x5A68, 0x62A8, 0x62A8, 0x5A67, 0x4A26, 0x5247,
  0x5226, 0x5A67, 0x6267, 0x6266, 0x5A66, 0x5AA6, 0x5AA7, 0x5267, 0x5227, 0x5227, 0x5286, 0x5A44,
  0x8AC6, 0x9A62, 0xAA43, 0xA223, 0xA203, 0x99C3, 0x99E1, 0xA262, 0x9A22, 0x9203, 0x89E4, 0x6204,
  0x4A05, 0x41C5, 0x6287, 0x6244, 0x5204, 0x4A25, 0x5A67, 0x5A87, 0x5287, 0x5AC7, 0x5266, 0x6246,
  0x6246, 0x5A66, 0x5A66, 0x5A66, 0x5226, 0x5226, 0x5A66, 0x5A66, 0x5A46, 0x6AC8, 0x838B, 0x838B,
  0x730A, 0x5AC9, 0x5268, 0x5A89, 0x5AA9, 0x3185, 0x3164, 0x39C5, 0x41E5, 0x4205, 0x5287, 0x4A45,
  0x4A65, 0x52A6, 0x4A46, 0x4225, 0x5286, 0x6A47, 0x9B45, 0xABA3, 0xA382, 0x9B44, 0x8AE8, 0x6AC9,
  0x5A68, 0x734C, 0x7BAE, 0x6B2C, 0x5289, 0x5269, 0x5248, 0x5227, 0x49C5, 0x41A5, 0x20E3, 0x2124,
  0x1924, 0x1925, 0x2125, 0x3145, 0x3985, 0x4A06, 0x5226, 0x5A66, 0x5A66, 0x5A66, 0x62A7, 0x62A7,
  0x62A7, 0x62C8, 0x5A87, 0x4A26, 0x4A27, 0x4A27, 0x4A26, 0x4A05, 0x51E5, 0x5207, 0x49C6, 0x41C6,
  0x3164, 0x2943, 0x2923, 0x2944, 0x39A6, 0x5288, 0x5268, 0x4A47, 0x2923, 0x18E2, 0x18E2, 0x18C2,
  0x2103, 0x20E3, 0x2944, 0x2123, 0x1903, 0x2104, 0x2104, 0x1925, 0x1925, 0x1924, 0x2965, 0x39C6,
  0x39A5, 0x4A06, 0x5206, 0x5206, 0x5206, 0x5207, 0x4A07, 0x4A26, 0x4A06, 0x5226, 0x5226, 0x5A46,
  0x6287, 0x6A87, 0x5A27, 0x39C5, 0x4A26, 0x7328, 0x7308, 0x6AA7, 0x6288, 0x6287, 0x6286, 0x62C6,
  0x6AE8, 0x6AE8, 0x6AA8, 0x5A46, 0x5226, 0x4A06, 0x4A06, 0x5A87, 0x62A7, 0x62A7, 0x62A7, 0x6287,
  0x6288, 0x49E6, 0x39A6, 0x2966, 0x1925, 0x1946, 0x10E5, 0x10C4, 0x1969, 0x21AA, 0x322D, 0x2A2E,
  0x2A0E, 0x320D, 0x2A2E, 0x2A2E, 0x2A2C, 0x2A0B, 0x320D, 0x320C, 0x4A69, 0x5A67, 0x6266, 0x6267,
  0x4A06, 0x4A06, 0x6288, 0x6266, 0x5A86, 0x5246, 0x5226, 0x6288, 0x62A8, 0x6287, 0x6287, 0x62A8,
  0x5226, 0x5A47, 0x62A8, 0x62A8, 0x5A67, 0x5207, 0x41C5, 0x4A06, 0x41C5, 0x41C6, 0x5A88, 0x62A8,
  0x62A8, 0x5A67, 0x4A26, 0x5266, 0x4A25, 0x5226, 0x5A67, 0x6267, 0x72E7, 0x7308, 0x6287, 0x5206,
  0x5226, 0x5225, 0x5265, 0x5282, 0x9366, 0x9A22, 0xA1C2, 0xA224, 0xAA45, 0xA243, 0x9A61, 0xAA62,
  0xA1E3, 0x9204, 0x7202, 0x4A05, 0x5267, 0x5247, 0x4A06, 0x4A26, 0x5225, 0x4A25, 0x5226, 0x5A48,
  0x6288, 0x5286, 0x5285, 0x5A87, 0x6247, 0x5A47, 0x5266, 0x5265, 0x5226, 0x5A46, 0x5266, 0x4A86,
  0x5244, 0x7B29, 0x83ED, 0x7BAA, 0x7B0A, 0x5ACA, 0x4A88, 0x5ACA, 0x5289, 0x3164, 0x39A5, 0x41E5,
  0x4A25, 0x41E5, 0x4A46, 0x4A45, 0x52A6, 0x5AC7, 0x41E5, 0x5226, 0x5A66, 0x6A86, 0x9364, 0x9323,
  0xA384, 0xAB84, 0x8B06, 0x6287, 0x730B, 0x730C, 0x7B6C, 0x62EA, 0x4A48, 0x5269, 0x734B, 0x5A88,
  0x5AA9, 0x5AC9, 0x4A06, 0x49E6, 0x3185, 0x1904, 0x31A6, 0x3186, 0x2924, 0x3123, 0x4A06, 0x4A26,
  0x5A87, 0x62C8, 0x6287, 0x5A46, 0x5226, 0x5227, 0x4207, 0x2924, 0x2124, 0x2944, 0x39A5, 0x39A4,
  0x2922, 0x41C6, 0x41E6, 0x2124, 0x2103, 0x2103, 0x2102, 0x18E2, 0x20E3, 0x2924, 0x2944, 0x2924,
  0x2103, 0x18E3, 0x2904, 0x3145, 0x3144, 0x20E3, 0x2944, 0x3165, 0x2103, 0x20E3, 0x2103, 0x2124,
  0x1925, 0x1925, 0x2145, 0x39C6, 0x39A6, 0x4A27, 0x4A26, 0x5225, 0x5226, 0x5207, 0x5207, 0x4A26,
  0x4A26, 0x5226, 0x5226, 0x5A46, 0x5A66, 0x5A87, 0x4A06, 0x4186, 0x6247, 0x7B48, 0x5A65, 0x5227,
  0x62C9, 0x6287, 0x72C7, 0x7AE8, 0x7B08, 0x72C8, 0x6268, 0x5226, 0x5206, 0x41C6, 0x41E5, 0x62A7,
  0x6287, 0x6287, 0x62A8, 0x5A67, 0x4A06, 0x39C6, 0x39C7, 0x2125, 0x1905, 0x1926, 0x1905, 0x10E4,
  0x1969, 0x29AA, 0x320D, 0x2A2E, 0x2A0E, 0x320D, 0x2A2E, 0x2A0E, 0x2A2C, 0x2A0B, 0x320E, 0x320C,
  0x4249, 0x5A67, 0x6266, 0x6267, 0x49E6, 0x49E6, 0x5A67, 0x5A46, 0x5A66, 0x4A06, 0x4A06, 0x5247,
  0x5A67, 0x6287, 0x62A7, 0x5A87, 0x5205, 0x5A47, 0x5A87, 0x5A87, 0x5A47, 0x41C6, 0x41C5, 0x5267,
  0x4A06, 0x49E6, 0x5A88, 0x62A7, 0x62A8, 0x5A87, 0x41E4, 0x4A46, 0x4A25, 0x4A05, 0x5A67, 0x5A66,
  0x6AE7, 0x6AE7, 0x5A66, 0x5226, 0x5266, 0x4A45, 0x4A25, 0x5264, 0x8325, 0xAB04, 0xA262, 0x9A22,
  0x9A02, 0xA263, 0x9A83, 0x9A22, 0x91C2, 0x81E3, 0x5A04, 0x4205, 0x4A46, 0x5286, 0x5266, 0x5266,
  0x4A26, 0x4A25, 0x4A25, 0x5227, 0x5247, 0x5286, 0x5AE6, 0x5AA6, 0x5A47, 0x5206, 0x4A26, 0x4A25,
  0x5246, 0x5A66, 0x5266, 0x52A7, 0x5265, 0x7B09, 0x83ED, 0x83CA, 0x836C, 0x52AA, 0x4A88, 0x5AA9,
  0x5AA9, 0x3164, 0x39A5, 0x4A26, 0x5AA7, 0x5246, 0x4A25, 0x4A46, 0x5AC7, 0x4A25, 0x49E5, 0x5A67,
  0x5A46, 0x6285, 0x7AE5, 0x8305, 0x9345, 0x9B45, 0x8B25, 0x72C6, 0x72C9, 0x730B, 0x5A88, 0x5AA8,
  0x6AEB, 0x6B0B, 0x5A89, 0x62CA, 0x62EB, 0x5ACA, 0x6B0B, 0x5A89, 0x5A69, 0x39A6, 0x2944, 0x31A6,
  0x3186, 0x2944, 0x3144, 0x2944, 0x41E6, 0x41C5, 0x41C5, 0x41C5, 0x49E6, 0x4A27, 0x2943, 0x2103,
  0x3164, 0x39C6, 0x39C5, 0x2963, 0x31A4, 0x39A6, 0x2124, 0x2144, 0x2165, 0x2945, 0x2944, 0x2103,
  0x20E3, 0x20E3, 0x2103, 0x18E3, 0x2103, 0x2103, 0x2924, 0x3965, 0x3145, 0x2904, 0x2103, 0x3165,
  0x2944, 0x20E3, 0x2103, 0x2124, 0x1925, 0x1904, 0x1904, 0x2965, 0x41A6, 0x4A06, 0x4A26, 0x4A25,
  0x5226, 0x5206, 0x5226, 0x4A26, 0x4A26, 0x5226, 0x5226, 0x5246, 0x5A67, 0x5266, 0x5247, 0x51E6,
  0x7AE9, 0x7307, 0x62C6, 0x4A06, 0x62C8, 0x7308, 0x7B08, 0x7B07, 0x72C7, 0x6287, 0x5A46, 0x4A24,
  0x4A26, 0x41E6, 0x41E5, 0x5A87, 0x62A8, 0x6288, 0x6288, 0x5227, 0x41A5, 0x39C6, 0x2966, 0x1926,
  0x1926, 0x1925, 0x18E5, 0x10E4, 0x1969, 0x29AA, 0x322D, 0x2A2E, 0x2A0E, 0x320D, 0x2A2E, 0x2A0F,
  0x322D, 0x320B, 0x320D, 0x320D, 0x3A2A, 0x5A88, 0x5A46, 0x6267, 0x4A06, 0x4A27, 0x5A67, 0x5A67,
  0x4A27, 0x39A5, 0x39C5, 0x4A06, 0x5246, 0x6287, 0x62C8, 0x6288, 0x5206, 0x5A87, 0x62A8, 0x6288,
  0x5A47, 0x49E6, 0x5226, 0x5A86, 0x5226, 0x49E6, 0x5A87, 0x62C7, 0x6287, 0x5A67, 0x41C4, 0x5246,
  0x5A67, 0x5246, 0x5A66, 0x5265, 0x5285, 0x5A84, 0x5A86, 0x5266, 0x52A6, 0x4A45, 0x41E5, 0x5287,
  0x5A64, 0xA384, 0xC3C4, 0xB344, 0xA2A3, 0x9222, 0x89C3, 0xA244, 0xA2A3, 0x61A2, 0x41E6, 0x39C6,
  0x39C5, 0x4225, 0x4A65, 0x5266, 0x4A26, 0x4A26, 0x4A46, 0x4A06, 0x41C4, 0x52A6, 0x5AE7, 0x5A85,
  0x5205, 0x5206, 0x49E6, 0x4A26, 0x5226, 0x5A66, 0x5286, 0x5AC7, 0x62C7, 0x834B, 0x83AB, 0x83C9,
  0x7B2B, 0x5AAA, 0x4A88, 0x5AA9, 0x4207, 0x2944, 0x3984, 0x4A26, 0x62C8, 0x5286, 0x4A25, 0x4A47,
  0x5288, 0x5287, 0x62A7, 0x6B08, 0x6AE8, 0x7308, 0x5A26, 0x6A65, 0x8306, 0x7244, 0x9B86, 0x8B05,
  0x7285, 0x6287, 0x5A68, 0x62EA, 0x7B8D, 0x6AEB, 0x5269, 0x6AEB, 0x62EB, 0x5ACA, 0x4A28, 0x4A07,
  0x49E6, 0x41C5, 0x20E3, 0x2944, 0x2965, 0x2944, 0x2965, 0x2945, 0x2104, 0x18C2, 0x20E2, 0x2102,
  0x3164, 0x4206, 0x41E5, 0x5247, 0x5A89, 0x4207, 0x2123, 0x2964, 0x2985, 0x2104, 0x2965, 0x31C7,
  0x39E8, 0x39C7, 0x39C7, 0x2924, 0x2103, 0x2103, 0x2103, 0x2103, 0x2103, 0x20E3, 0x2944, 0x41A6,
  0x3144, 0x3165, 0x2944, 0x2924, 0x2944, 0x2103, 0x2103, 0x2124, 0x1925, 0x1924, 0x1904, 0x3186,
  0x41C7, 0x41E6, 0x4A26, 0x4A26, 0x4A26, 0x5226, 0x5226, 0x4A26, 0x4A26, 0x5226, 0x4A06, 0x5246,
  0x5A67, 0x5A66, 0x5A46, 0x5A27, 0x7B09, 0x7307, 0x7327, 0x5226, 0x49E5, 0x6AE8, 0x7B28, 0x6AC7,
  0x6286, 0x5246, 0x4A05, 0x4A25, 0x4A26, 0x41E6, 0x4A06, 0x4A25, 0x62A8, 0x5A27, 0x5206, 0x41E6,
  0x39C6, 0x3186, 0x1905, 0x2146, 0x1925, 0x1925, 0x10E5, 0x10C4, 0x1989, 0x2989, 0x320C, 0x2A0D,
  0x2A2E, 0x2A0D, 0x2A2E, 0x2A0F, 0x320D, 0x320B, 0x320D, 0x322E, 0x322A, 0x4A48, 0x5A47, 0x5A66,
  0x5226, 0x4A26, 0x5A67, 0x5247, 0x41C6, 0x39A6, 0x39A5, 0x39A5, 0x4A05, 0x6287, 0x6287, 0x62C8,
  0x5A67, 0x5A67, 0x62A8, 0x6288, 0x5246, 0x5226, 0x5A67, 0x5A86, 0x5246, 0x4A05, 0x5A87, 0x62A7,
  0x6287, 0x5205, 0x4A05, 0x4A26, 0x5AA8, 0x5A87, 0x5A66, 0x5A86, 0x6B07, 0x6285, 0x5A65, 0x62C7,
  0x6B28, 0x4A25, 0x39A5, 0x4A26, 0x6264, 0xA3C4, 0xBC03, 0xC3E4, 0xC3E5, 0x79A1, 0x7922, 0x89A2,
  0xAB45, 0x7AC5, 0x39A6, 0x39A8, 0x39C8, 0x39C6, 0x4225, 0x5285, 0x5245, 0x5246, 0x41E5, 0x41C5,
  0x39A5, 0x5287, 0x4A86, 0x5AC7, 0x6286, 0x49A4, 0x41C5, 0x4A27, 0x4A26, 0x5245, 0x5266, 0x5287,
  0x6B29, 0x8BCD, 0x8B89, 0x8BA8, 0x6AEB, 0x5ACB, 0x5288, 0x6B2B, 0x3164, 0x2944, 0x39A4, 0x4A06,
  0x5287, 0x5266, 0x5286, 0x4A27, 0x5AA9, 0x732A, 0x83AB, 0x9C4D, 0x9C6E, 0x83EB, 0x734D, 0x5226,
  0x5A25, 0x59E4, 0x9387, 0x9325, 0x8B47, 0x6A85, 0x6287, 0x6B0A, 0x6AEA, 0x5227, 0x6B2B, 0x62EA,
  0x62EA, 0x5268, 0x39A5, 0x41C5, 0x41C5, 0x4A27, 0x5269, 0x4228, 0x2944, 0x2985, 0x2944, 0x3186,
  0x39C7, 0x3186, 0x3185, 0x31A6, 0x31A5, 0x39E6, 0x5248, 0x5248, 0x4A08, 0x39A7, 0x31A7, 0x2986,
  0x2986, 0x31C8, 0x39E8, 0x39E9, 0x39E9, 0x39C7, 0x39C7, 0x2924, 0x2103, 0x2103, 0x20E3, 0x20E3,
  0x20E3, 0x2923, 0x3985, 0x39A5, 0x3985, 0x3144, 0x3164, 0x2924, 0x2944, 0x2103, 0x2103, 0x2124,
  0x1925, 0x2125, 0x1904, 0x2965, 0x39A6, 0x41C6, 0x41E6, 0x4A26, 0x4A26, 0x4A26, 0x4A26, 0x4A26,
  0x4A26, 0x5226, 0x5226, 0x5226, 0x5A46, 0x5A66, 0x5A46, 0x6A87, 0x72E8, 0x72C6, 0x7328, 0x6AE8,
  0x41A3, 0x5226, 0x5A87, 0x5A46, 0x5226, 0x4A06, 0x4A27, 0x4A27, 0x41C6, 0x41E7, 0x4A26, 0x4A25,
  0x5245, 0x5225, 0x49E6, 0x39A6, 0x31A7, 0x2146, 0x1925, 0x1905, 0x1905, 0x1905, 0x10E4, 0x10C4,
  0x21AA, 0x2188, 0x31EB, 0x2A0D, 0x2A0E, 0x2A2D, 0x2A2D, 0x2A0F, 0x320D, 0x320A, 0x320C, 0x2A2E,
  0x322B, 0x4228, 0x5226, 0x5205, 0x5226, 0x4A06, 0x5A67, 0x49C6, 0x41A6, 0x5248, 0x41E6, 0x41E5,
  0x4A06, 0x5A46, 0x6288, 0x62A8, 0x5A67, 0x5226, 0x5A87, 0x5A87, 0x5226, 0x5227, 0x5A67, 0x5A66,
  0x5A66, 0x4A06, 0x5A67, 0x62A6, 0x6266, 0x5A46, 0x5A67, 0x41E5, 0x5AA8, 0x5AA7, 0x5A66, 0x6B08,
  0x72E8, 0x6266, 0x6AA6, 0x7308, 0x62C8, 0x49E6, 0x49E5, 0x6265, 0x8324, 0xABC4, 0xBC03, 0xBC03,
  0xBBC4, 0x8A01, 0x8142, 0x8181, 0xA303, 0x9B85, 0x51C3, 0x4186, 0x4187, 0x39A7, 0x3A05, 0x4A85,
  0x4A65, 0x5266, 0x39E6, 0x41C5, 0x41A5, 0x39E6, 0x4A67, 0x5A86, 0x7B48, 0x5A24, 0x39A4, 0x5268,
  0x5246, 0x5225, 0x5226, 0x5267, 0x6309, 0x83AD, 0x93A8, 0x8BA6, 0x630B, 0x630C, 0x630A, 0x738C,
  0x3164, 0x3164, 0x41C5, 0x41E5, 0x5246, 0x5266, 0x4A46, 0x5AA9, 0x6B2B, 0x7B8C, 0x9C2D, 0xACAE,
  0x940C, 0x83AB, 0x7BAE, 0x62EA, 0x4A06, 0x5A06, 0x8B68, 0x82A3, 0x82E4, 0x7B06, 0x7B29, 0x6267,
  0x51E6, 0x6B0A, 0x738B, 0x736B, 0x5A67, 0x4A06, 0x5246, 0x5A87, 0x5A88, 0x5AA9, 0x630B, 0x632C,
  0x4207, 0x2944, 0x3164, 0x3165, 0x39A6, 0x39C7, 0x31C7, 0x39E7, 0x3A07, 0x39E7, 0x39C6, 0x39A7,
  0x39C8, 0x39E9, 0x39E9, 0x39E9, 0x39E9, 0x39E8, 0x31E9, 0x3A09, 0x39E9, 0x39C8, 0x3145, 0x2124,
  0x2124, 0x2103, 0x20E3, 0x2103, 0x20E2, 0x2923, 0x41C5, 0x39A5, 0x39A5, 0x3144, 0x3164, 0x2924,
  0x2103, 0x2103, 0x2103, 0x2124, 0x2125, 0x1924, 0x2124, 0x2965, 0x39A7, 0x39A6, 0x39A5, 0x41E6,
  0x4A26, 0x4A26, 0x4A26, 0x4A26, 0x4A26, 0x5226, 0x5206, 0x5226, 0x5225, 0x5A46, 0x5A46, 0x6287,
  0x6AC7, 0x6286, 0x7308, 0x6AC7, 0x5225, 0x6287, 0x5206, 0x49E5, 0x41A5, 0x41A6, 0x39A6, 0x3145,
  0x2104, 0x31A7, 0x4A48, 0x4A46, 0x4A25, 0x5246, 0x41C6, 0x31A6, 0x2146, 0x1926, 0x1906, 0x10C4,
  0x1925, 0x10E4, 0x10C4, 0x10E4, 0x21CA, 0x2147, 0x2989, 0x2A0C, 0x2A2E, 0x2A2E, 0x2A2C, 0x320E,
  0x320D, 0x3209, 0x320B, 0x2A2E, 0x2A2C, 0x4248, 0x4A06, 0x5205, 0x5226, 0x4A06, 0x5A47, 0x49C5,
  0x5206, 0x5A68, 0x5267, 0x5226, 0x51E6, 0x5A27, 0x6288, 0x62A8, 0x5A47, 0x5206, 0x6287, 0x5A87,
  0x5A46, 0x5227, 0x5A67, 0x5A66, 0x5A47, 0x5206, 0x5A67, 0x6286, 0x6AA7, 0x6267, 0x5227, 0x41C5,
  0x5267, 0x5286, 0x5AC6, 0x6B28, 0x6AC8, 0x5205, 0x5A85, 0x62E7, 0x41E4, 0x3985, 0x5205, 0x8344,
  0xA3A3, 0xB3A4, 0xBBE5, 0xBC03, 0xBBE4, 0x9A62, 0x91E3, 0x91E2, 0xAB23, 0xAB83, 0xA365, 0x7AC4,
  0x4983, 0x5227, 0x5286, 0x4A85, 0x4A85, 0x4A67, 0x4A47, 0x5246, 0x5266, 0x41E5, 0x5246, 0x62A5,
  0x8366, 0x7B25, 0x41E4, 0x4A47, 0x5266, 0x5A65, 0x41A5, 0x49E6, 0x6B2A, 0x83AD, 0x9BA7, 0x8344,
  0x630C, 0x630D, 0x6B2B, 0x6B4C, 0x2944, 0x3184, 0x39A5, 0x41E5, 0x5266, 0x5267, 0x4A46, 0x62E9,
  0x7BAC, 0x8C0D, 0xACAF, 0x9C0B, 0xA46D, 0x83CC, 0x7BEC, 0x5B0B, 0x5268, 0x5A46, 0x7B09, 0x6A43,
  0x8304, 0x82E4, 0x7AC6, 0x4963, 0x49E6, 0x5AC9, 0x5AC9, 0x5A88, 0x3984, 0x4A06, 0x5A88, 0x5AA8,
  0x5AA9, 0x5289, 0x52A9, 0x630B, 0x632B, 0x4A47, 0x39A4, 0x3984, 0x3144, 0x31A6, 0x39E8, 0x31C7,
  0x39C7, 0x39E7, 0x3A07, 0x3A08, 0x39E8, 0x39E9, 0x39E9, 0x31E8, 0x31E8, 0x31E9, 0x3209, 0x3209,
  0x39E8, 0x39E8, 0x3165, 0x2104, 0x1904, 0x2104, 0x2103, 0x20E3, 0x20C2, 0x3123, 0x39A4, 0x39A4,
  0x39A5, 0x3164, 0x3165, 0x2924, 0x20E3, 0x2103, 0x2103, 0x2124, 0x2145, 0x1924, 0x1904, 0x2145,
  0x2945, 0x3186, 0x41C6, 0x4A27, 0x4A26, 0x4A25, 0x4A26, 0x4A26, 0x4A26, 0x5226, 0x4A06, 0x4A05,
  0x5226, 0x5A67, 0x5A66, 0x6287, 0x6287, 0x62A7, 0x62A7, 0x62A6, 0x6AC7, 0x7B08, 0x6286, 0x5246,
  0x5226, 0x41C5, 0x39A5, 0x39C5, 0x2925, 0x2945, 0x31A6, 0x4207, 0x4A27, 0x41E7, 0x39C6, 0x31A7,
  0x1926, 0x1947, 0x10E6, 0x10C4, 0x2105, 0x10E5, 0x10E4, 0x10E4, 0x2A0B, 0x2168, 0x2189, 0x29EC,
  0x2A2D, 0x2A4D, 0x2A2C, 0x320E, 0x320D, 0x3209, 0x320B, 0x2A2D, 0x2A2C, 0x3A28, 0x4A26, 0x5A46,
  0x5A46, 0x5226, 0x5247, 0x49E5, 0x5A47, 0x5A67, 0x5A47, 0x5206, 0x5206, 0x5A47, 0x6288, 0x62A7,
  0x5A47, 0x4A05, 0x5A67, 0x5A67, 0x5A46, 0x5206, 0x5226, 0x5A87, 0x5226, 0x49C6, 0x5A67, 0x62A7,
  0x6266, 0x5A46, 0x5227, 0x41C5, 0x4205, 0x5286, 0x5285, 0x5AE7, 0x5AA7, 0x5245, 0x5285, 0x5AC6,
  0x4205, 0x41E7, 0x51C4, 0x9322, 0xBBC2, 0xBBC4, 0xBBC5, 0xBBE3, 0xC3E4, 0xA2A2, 0x9A23, 0x91E2,
  0xA282, 0xBB83, 0xB361, 0xA3A3, 0x8325, 0x5A65, 0x5286, 0x4AA5, 0x5285, 0x5267, 0x5266, 0x5286,
  0x5245, 0x5246, 0x5265, 0x6AC4, 0x8BA6, 0x6AE4, 0x4A45, 0x5287, 0x4A45, 0x4A25, 0x49E5, 0x5246,
  0x7BEC, 0x83AC, 0x9B66, 0x8364, 0x630B, 0x62EC, 0x7B8C, 0x4A47, 0x2944, 0x3164, 0x39A5, 0x4A26,
  0x5267, 0x4A47, 0x5AC9, 0x6B2A, 0x7B8B, 0x8C0C, 0x8BAC, 0x93CC, 0x9C2D, 0x83CD, 0x73CB, 0x5AEA,
  0x5288, 0x5226, 0x5A47, 0x7B06, 0x8345, 0x9386, 0x6203, 0x4142, 0x62A8, 0x62C9, 0x6B0A, 0x3985,
  0x49E7, 0x5A68, 0x62A9, 0x6B2B, 0x630A, 0x632B, 0x632B, 0x5ACA, 0x62EA, 0x62EA, 0x41C5, 0x3984,
  0x3144, 0x2945, 0x31A7, 0x39E8, 0x39C8, 0x39C7, 0x29C6, 0x31E7, 0x31E7, 0x3A08, 0x3A08, 0x3A07,
  0x3A08, 0x3208, 0x3208, 0x39E9, 0x39C8, 0x39A7, 0x39C6, 0x2965, 0x2145, 0x2103, 0x2103, 0x20E3,
  0x2903, 0x41A5, 0x39A5, 0x39A4, 0x39A5, 0x3164, 0x2944, 0x2104, 0x2104, 0x20E3, 0x18C2, 0x18E3,
  0x1904, 0x1904, 0x1904, 0x2966, 0x39C7, 0x39A7, 0x39A6, 0x41C6, 0x4A26, 0x4A25, 0x4A25, 0x4A26,
  0x5226, 0x5226, 0x4A06, 0x4A05, 0x5205, 0x5A47, 0x6287, 0x6B08, 0x5A87, 0x62A7, 0x6287, 0x62A6,
  0x7B07, 0x7B07, 0x7B28, 0x7308, 0x62A7, 0x5A67, 0x5246, 0x5287, 0x4206, 0x2945, 0x2945, 0x39A6,
  0x39A7, 0x3987, 0x3186, 0x2125, 0x1926, 0x1926, 0x1906, 0x18E5, 0x18E4, 0x10C4, 0x10C4, 0x10E4,
  0x2A2C, 0x2188, 0x2188, 0x21AA, 0x220B, 0x2A4C, 0x2A2D, 0x2A0D, 0x320D, 0x320B, 0x2A0A, 0x2A2B,
  0x322B, 0x4228, 0x5A67, 0x6246, 0x6267, 0x5227, 0x4206, 0x41C5, 0x5A46, 0x5A67, 0x5A47, 0x5206,
  0x5226, 0x5A46, 0x6287, 0x62A7, 0x5A66, 0x5206, 0x5A67, 0x6287, 0x5A66, 0x5A46, 0x5225, 0x4A46,
  0x39C5, 0x41E6, 0x5A46, 0x6266, 0x5A46, 0x5A67, 0x5227, 0x41A5, 0x41E5, 0x4A66, 0x52A6, 0x5AC7,
  0x5286, 0x5AC6, 0x5AA6, 0x5266, 0x4A46, 0x5246, 0x6A84, 0xA384, 0xBBE3, 0xC3E4, 0xBBE4, 0xBBE4,
  0xBBC4, 0x9A61, 0xA262, 0xA223, 0x9A01, 0xC385, 0xBBA3, 0xAB63, 0xA3C5, 0x51E3, 0x39C5, 0x4224,
  0x4204, 0x49E7, 0x4204, 0x41E5, 0x39C6, 0x3984, 0x49C4, 0x9387, 0x7B04, 0x5265, 0x5246, 0x5267,
  0x39C5, 0x4205, 0x5286, 0x5AC6, 0x7C0B, 0x8BAB, 0xA346, 0x7B46, 0x632A, 0x630B, 0x7B8C, 0x39A5,
  0x3144, 0x39A5, 0x39A4, 0x4226, 0x4A66, 0x4A66, 0x5AC9, 0x6B0B, 0x83AC, 0x7BAB, 0x732B, 0x7B8D,
  0x7BAC, 0x83ED, 0x6B4B, 0x5268, 0x5A88, 0x4A47, 0x41C4, 0x6AA5, 0x7B27, 0x72E7, 0x4162, 0x5A45,
  0x6AA6, 0x6AE7, 0x5A67, 0x39A5, 0x5268, 0x72E9, 0x9C0D, 0x8C0D, 0x6B2B, 0x630B, 0x5ACA, 0x4A48,
  0x39A5, 0x4A48, 0x4A47, 0x39C5, 0x31A5, 0x2944, 0x2965, 0x3186, 0x31A6, 0x39E7, 0x39E7, 0x31C7,
  0x31C7, 0x39C7, 0x39C7, 0x39C7, 0x39C7, 0x31C7, 0x39C7, 0x41C7, 0x3986, 0x3986, 0x39A7, 0x39A7,
  0x39C6, 0x2944, 0x2103, 0x2103, 0x2944, 0x3985, 0x39A5, 0x3985, 0x3164, 0x2924, 0x2903, 0x20E3,
  0x18A3, 0x2104, 0x4207, 0x41C6, 0x41C5, 0x3985, 0x2124, 0x1925, 0x3186, 0x39C7, 0x39A6, 0x3986,
  0x49E6, 0x5226, 0x5225, 0x5226, 0x5226, 0x5226, 0x5226, 0x5226, 0x5206, 0x5A47, 0x5A26, 0x6AE8,
  0x6287, 0x6287, 0x6AA7, 0x72E7, 0x7308, 0x7308, 0x7308, 0x6AA7, 0x62A7, 0x62A7, 0x62A7, 0x5AA7,
  0x4A26, 0x4A07, 0x41E7, 0x39A6, 0x3165, 0x39C7, 0x2946, 0x1906, 0x1926, 0x1926, 0x1106, 0x10E4,
  0x10C4, 0x18C4, 0x18C4, 0x18C4, 0x2A0C, 0x1968, 0x29CA, 0x29EB, 0x21CB, 0x220C, 0x2A4C, 0x2A2D,
  0x322C, 0x2A0A, 0x2A29, 0x2A2B, 0x322B, 0x4228, 0x5A67, 0x6246, 0x5A66, 0x4A26, 0x41C5, 0x4A26,
  0x5A67, 0x5A67, 0x5A46, 0x5206, 0x5226, 0x5A47, 0x62A7, 0x62A7, 0x5A66, 0x4A05, 0x5A46, 0x6287,
  0x5A66, 0x6267, 0x5A66, 0x4A25, 0x4206, 0x41E6, 0x5A46, 0x6265, 0x5A66, 0x5A67, 0x49E7, 0x3985,
  0x41E6, 0x5267, 0x5287, 0x5287, 0x5266, 0x5AC7, 0x5287, 0x5266, 0x4A67, 0x6286, 0x9BA7, 0xAB83,
  0xBC03, 0xBBE4, 0xBBE4, 0xC3E4, 0xC3E4, 0xB364, 0xA262, 0xA263, 0x9A21, 0xC3A5, 0xC404, 0xB3A3,
  0xA3A5, 0x51C3, 0x3965, 0x39A5, 0x39A5, 0x4187, 0x3985, 0x3165, 0x3986, 0x2924, 0x41A4, 0x7B28,
  0x4982, 0x3182, 0x3983, 0x3184, 0x3164, 0x3184, 0x4A46, 0x5AC7, 0x7BEC, 0x8BA9, 0xAB66, 0x72E9,
  0x62EC, 0x6AEB, 0x7B8D, 0x39C5, 0x3144, 0x39A5, 0x4A06, 0x4A46, 0x5266, 0x5266, 0x5AA6, 0x7349,
  0x7B2B, 0x7B4D, 0x7B6B, 0x83EB, 0x7BCC, 0x7B8C, 0x62C9, 0x5268, 0x5A88, 0x41E6, 0x39A5, 0x5267,
  0x5A86, 0x6286, 0x51C3, 0x8B28, 0x8B46, 0x8B67, 0x5205, 0x5226, 0x5A87, 0x9C2D, 0xA4AF, 0x83CD,
  0x630B, 0x5269, 0x3185, 0x2923, 0x20E3, 0x3185, 0x39A6, 0x3184, 0x3165, 0x2944, 0x2965, 0x2965,
  0x31A6, 0x39C6, 0x39E8, 0x39E8, 0x39E8, 0x39A7, 0x31A7, 0x39A7, 0x39A7, 0x31A6, 0x39A6, 0x39A6,
  0x41A7, 0x3165, 0x2904, 0x3986, 0x39A7, 0x39C7, 0x2945, 0x1903, 0x2924, 0x3145, 0x3165, 0x2923,
  0x20E2, 0x20E3, 0x20E3, 0x3985, 0x4A28, 0x4A48, 0x5AA9, 0x5A68, 0x5227, 0x4A27, 0x39C6, 0x1904,
  0x3186, 0x39A7, 0x39A7, 0x39A6, 0x41E6, 0x4A26, 0x5226, 0x5226, 0x5226, 0x5226, 0x5226, 0x5226,
  0x5226, 0x5206, 0x49C5, 0x6AE8, 0x6287, 0x6287, 0x6A87, 0x7308, 0x7308, 0x7308, 0x6AC7, 0x6287,
  0x62A7, 0x62A7, 0x62A7, 0x62A7, 0x5A67, 0x4A27, 0x41E7, 0x2945, 0x2945, 0x31A7, 0x1925, 0x1925,
  0x1926, 0x1926, 0x1926, 0x10E4, 0x10E4, 0x18C4, 0x18C4, 0x18C4, 0x2A0B, 0x2168, 0x29CB, 0x322D,
  0x2A0E, 0x2A2D, 0x2A4D, 0x2A2D, 0x2A2D, 0x2A0B, 0x2A2A, 0x2A2A, 0x322A, 0x4229, 0x5A68, 0x6246,
  0x5A67, 0x4A26, 0x4205, 0x5A87, 0x5A47, 0x5A67, 0x5A47, 0x5206, 0x5206, 0x5A67, 0x5A67, 0x6287,
  0x6287, 0x5226, 0x5226, 0x6287, 0x5A66, 0x5A46, 0x5A66, 0x5A86, 0x5267, 0x4A06, 0x5A66, 0x5A65,
  0x5A66, 0x5227, 0x5207, 0x41C6, 0x39A6, 0x4207, 0x5268, 0x4A26, 0x39E5, 0x5287, 0x4205, 0x4205,
  0x39C5, 0x6244, 0xABC5, 0xAB81, 0xBBE3, 0xBBE4, 0xBBE5, 0xC3E4, 0xBBE3, 0xC405, 0xB324, 0x9A42,
  0x9A41, 0xBBA4, 0xBC04, 0xB3C2, 0xA3A4, 0x6223, 0x4184, 0x41C6, 0x3165, 0x3146, 0x3146, 0x3145,
  0x3986, 0x41E6, 0x41C5, 0x41A4, 0x4184, 0x41A5, 0x3964, 0x3144, 0x3145, 0x3144, 0x4227, 0x7B8B,
  0x83AC, 0x9BA6, 0xA364, 0x72EB, 0x6AEB, 0x6B0A, 0x736C, 0x3985, 0x3144, 0x39A5, 0x4A26, 0x5246,
  0x4A45, 0x4185, 0x5A45, 0x7B67, 0x7B48, 0x7B4B, 0x730B, 0x7B8D, 0x7B8C, 0x62E9, 0x5A88, 0x5A89,
  0x4A27, 0x3144, 0x3144, 0x41E6, 0x5A87, 0x5A46, 0x59E4, 0x9348, 0x9B66, 0x7263, 0x4162, 0x6AA6,
  0x8BAA, 0x9C6D, 0x7B6A, 0x5A88, 0x39C6, 0x2103, 0x20E3, 0x20C2, 0x2924, 0x3165, 0x2944, 0x2944,
  0x20E3, 0x3145, 0x2944, 0x2124, 0x39C5, 0x31C6, 0x39C7, 0x39E8, 0x39E8, 0x39C7, 0x39A7, 0x39A7,
  0x39A7, 0x39C6, 0x39A7, 0x39A7, 0x39A7, 0x3166, 0x2104, 0x2104, 0x2104, 0x2965, 0x2165, 0x1903,
  0x2104, 0x3145, 0x2903, 0x28E2, 0x2923, 0x3164, 0x4A28, 0x62CA, 0x6B0B, 0x5A88, 0x5247, 0x5206,
  0x49E5, 0x49E6, 0x39C6, 0x2103, 0x2966, 0x39A7, 0x39A7, 0x39C6, 0x41A5, 0x4A06, 0x5226, 0x5226,
  0x5226, 0x5226, 0x5226, 0x5226, 0x5226, 0x5206, 0x49E5, 0x6AE8, 0x62A7, 0x6287, 0x6AA7, 0x7308,
  0x7328, 0x6AC7, 0x6287, 0x62A7, 0x6287, 0x6287, 0x6287, 0x62A7, 0x6287, 0x4A06, 0x41C7, 0x2125,
  0x2125, 0x1925, 0x1945, 0x1125, 0x1126, 0x1946, 0x1926, 0x18E4, 0x18E4, 0x18C4, 0x18C4, 0x18C4,
  0x2188, 0x2168, 0x29CB, 0x320D, 0x322E, 0x2A2D, 0x2A2D, 0x2A2E, 0x2A2E, 0x2A0C, 0x2A0A, 0x322B,
  0x320B, 0x4228, 0x5A68, 0x5A46, 0x5A87, 0x4A26, 0x4A25, 0x5A87, 0x5A67, 0x5A67, 0x5226, 0x5205,
  0x5246, 0x5A67, 0x5A67, 0x5A67, 0x5A46, 0x5246, 0x5205, 0x5A66, 0x6287, 0x6267, 0x5A66, 0x5A86,
  0x5246, 0x41E6, 0x5246, 0x5266, 0x5226, 0x4A06, 0x49E6, 0x41A6, 0x3986, 0x41A6, 0x39A6, 0x39C5,
  0x39C5, 0x39A5, 0x39C5, 0x41E5, 0x39C5, 0x5A24, 0x9B63, 0xAB82, 0xAB81, 0xAB83, 0xB3A4, 0xC3E3,
  0xBC03, 0xC404, 0xAB24, 0x9A22, 0xA282, 0xB363, 0xBC03, 0xBC22, 0xA3A3, 0x9BA6, 0x5A03, 0x3943,
  0x3165, 0x2924, 0x3966, 0x41E7, 0x41E6, 0x4226, 0x4A46, 0x4A26, 0x4A27, 0x5207, 0x49E6, 0x41C7,
  0x41C6, 0x3965, 0x3165, 0x7B8C, 0x8BAB, 0xA384, 0xA383, 0x7B09, 0x7B28, 0x83A9, 0x62EA, 0x3164,
  0x3164, 0x41A5, 0x4A06, 0x4A05, 0x4A04, 0x5205, 0x5A46, 0x6AE7, 0x7B67, 0x7348, 0x6B0B, 0x6B0E,
  0x62C9, 0x5268, 0x5268, 0x41E6, 0x3985, 0x41C6, 0x5248, 0x3144, 0x49E5, 0x51E5, 0x4983, 0x72C7,
  0x8326, 0x8328, 0x4162, 0x72A5, 0x8B88, 0x7348, 0x5267, 0x39A5, 0x20E3, 0x2103, 0x3144, 0x3144,
  0x2903, 0x3985, 0x39A6, 0x3985, 0x2903, 0x2924, 0x3165, 0x20E3, 0x2123, 0x39C5, 0x39C6, 0x31C6,
  0x39A6, 0x39C6, 0x39A6, 0x39C6, 0x39C7, 0x39E7, 0x39E8, 0x39E9, 0x31E9, 0x31E9, 0x39E8, 0x2966,
  0x18E4, 0x1904, 0x1904, 0x1924, 0x2103, 0x20E3, 0x28E3, 0x41E6, 0x5A89, 0x5248, 0x5AA9, 0x6B2B,
  0x6B0B, 0x5A68, 0x5206, 0x49C5, 0x4184, 0x41A5, 0x3984, 0x2923, 0x2104, 0x3186, 0x39C7, 0x39A6,
  0x39A5, 0x4A06, 0x4A26, 0x5226, 0x5226, 0x5226, 0x5226, 0x5226, 0x5226, 0x5206, 0x49E5, 0x6AE8,
  0x6287, 0x5206, 0x6AC8, 0x7328, 0x62A7, 0x62A7, 0x62A7, 0x6287, 0x6287, 0x62A7, 0x62A7, 0x62A7,
  0x5A46, 0x5227, 0x39E7, 0x2125, 0x1925, 0x1925, 0x1125, 0x1125, 0x1146, 0x1126, 0x10E5, 0x10C4,
  0x10A3, 0x10C4, 0x18E4, 0x18C4, 0x2167, 0x2188, 0x29CA, 0x322D, 0x320D, 0x322D, 0x2A0D, 0x2A0E,
  0x2A0E, 0x2A0C, 0x2A0A, 0x3A0B, 0x3A0A, 0x4228, 0x5A67, 0x5A66, 0x5A87, 0x4A26, 0x4A25, 0x5A66,
  0x5A47, 0x5205, 0x5226, 0x5A46, 0x5A67, 0x5A67, 0x5A67, 0x5A67, 0x5A46, 0x5A66, 0x5205, 0x5225,
  0x5A46, 0x5A47, 0x5A46, 0x5225, 0x4A06, 0x41C6, 0x4A07, 0x4A26, 0x4A26, 0x4A06, 0x49E6, 0x41C6,
  0x41C6, 0x39A6, 0x41C6, 0x41E6, 0x39A5, 0x41C6, 0x4A06, 0x4A06, 0x4A26, 0x5204, 0x7AC4, 0xABC4,
  0xAB61, 0xAB83, 0xAB63, 0xABA2, 0xBBE3, 0xC405, 0xBB44, 0x9A01, 0xA262, 0xA2C1, 0xBBE4, 0xAB81,
  0xAB82, 0xA3A3, 0x9BA5, 0x51C3, 0x3144, 0x31A4, 0x41E6, 0x4A26, 0x4A25, 0x4A25, 0x4A46, 0x4A26,
  0x4A26, 0x5227, 0x5227, 0x4A27, 0x41E6, 0x39A5, 0x39A5, 0x838B, 0x9BA8, 0xAB82, 0xA383, 0x7B47,
  0x8325, 0x8BA8, 0x5288, 0x2944, 0x3165, 0x3985, 0x49E6, 0x5205, 0x5A65, 0x8BA7, 0x7B07, 0x6247,
  0x6AA7, 0x6285, 0x5266, 0x5289, 0x5247, 0x5227, 0x4A06, 0x41C5, 0x4A27, 0x5A89, 0x5A68, 0x3964,
  0x3102, 0x41A5, 0x4185, 0x41A4, 0x7329, 0x5A66, 0x3962, 0x72C7, 0x8348, 0x5A87, 0x4A27, 0x18E2,
  0x2903, 0x3965, 0x39A5, 0x41A6, 0x3144, 0x3965, 0x41C6, 0x39A5, 0x3985, 0x20E3, 0x2903, 0x2103,
  0x20E2, 0x2123, 0x2964, 0x2964, 0x39C5, 0x39C5, 0x39A5, 0x39A5, 0x39C6, 0x39E7, 0x31E8, 0x31E9,
  0x320A, 0x3209, 0x31E8, 0x31C7, 0x3186, 0x2145, 0x2124, 0x2103, 0x20E3, 0x2924, 0x49E7, 0x41A6,
  0x3144, 0x41C6, 0x5248, 0x5AA9, 0x62C9, 0x5A47, 0x41C5, 0x4184, 0x41A5, 0x39A5, 0x39A5, 0x3144,
  0x2124, 0x2124, 0x39A7, 0x39A6, 0x39A6, 0x41E6, 0x4A26, 0x5226, 0x5226, 0x5226, 0x5226, 0x5226,
  0x5226, 0x5207, 0x49E6, 0x62A8, 0x5205, 0x49C5, 0x6AE9, 0x6AC7, 0x62A7, 0x62A7, 0x62A7, 0x6287,
  0x62A7, 0x62A8, 0x62A8, 0x5A87, 0x4A26, 0x4207, 0x39A7, 0x2986, 0x1925, 0x2146, 0x2145, 0x1925,
  0x1925, 0x1105, 0x10E4, 0x10C4, 0x10A3, 0x10A3, 0x18C4, 0x18C4, 0x2167, 0x21A8, 0x29CA, 0x320C,
  0x322C, 0x320B, 0x2A2C, 0x2A0D, 0x2A2D, 0x320B, 0x3209, 0x4229, 0x4229, 0x4A27, 0x5246, 0x5A66,
  0x5267, 0x41E5, 0x4A25, 0x5226, 0x5226, 0x5A46, 0x5A67, 0x5A67, 0x5A67, 0x5A67, 0x5226, 0x5226,
  0x5A86, 0x5A66, 0x5A46, 0x5226, 0x5206, 0x5206, 0x5205, 0x5A46, 0x5A47, 0x41E7, 0x41E7, 0x4206,
  0x4A06, 0x41E6, 0x4A06, 0x49E6, 0x4A06, 0x49E6, 0x5207, 0x5207, 0x49E6, 0x49C6, 0x4A07, 0x4A06,
  0x4A05, 0x4A06, 0x5A44, 0x9303, 0xB383, 0xB362, 0xAB83, 0xA381, 0xBBE3, 0xBBA4, 0xA2A2, 0xA243,
  0x9A01, 0x9A81, 0xBBA4, 0xB362, 0xAB43, 0xAB61, 0xABE3, 0x7AA6, 0x3945, 0x3A06, 0x4205, 0x4A26,
  0x4A26, 0x5226, 0x5226, 0x5226, 0x5226, 0x4A06, 0x4A06, 0x5226, 0x5267, 0x41C5, 0x3164, 0x8389,
  0xA3A4, 0xB362, 0xA384, 0x8365, 0x8B05, 0x8B6B, 0x4207, 0x2924, 0x3165, 0x3985, 0x49E5, 0x5225,
  0x6265, 0x9BA6, 0x9B85, 0x8B05, 0x8B28, 0x9BEB, 0x8BEB, 0x7B89, 0x6B2A, 0x62A9, 0x5A88, 0x5A68,
  0x5A68, 0x5268, 0x4A07, 0x2123, 0x2102, 0x3164, 0x3965, 0x41A5, 0x5A67, 0x5AA8, 0x3984, 0x5A25,
  0x7AE9, 0x5AA9, 0x2965, 0x2102, 0x3184, 0x41E6, 0x39A5, 0x39A5, 0x3984, 0x3143, 0x39A5, 0x39A4,
  0x39A5, 0x3123, 0x20E3, 0x20E3, 0x2103, 0x20E3, 0x18E2, 0x2103, 0x2923, 0x2923, 0x3185, 0x39A6,
  0x39A5, 0x39A4, 0x39A6, 0x39C8, 0x31A8, 0x2145, 0x2986, 0x39C7, 0x39A6, 0x39C6, 0x2964, 0x2103,
  0x20E3, 0x3123, 0x3985, 0x20C2, 0x28E2, 0x3144, 0x41C5, 0x5247, 0x5A67, 0x5227, 0x41C5, 0x3143,
  0x3164, 0x39A5, 0x39A5, 0x2944, 0x1924, 0x2144, 0x39A7, 0x39A7, 0x39C6, 0x39C6, 0x4A27, 0x5226,
  0x5226, 0x5226, 0x5226, 0x5226, 0x5226, 0x4A07, 0x41C5, 0x5246, 0x5246, 0x5A47, 0x6AE9, 0x62A6,
  0x62A7, 0x62A7, 0x62A7, 0x6287, 0x62A8, 0x62A8, 0x62C8, 0x5AA8, 0x4A26, 0x39C6, 0x39C7, 0x2966,
  0x2104, 0x2966, 0x39A7, 0x2946, 0x1905, 0x10E5, 0x10C4, 0x10A3, 0x10A3, 0x10A4, 0x18C4, 0x10C4,
  0x2168, 0x21A8, 0x29C9, 0x29CA, 0x29CA, 0x29CA, 0x2A0C, 0x320D, 0x320D, 0x322A, 0x3209, 0x3A29,
  0x4227, 0x4A26, 0x5226, 0x5A67, 0x5A67, 0x41C4, 0x4A26, 0x5226, 0x5A67, 0x5A67, 0x5A67, 0x5A67,
  0x5A67, 0x5226, 0x5226, 0x5A46, 0x5A46, 0x6286, 0x5A66, 0x5A67, 0x5A67, 0x5A67, 0x5A47, 0x5A47,
  0x49E7, 0x39A7, 0x39C7, 0x4207, 0x41C5, 0x4A06, 0x4A26, 0x4A06, 0x4A06, 0x4A26, 0x4A26, 0x5226,
  0x4A06, 0x41C6, 0x5207, 0x4A06, 0x4A25, 0x4A46, 0x49E4, 0x8B04, 0xBB83, 0xBB42, 0xB361, 0xAB81,
  0xBBE3, 0xBBA4, 0xA282, 0xA263, 0x9A01, 0x9A41, 0xBBA5, 0xAB64, 0xB362, 0xB361, 0xA3A5, 0x6A45,
  0x3964, 0x39C6, 0x4207, 0x4206, 0x4A06, 0x51E6, 0x5206, 0x5207, 0x5207, 0x4A05, 0x5226, 0x4A06,
  0x4A06, 0x5247, 0x39C4, 0x8388, 0xA3A4, 0xB362, 0xA385, 0x7B65, 0x7B07, 0x730B, 0x41E7, 0x2944,
  0x3985, 0x41C5, 0x49E5, 0x5226, 0x5205, 0x7AA4, 0xA3C6, 0xA3C4, 0xABC7, 0xA3CA, 0x9BEB, 0x8BCA,
  0x734A, 0x62E9, 0x5A68, 0x5A68, 0x5227, 0x49E6, 0x3145, 0x2104, 0x18E3, 0x2103, 0x2924, 0x3124,
  0x41C5, 0x4A27, 0x41A5, 0x5206, 0x6268, 0x39A6, 0x2103, 0x3185, 0x39A5, 0x41C5, 0x41E6, 0x39A5,
  0x39C5, 0x3164, 0x3163, 0x39A4, 0x39A4, 0x39A5, 0x2103, 0x20E3, 0x20E3, 0x20E3, 0x2103, 0x2965,
  0x2103, 0x2104, 0x2104, 0x2104, 0x2923, 0x39A4, 0x39C5, 0x39C6, 0x3185, 0x2124, 0x2104, 0x3165,
  0x39A6, 0x39A6, 0x2964, 0x2103, 0x20E3, 0x2903, 0x2904, 0x28E3, 0x2903, 0x3123, 0x41A5, 0x5227,
  0x5227, 0x4A06, 0x41C6, 0x39A5, 0x39A5, 0x4206, 0x4A27, 0x3185, 0x1924, 0x1904, 0x2945, 0x39C6,
  0x39C6, 0x39A5, 0x4A06, 0x5226, 0x5226, 0x5206, 0x5226, 0x5226, 0x5226, 0x4A06, 0x41C5, 0x62A8,
  0x5246, 0x6288, 0x6AC8, 0x6286, 0x62A6, 0x62A7, 0x62A7, 0x62A8, 0x62C9, 0x5247, 0x4A06, 0x4A26,
  0x31A5, 0x2104, 0x3186, 0x2125, 0x2945, 0x39A7, 0x41C8, 0x2925, 0x18C4, 0x10C4, 0x10C4, 0x08A3,
  0x0882, 0x10A3, 0x10C4, 0x10C4, 0x31C9, 0x31E9, 0x31E9, 0x29C9, 0x21C9, 0x29CA, 0x29EB, 0x320D,
  0x31EC, 0x3209, 0x3209, 0x3A0A, 0x4246, 0x4A06, 0x5226, 0x5A67, 0x5A66, 0x49E4, 0x4A05, 0x5A67,
  0x5A47, 0x5A67, 0x6287, 0x5A67, 0x5226, 0x5226, 0x6266, 0x6266, 0x5A46, 0x5A46, 0x5A46, 0x5A47,
  0x4A06, 0x49E5, 0x41C5, 0x39A6, 0x3987, 0x41C7, 0x41E7, 0x41E5, 0x5205, 0x5205, 0x4A05, 0x4A06,
  0x4A26, 0x4A26, 0x4A26, 0x4A26, 0x4A06, 0x41C6, 0x4A07, 0x4A06, 0x4A26, 0x4A47, 0x4A05, 0x7AC4,
  0xAB85, 0xBB84, 0xB383, 0xABA2, 0xB3C3, 0xC405, 0xB344, 0xA242, 0xA242, 0x9A41, 0xB364, 0xAB63,
  0xB381, 0xB382, 0x8AE5, 0x3941, 0x3983, 0x39A7, 0x39C6, 0x41C5, 0x5226, 0x6245, 0x6266, 0x5246,
  0x4A05, 0x5226, 0x4A06, 0x41E6, 0x3985, 0x4206, 0x52A7, 0x83AA, 0x8B25, 0xA384, 0x9BA5, 0x7327,
  0x52E9, 0x630A, 0x41C6, 0x3984, 0x5AA8, 0x41E5, 0x41E5, 0x5227, 0x4A07, 0x51E5, 0x72A5, 0x8B26,
  0x82C5, 0x7286, 0x72C8, 0x5A87, 0x5287, 0x5267, 0x4A06, 0x49C6, 0x3965, 0x2924, 0x3165, 0x2924,
  0x20E3, 0x20E3, 0x20E3, 0x2903, 0x3165, 0x4A07, 0x49E6, 0x5207, 0x4A07, 0x3964, 0x3143, 0x41E6,
  0x4A07, 0x4185, 0x3964, 0x41E6, 0x39C5, 0x39A5, 0x3184, 0x39A4, 0x39C4, 0x39A4, 0x2103, 0x2103,
  0x2965, 0x2124, 0x1923, 0x2124, 0x2944, 0x31A6, 0x2124, 0x2103, 0x2103, 0x2923, 0x3184, 0x3184,
  0x39A5, 0x39A6, 0x3165, 0x2924, 0x2123, 0x2103, 0x2103, 0x2103, 0x2103, 0x2124, 0x2925, 0x20E3,
  0x28E3, 0x3964, 0x4A06, 0x5248, 0x5268, 0x49E6, 0x4A07, 0x4A07, 0x49E6, 0x41C6, 0x3985, 0x2943,
  0x1924, 0x1905, 0x2945, 0x39C6, 0x39C5, 0x39A5, 0x41C6, 0x5206, 0x5206, 0x4A06, 0x5226, 0x5226,
  0x5226, 0x5226, 0x49C5, 0x6288, 0x5247, 0x62A8, 0x6AC8, 0x6287, 0x62A6, 0x5AA6, 0x62A7, 0x5AA8,
  0x4A26, 0x39A5, 0x41E7, 0x5247, 0x41C5, 0x2145, 0x2125, 0x2146, 0x31A7, 0x39A7, 0x31A7, 0x2125,
  0x18C4, 0x10C4, 0x10E4, 0x08A2, 0x0882, 0x10A3, 0x18C4, 0x18E4, 0x31E9, 0x21A8, 0x29E9, 0x21A9,
  0x29CA, 0x29CA, 0x31E9, 0x3A0A, 0x31EA, 0x3A07, 0x3A0A, 0x39EC, 0x4228, 0x4A06, 0x5226, 0x5A67,
  0x5A46, 0x5246, 0x41C5, 0x5246, 0x5A46, 0x5226, 0x5226, 0x5226, 0x5246, 0x5A67, 0x5A67, 0x5226,
  0x5226, 0x5206, 0x5226, 0x41C5, 0x41C5, 0x41A6, 0x41A6, 0x41A7, 0x41A6, 0x41E7, 0x41E5, 0x4A25,
  0x5206, 0x5206, 0x5206, 0x4A06, 0x4A26, 0x4A26, 0x4A26, 0x41E6, 0x41C6, 0x39A6, 0x3986, 0x41C7,
  0x41E7, 0x41E6, 0x4A26, 0x5224, 0x7AC5, 0x82E5, 0x7AC3, 0x8B65, 0xB425, 0xBC03, 0xB363, 0xA261,
  0xA263, 0x9A42, 0xBB85, 0xAB62, 0xB362, 0xB362, 0x9B65, 0x5A24, 0x3164, 0x39C6, 0x39A5, 0x4183,
  0x6AA6, 0x8B68, 0x8388, 0x8367, 0x5A64, 0x41E5, 0x41E6, 0x39A6, 0x39C6, 0x4206, 0x4A66, 0x6B29,
  0x8B69, 0x9346, 0x8B67, 0x6B08, 0x4A68, 0x62EB, 0x41E6, 0x4A46, 0x5267, 0x4A05, 0x4A25, 0x4A26,
  0x4A06, 0x4A27, 0x4A05, 0x49E4, 0x3922, 0x4186, 0x49E8, 0x4A07, 0x41C4, 0x41A4, 0x3964, 0x3123,
  0x3164, 0x2944, 0x2944, 0x2903, 0x20E3, 0x20E3, 0x2903, 0x20E3, 0x2924, 0x41C6, 0x41A5, 0x49E6,
  0x5227, 0x39A5, 0x3164, 0x3985, 0x4A06, 0x49E6, 0x3984, 0x3984, 0x41E6, 0x41C6, 0x2944, 0x2943,
  0x39A5, 0x3164, 0x2103, 0x2924, 0x39A7, 0x3186, 0x2965, 0x2965, 0x2103, 0x18E3, 0x2944, 0x3185,
  0x39A6, 0x2104, 0x18C2, 0x20E2, 0x3184, 0x39A5, 0x39A6, 0x39C6, 0x2103, 0x2103, 0x2124, 0x20E3,
  0x20E3, 0x2103, 0x2945, 0x2104, 0x2903, 0x49C6, 0x5227, 0x5247, 0x5268, 0x5247, 0x5248, 0x4A27,
  0x41A5, 0x41E6, 0x41C5, 0x3164, 0x2144, 0x2104, 0x2125, 0x3165, 0x3985, 0x39A6, 0x41A6, 0x4A06,
  0x5206, 0x5206, 0x5226, 0x5226, 0x5226, 0x4A06, 0x49E5, 0x5A67, 0x5A67, 0x6AC8, 0x62A7, 0x62A7,
  0x62A7, 0x62A7, 0x5A87, 0x41C4, 0x39A4, 0x5247, 0x5A88, 0x62A8, 0x62A8, 0x39C6, 0x2965, 0x31A7,
  0x39A7, 0x3186, 0x2125, 0x2105, 0x18C4, 0x10C4, 0x10E4, 0x08A3, 0x0882, 0x10A3, 0x10C4, 0x18C4,
  0x3209, 0x29A8, 0x29C8, 0x2168, 0x2189, 0x21AA, 0x29C9, 0x3209, 0x31E8, 0x3A26, 0x3A29, 0x39EC,
  0x4229, 0x4A06, 0x5226, 0x5A67, 0x5A67, 0x5A67, 0x41C5, 0x4A06, 0x5225, 0x5225, 0x5246, 0x5A86,
  0x5246, 0x4A25, 0x5246, 0x4A06, 0x4A06, 0x49E6, 0x41C5, 0x41C5, 0x41E6, 0x4A06, 0x4A07, 0x4A08,
  0x49E7, 0x41E6, 0x4A26, 0x4A26, 0x4A06, 0x5206, 0x5226, 0x5226, 0x4A26, 0x4A05, 0x49E5, 0x49E6,
  0x41E6, 0x49E7, 0x41C7, 0x3986, 0x41A7, 0x3985, 0x41E5, 0x4A46, 0x4A05, 0x49E4, 0x51E4, 0x6263,
  0x9385, 0xBC25, 0xAB43, 0x9A21, 0xAA63, 0xA222, 0xB2C2, 0xB382, 0xB363, 0xAB63, 0xABC4, 0x7AE6,
  0x3985, 0x39E6, 0x41E7, 0x49E7, 0x5206, 0x5A26, 0x5205, 0x5A25, 0x49E5, 0x39A5, 0x39A6, 0x39A6,
  0x39A6, 0x39C5, 0x4A46, 0x5267, 0x7B8B, 0x8B8A, 0x8369, 0x5A87, 0x5AA9, 0x6B0B, 0x5267, 0x4A46,
  0x5266, 0x4A25, 0x4A25, 0x4A26, 0x4A26, 0x4A45, 0x4225, 0x5286, 0x4226, 0x4A26, 0x5226, 0x5226,
  0x5206, 0x41A5, 0x41C5, 0x3985, 0x2944, 0x2985, 0x2944, 0x20E3, 0x2903, 0x20E3, 0x20E3, 0x2903,
  0x20E3, 0x28E3, 0x3124, 0x2903, 0x3164, 0x49E6, 0x41E6, 0x41C6, 0x3984, 0x4A05, 0x4A06, 0x3985,
  0x3185, 0x2945, 0x2924, 0x2924, 0x3144, 0x3145, 0x2104, 0x20E4, 0x2104, 0x31A7, 0x39C7, 0x31A6,
  0x31A6, 0x3186, 0x39C6, 0x39A6, 0x39A6, 0x39A6, 0x3165, 0x3165, 0x2103, 0x2964, 0x3184, 0x39A6,
  0x2103, 0x2103, 0x2103, 0x20E3, 0x18E3, 0x2103, 0x2965, 0x2904, 0x2903, 0x4A06, 0x5227, 0x5A68,
  0x5227, 0x5247, 0x41E6, 0x41C5, 0x4A27, 0x49E6, 0x49E6, 0x4A07, 0x2944, 0x2104, 0x2104, 0x2924,
  0x39A6, 0x3987, 0x41A7, 0x49E6, 0x4A06, 0x5226, 0x5226, 0x5226, 0x5226, 0x4A06, 0x49E5, 0x5A67,
  0x6287, 0x6AE8, 0x6286, 0x62A7, 0x62A8, 0x5A88, 0x5226, 0x5246, 0x5A87, 0x62C8, 0x5A87, 0x62A7,
  0x5A67, 0x4A06, 0x39E7, 0x39A6, 0x41E7, 0x3166, 0x1905, 0x18E4, 0x18E4, 0x10E4, 0x10E4, 0x08A3,
  0x0883, 0x1083, 0x10C4, 0x10C4, 0x29C7, 0x2166, 0x2966, 0x2147, 0x2168, 0x2168, 0x2189, 0x320A,
  0x3209, 0x3226, 0x3A49, 0x3A0B, 0x4228, 0x4A25, 0x5226, 0x5A67, 0x5A46, 0x5A67, 0x41C5, 0x5227,
  0x5A67, 0x5A67, 0x5A67, 0x5226, 0x4A25, 0x4A05, 0x4206, 0x4A06, 0x41E6, 0x41E6, 0x4A06, 0x4A06,
  0x4A06, 0x4A45, 0x5A87, 0x4A07, 0x41C6, 0x49C5, 0x49E6, 0x4A07, 0x4A07, 0x4A27, 0x4A06, 0x4A06,
  0x5206, 0x5206, 0x4A25, 0x5225, 0x5226, 0x5226, 0x4A06, 0x4A07, 0x49E6, 0x4A06, 0x49E4, 0x4A05,
  0x4206, 0x4A07, 0x5226, 0x5204, 0x6A22, 0xABA6, 0xB365, 0x9201, 0xA244, 0xA222, 0xA281, 0xBBC2,
  0xAB63, 0xAB63, 0xABC3, 0x7AC4, 0x49C5, 0x4246, 0x4A47, 0x4A27, 0x4A06, 0x49E6, 0x49E7, 0x41A6,
  0x3986, 0x39C6, 0x39A6, 0x41E7, 0x4A27, 0x4A27, 0x5267, 0x4A47, 0x62C8, 0x83AB, 0x83AB, 0x5266,
  0x5A88, 0x6B2A, 0x52A7, 0x5266, 0x4A25, 0x4A26, 0x5246, 0x4A26, 0x4A06, 0x4A45, 0x4A45, 0x5267,
  0x4A47, 0x5266, 0x5A67, 0x5A67, 0x5A48, 0x5207, 0x5227, 0x5268, 0x31A5, 0x31A5, 0x2944, 0x20E3,
  0x20E3, 0x20E3, 0x20E3, 0x20E3, 0x20E3, 0x20E3, 0x20C3, 0x20E3, 0x20C2, 0x2923, 0x4A06, 0x4A07,
  0x41E5, 0x3184, 0x4206, 0x3164, 0x20E3, 0x20E3, 0x2924, 0x3145, 0x3145, 0x2904, 0x20E3, 0x2104,
  0x2104, 0x2124, 0x2944, 0x2965, 0x39E7, 0x39C7, 0x39A6, 0x39A6, 0x39A6, 0x39A7, 0x39C7, 0x39C7,
  0x3165, 0x2923, 0x2943, 0x3164, 0x2124, 0x2103, 0x18E3, 0x2103, 0x2103, 0x20E3, 0x2124, 0x2945,
  0x2903, 0x41C6, 0x5227, 0x5247, 0x5227, 0x4206, 0x39A5, 0x4A07, 0x4A07, 0x49E6, 0x49E6, 0x41A5,
  0x2943, 0x2103, 0x2965, 0x4A68, 0x4207, 0x39A6, 0x4186, 0x41E6, 0x4A26, 0x4A26, 0x4A25, 0x4A26,
  0x4A26, 0x4A26, 0x41C5, 0x5225, 0x6AC8, 0x6AC7, 0x62A7, 0x62A7, 0x62A8, 0x62A8, 0x62A8, 0x62A8,
  0x62A8, 0x62A7, 0x62A7, 0x6AA7, 0x5A67, 0x4A06, 0x39C6, 0x39A6, 0x31A6, 0x2125, 0x1925, 0x10E4,
  0x10C4, 0x10C4, 0x10E4, 0x10A3, 0x10A3, 0x0883, 0x10A3, 0x18E4, 0x2166, 0x2966, 0x2945, 0x2946,
  0x2966, 0x29A8, 0x2988, 0x29A8, 0x2987, 0x31E5, 0x4228, 0x420A, 0x4246, 0x4A25, 0x5225, 0x5A66,
  0x5A46, 0x5A47, 0x41C5, 0x4A06, 0x5A67, 0x5226, 0x4A06, 0x4A06, 0x4A05, 0x41C4, 0x41C5, 0x41E6,
  0x4A06, 0x4A27, 0x5226, 0x4A06, 0x4A05, 0x5AA6, 0x5AA7, 0x4A07, 0x49E5, 0x49E4, 0x49C5, 0x41A7,
  0x49E7, 0x41E6, 0x49E6, 0x49C5, 0x5206, 0x5206, 0x5205, 0x5225, 0x5225, 0x5225, 0x5225, 0x5226,
  0x4A06, 0x5206, 0x5226, 0x49E5, 0x41E5, 0x49E7, 0x5207, 0x5A25, 0x6A23, 0xA365, 0xBBE5, 0xAAC3,
  0x9A03, 0x9A23, 0xA2A1, 0xC404, 0xB3A3, 0xAB82, 0xAB62, 0xAB85, 0x6A64, 0x4A04, 0x4A44, 0x4A44,
  0x4A45, 0x4A46, 0x4A46, 0x4A27, 0x41E6, 0x39A6, 0x41C7, 0x4A07, 0x4A27, 0x4A06, 0x5226, 0x5246,
  0x4A25, 0x4A25, 0x6B29, 0x5A86, 0x5AC7, 0x6308, 0x4A66, 0x5266, 0x39C4, 0x4A26, 0x5247, 0x4A06,
  0x4A06, 0x4A06, 0x49E7, 0x5249, 0x5A69, 0x6289, 0x5A48, 0x5A49, 0x5A48, 0x4A07, 0x5268, 0x5AA9,
  0x5268, 0x3985, 0x2923, 0x20E3, 0x20E3, 0x20E3, 0x20E3, 0x20E3, 0x20E3, 0x20E3, 0x20E3, 0x20E3,
  0x2103, 0x2102, 0x20E2, 0x3144, 0x41E6, 0x2923, 0x20E2, 0x2103, 0x2103, 0x20E3, 0x2104, 0x2924,
  0x2904, 0x20E3, 0x2103, 0x2103, 0x2103, 0x2103, 0x2965, 0x3186, 0x3165, 0x39A6, 0x39A7, 0x39A6,
  0x39A6, 0x39A6, 0x39A6, 0x3145, 0x2904, 0x20C3, 0x2924, 0x2964, 0x2124, 0x2103, 0x2103, 0x2103,
  0x2103, 0x2103, 0x2104, 0x2924, 0x3144, 0x3964, 0x5207, 0x49E6, 0x41E6, 0x4A47, 0x4A47, 0x5248,
  0x4A07, 0x41A5, 0x4185, 0x4185, 0x3985, 0x2903, 0x2944, 0x4A67, 0x4A67, 0x41E6, 0x3985, 0x41E6,
  0x4A26, 0x4A25, 0x4A25, 0x4A46, 0x5247, 0x41E6, 0x41C5, 0x5A87, 0x72E8, 0x6AA6, 0x6286, 0x62A7,
  0x62A8, 0x5A87, 0x5AA7, 0x62A7, 0x62A7, 0x62A7, 0x62A7, 0x62A7, 0x5A87, 0x4A06, 0x39A5, 0x39C7,
  0x2125, 0x1925, 0x1926, 0x10E5, 0x10E4, 0x10E4, 0x10E4, 0x10A4, 0x0883, 0x10A3, 0x10A3, 0x10C4,
  0x2966, 0x3165, 0x3965, 0x3124, 0x3165, 0x4207, 0x4206, 0x39A6, 0x39A7, 0x4A25, 0x4A07, 0x4A09,
  0x4A25, 0x4A25, 0x5225, 0x5A66, 0x5A67, 0x5A47, 0x41A5, 0x41C6, 0x5227, 0x4A06, 0x49E6, 0x41E5,
  0x41C5, 0x41E5, 0x4A06, 0x4A27, 0x4A06, 0x4A06, 0x5206, 0x5A26, 0x5A67, 0x5AA7, 0x4A06, 0x41A6,
  0x49E5, 0x5AA6, 0x5A66, 0x51E7, 0x41E7, 0x41A6, 0x49E6, 0x5227, 0x5A67, 0x5A46, 0x5226, 0x4A06,
  0x5206, 0x4A25, 0x4A25, 0x5205, 0x4A05, 0x4A06, 0x4A26, 0x4A26, 0x4A07, 0x49C7, 0x49C6, 0x5206,
  0x7A83, 0xABA2, 0xC423, 0xAAE1, 0x89C2, 0x9A44, 0xA2C2, 0xB3A4, 0xBC23, 0xAB61, 0xB342, 0xB382,
  0x8B03, 0x5A25, 0x5205, 0x5226, 0x4A26, 0x4A26, 0x4A26, 0x4A06, 0x41C5, 0x41C7, 0x4A07, 0x4A06,
  0x5226, 0x5205, 0x5205, 0x5205, 0x4A25, 0x4A26, 0x4A26, 0x5246, 0x5246, 0x5267, 0x5266, 0x4A46,
  0x41E5, 0x5A88, 0x41C6, 0x41C6, 0x4A07, 0x41E6, 0x3985, 0x5228, 0x732A, 0x7B8B, 0x632A, 0x5AEB,
  0x5A89, 0x5228, 0x5288, 0x5268, 0x5A88, 0x5227, 0x3144, 0x20E3, 0x20E3, 0x20E3, 0x20E3, 0x20E3,
  0x20E3, 0x20E4, 0x20E4, 0x20E3, 0x2103, 0x20E3, 0x28E2, 0x28E2, 0x20E2, 0x20E3, 0x20E3, 0x2103,
  0x2103, 0x2103, 0x2103, 0x2904, 0x2904, 0x2103, 0x2103, 0x2103, 0x2103, 0x20E3, 0x18E3, 0x18E3,
  0x20E3, 0x2924, 0x3145, 0x39A6, 0x39C6, 0x39A5, 0x39C6, 0x39A7, 0x3987, 0x2945, 0x2924, 0x3165,
  0x2944, 0x2103, 0x2103, 0x2103, 0x2103, 0x2103, 0x20E4, 0x2904, 0x3144, 0x4185, 0x49E6, 0x41C6,
  0x5268, 0x4A47, 0x5268, 0x4A27, 0x39A5, 0x5207, 0x49C6, 0x49C6, 0x4164, 0x2904, 0x2103, 0x31C4,
  0x52A6, 0x5266, 0x49E6, 0x41C6, 0x4A26, 0x4A25, 0x4A25, 0x5266, 0x5247, 0x39C5, 0x41E5, 0x7329,
  0x7308, 0x72E7, 0x62A6, 0x5AC7, 0x5AC7, 0x5266, 0x5A86, 0x62A7, 0x6287, 0x6287, 0x6287, 0x62A7,
  0x5A87, 0x41E5, 0x39C6, 0x2986, 0x1925, 0x1926, 0x1926, 0x10E5, 0x10E4, 0x10E4, 0x10E4, 0x10C5,
  0x1084, 0x10A3, 0x1083, 0x10A3, 0x3186, 0x3985, 0x41E6, 0x41C6, 0x41E6, 0x39A4, 0x39C5, 0x41E7,
  0x41C7, 0x41C6, 0x49E7, 0x49E7, 0x5225, 0x5225, 0x5225, 0x5A46, 0x5227, 0x4A07, 0x4186, 0x41C6,
  0x41E6, 0x41C6, 0x41E6, 0x41C5, 0x4A06, 0x4A27, 0x4A26, 0x4A06, 0x4A06, 0x5206, 0x5A47, 0x62C8,
  0x6287, 0x49E7, 0x4204, 0x4225, 0x51E6, 0x7B07, 0x6AC5, 0x4206, 0x4A67, 0x4A26, 0x41C6, 0x4A06,
  0x5A67, 0x6AA8, 0x6268, 0x6247, 0x6247, 0x6266, 0x6266, 0x5225, 0x5206, 0x5207, 0x5207, 0x5206,
  0x4A06, 0x5228, 0x49E7, 0x4185, 0x9345, 0xB3A2, 0xC424, 0xAAE2, 0x91C1, 0xA223, 0x9A42, 0xA342,
  0xBC25, 0xB3A4, 0xB363, 0xAB82, 0xABE6, 0x7286, 0x51E7, 0x51E6, 0x5205, 0x5205, 0x5206, 0x49C7,
  0x41A7, 0x5227, 0x4A06, 0x4A06, 0x5206, 0x5205, 0x5205, 0x5205, 0x4A06, 0x4A06, 0x4A06, 0x4A26,
  0x4A25, 0x4A46, 0x5245, 0x5A66, 0x4A06, 0x41E7, 0x41C7, 0x39A6, 0x41A6, 0x39C4, 0x49E6, 0x6246,
  0x8366, 0x93C9, 0x83AA, 0x734A, 0x62EA, 0x5289, 0x5AA9, 0x5268, 0x5288, 0x5A88, 0x4A07, 0x2904,
  0x20E3, 0x20E3, 0x2103, 0x2103, 0x2103, 0x2103, 0x20E3, 0x20E3, 0x20E3, 0x20E3, 0x20E3, 0x20E3,
  0x2103, 0x20E3, 0x20E3, 0x2103, 0x20E3, 0x20E2, 0x20E3, 0x2904, 0x3145, 0x2924, 0x2944, 0x2903,
  0x2103, 0x2903, 0x2903, 0x2903, 0x2924, 0x2904, 0x20E3, 0x3145, 0x3165, 0x41C6, 0x39C6, 0x39A7,
  0x39A7, 0x39C7, 0x2925, 0x2924, 0x3165, 0x2924, 0x2103, 0x20E3, 0x20E3, 0x20E3, 0x2104, 0x20E3,
  0x39A5, 0x5227, 0x4A06, 0x49E5, 0x49E6, 0x5247, 0x5287, 0x4A06, 0x41C5, 0x41C5, 0x41E6, 0x41C6,
  0x3965, 0x2124, 0x2124, 0x2143, 0x4246, 0x52A6, 0x4A26, 0x41C6, 0x4A27, 0x4A25, 0x5245, 0x5266,
  0x5227, 0x39A6, 0x41C5, 0x62A8, 0x7308, 0x7308, 0x6AC7, 0x6287, 0x62A7, 0x5A46, 0x5A87, 0x62A8,
  0x6288, 0x62A8, 0x62A8, 0x62C9, 0x5268, 0x31A5, 0x31C7, 0x2145, 0x1925, 0x1946, 0x1926, 0x10E5,
  0x10E4, 0x10E4, 0x10C4, 0x18C5, 0x10A4, 0x0882, 0x0882, 0x0883, 0x41A6, 0x4A07, 0x4A27, 0x4A06,
  0x4A06, 0x4A06, 0x41E6, 0x39A6, 0x39A7, 0x41A7, 0x3986, 0x4A26, 0x5267, 0x5A67, 0x5A47, 0x5227,
  0x4A07, 0x41C7, 0x3986, 0x41C7, 0x39C5, 0x41E6, 0x41E6, 0x4A06, 0x5227, 0x4A06, 0x4A06, 0x5206,
  0x5247, 0x5A88, 0x62A8, 0x62A8, 0x49E5, 0x49C6, 0x4244, 0x4246, 0x51C7, 0x7AE4, 0x6AA2, 0x4206,
  0x4246, 0x4A26, 0x4A06, 0x41E5, 0x4A26, 0x5246, 0x6247, 0x6A88, 0x6A87, 0x6AA6, 0x6AA6, 0x6286,
  0x6288, 0x6288, 0x5A66, 0x51E5, 0x51E6, 0x51E6, 0x5205, 0x49A1, 0x9303, 0xAB83, 0xB3E4, 0xAB24,
  0x99E1, 0xA1E2, 0x91E1, 0xAB43, 0xC405, 0xBBE5, 0xABA4, 0x8AE3, 0x7284, 0x6AC6, 0x6286, 0x62A6,
  0x62A6, 0x5A86, 0x5225, 0x41A4, 0x5227, 0x5246, 0x5206, 0x5206, 0x5206, 0x5206, 0x5206, 0x4A26,
  0x4A26, 0x4A26, 0x4A26, 0x4A26, 0x4A05, 0x5266, 0x6286, 0x62A7, 0x4A06, 0x3985, 0x39A6, 0x41C6,
  0x49E6, 0x4A05, 0x5227, 0x7AE7, 0x9BC5, 0x9BA8, 0x8B29, 0x7B29, 0x630A, 0x5AC9, 0x632B, 0x5AA9,
  0x5288, 0x62EA, 0x4A47, 0x3986, 0x31A5, 0x2123, 0x2103, 0x2103, 0x1903, 0x2103, 0x20E3, 0x20E3,
  0x20E3, 0x20E3, 0x20E3, 0x20E3, 0x20E3, 0x20E3, 0x20E3, 0x20E3, 0x2924, 0x2103, 0x2924, 0x2103,
  0x2924, 0x3145, 0x3145, 0x2944, 0x2944, 0x3144, 0x3144, 0x3144, 0x3144, 0x3164, 0x3144, 0x3144,
  0x2944, 0x3165, 0x3986, 0x39A6, 0x39A6, 0x3186, 0x2104, 0x2104, 0x3145, 0x2924, 0x2103, 0x20E3,
  0x20E3, 0x20E3, 0x20E3, 0x20C2, 0x4A06, 0x5A88, 0x4A06, 0x4184, 0x49E6, 0x5227, 0x41C5, 0x4A27,
  0x4A06, 0x39A5, 0x3985, 0x2944, 0x2944, 0x2124, 0x2124, 0x1903, 0x39E5, 0x4A86, 0x4A46, 0x41C6,
  0x5227, 0x4A26, 0x5245, 0x5245, 0x5206, 0x41C6, 0x39A5, 0x5206, 0x5225, 0x6AC7, 0x7308, 0x6AE8,
  0x6288, 0x5A47, 0x5A67, 0x62A8, 0x62A8, 0x62A8, 0x5AA8, 0x62A8, 0x5268, 0x39A6, 0x31C8, 0x1946,
  0x1926, 0x1926, 0x1926, 0x10E5, 0x10E4, 0x10C4, 0x10C4, 0x18C4, 0x10A3, 0x0882, 0x10A2, 0x0882,
  0x4A27, 0x4A06, 0x4A26, 0x5226, 0x5226, 0x5246, 0x5246, 0x4A06, 0x41E7, 0x39A6, 0x39A6, 0x41C5,
  0x5227, 0x5247, 0x4A06, 0x4A07, 0x41C6, 0x41E7, 0x41E7, 0x41E6, 0x41E6, 0x4A26, 0x4A06, 0x5226,
  0x5206, 0x5226, 0x5246, 0x5A87, 0x62A7, 0x62A8, 0x5A88, 0x49E6, 0x49C5, 0x5226, 0x4A25, 0x4228,
  0x49C6, 0x8324, 0x7AE2, 0x51C4, 0x4A06, 0x5206, 0x5A26, 0x4A06, 0x41E5, 0x4A25, 0x5205, 0x5A47,
  0x6287, 0x6AA6, 0x6AA6, 0x6AA6, 0x6A87, 0x62C8, 0x5266, 0x6224, 0x6A65, 0x6A23, 0x7AA3, 0xA384,
  0xAB63, 0xAB63, 0xB3C4, 0xAB23, 0xA242, 0x9A02, 0x91E1, 0xAB03, 0xC404, 0xBC03, 0x9B64, 0x59E2,
  0x49C2, 0x4A43, 0x5A85, 0x62A7, 0x62A8, 0x5227, 0x49C5, 0x49E4, 0x62A7, 0x5A47, 0x5246, 0x5226,
  0x5205, 0x5206, 0x5206, 0x5226, 0x5226, 0x4A26, 0x4A06, 0x5246, 0x5AA7, 0x62A7, 0x62A7, 0x4A26,
  0x39A5, 0x41C6, 0x49E7, 0x5207, 0x5206, 0x4A04, 0x6AA7, 0x8B27, 0x9364, 0x9BA7, 0x8B69, 0x7309,
  0x62EA, 0x5289, 0x630A, 0x5AA9, 0x5268, 0x6B4B, 0x5A89, 0x3986, 0x39C6, 0x3985, 0x20E3, 0x20E3,
  0x20E3, 0x2103, 0x20E3, 0x20E3, 0x20E3, 0x20E3, 0x20E3, 0x20E3, 0x20E3, 0x20E3, 0x20E3, 0x20E3,
  0x20E3, 0x2944, 0x2924, 0x2924, 0x2924, 0x2924, 0x3165, 0x2944, 0x2945, 0x3165, 0x3985, 0x3984,
  0x3164, 0x3164, 0x3164, 0x3144, 0x3164, 0x3144, 0x3144, 0x3165, 0x2945, 0x20E3, 0x2104, 0x20E3,
  0x2944, 0x2924, 0x2103, 0x20E3, 0x20E3, 0x20E3, 0x20E3, 0x20E3, 0x3984, 0x41C5, 0x39A4, 0x49E6,
  0x49E5, 0x49E6, 0x5268, 0x5A89, 0x41C6, 0x3144, 0x3165, 0x3164, 0x2965, 0x2924, 0x2145, 0x1903,
  0x3A06, 0x52A6, 0x4A46, 0x41C5, 0x41E6, 0x4A26, 0x5265, 0x5245, 0x49E6, 0x41C6, 0x41C6, 0x5247,
  0x5225, 0x5225, 0x5225, 0x6AE9, 0x62C8, 0x5247, 0x5206, 0x62A8, 0x62A7, 0x62A7, 0x62A7, 0x6A87,
  0x5A47, 0x39A6, 0x31A7, 0x1926, 0x1926, 0x1926, 0x1926, 0x10E5, 0x10E4, 0x18E4, 0x18E4, 0x18C4,
  0x10C4, 0x10A2, 0x10A3, 0x0883, 0x4A05, 0x5226, 0x5246, 0x5A87, 0x62A7, 0x62A7, 0x5A86, 0x5225,
  0x4A06, 0x41E6, 0x41E6, 0x41C5, 0x39A5, 0x41C6, 0x41C6, 0x41C6, 0x41E6, 0x41C6, 0x41E6, 0x41E6,
  0x5206, 0x4A06, 0x4A05, 0x5206, 0x5A46, 0x6267, 0x62A7, 0x62A7, 0x5A87, 0x5226, 0x5206, 0x41C6,
  0x5207, 0x5206, 0x4A26, 0x4228, 0x4A07, 0x6AA4, 0x9BA5, 0x7AA5, 0x51E4, 0x6A65, 0x72A7, 0x5226,
  0x4206, 0x41E5, 0x4A06, 0x5226, 0x5225, 0x6286, 0x62A6, 0x6AA6, 0x6AA6, 0x5A26, 0x6225, 0x9365,
  0xA3C3, 0xA3C2, 0xABA2, 0xB383, 0xB363, 0xAB82, 0xBC04, 0xAB23, 0xA242, 0x9A02, 0xA283, 0xC3E5,
  0xBBC3, 0xBBE3, 0xABA4, 0x8B45, 0x6AA4, 0x6263, 0x72A4, 0x82E6, 0x7AE6, 0x72A6, 0x51E4, 0x5205,
  0x62A8, 0x62A7, 0x62A7, 0x6287, 0x5A46, 0x5226, 0x5205, 0x5205, 0x4A05, 0x5226, 0x5246, 0x5A87,
  0x62C8, 0x5AA7, 0x4A05, 0x39C5, 0x41C6, 0x5227, 0x5206, 0x5206, 0x5226, 0x5204, 0x72C6, 0x8B46,
  0x9B65, 0x9BA6, 0x8B89, 0x7309, 0x6AEA, 0x62C9, 0x62C9, 0x5267, 0x5288, 0x630B, 0x4A28, 0x39A6,
  0x39A6, 0x39A6, 0x2924, 0x20E3, 0x2103, 0x20E3, 0x20E3, 0x20E3, 0x20E3, 0x20E3, 0x20E3, 0x20E3,
  0x20E3, 0x20E3, 0x20E3, 0x20E3, 0x20E3, 0x20E3, 0x2924, 0x2924, 0x2944, 0x2924, 0x2924, 0x2924,
  0x2944, 0x3165, 0x3164, 0x3144, 0x3985, 0x3984, 0x39A5, 0x3164, 0x3164, 0x3144, 0x2944, 0x2924,
  0x2924, 0x2104, 0x20E3, 0x20E3, 0x2103, 0x2924, 0x20E3, 0x20E3, 0x20E3, 0x20E3, 0x20E3, 0x20E3,
  0x2923, 0x4A06, 0x4A06, 0x5A67, 0x5227, 0x4A07, 0x5A68, 0x5248, 0x3985, 0x3144, 0x3145, 0x3165,
  0x3144, 0x2944, 0x2145, 0x1903, 0x31A5, 0x4A66, 0x5286, 0x4A26, 0x3984, 0x5246, 0x5286, 0x5246,
  0x49E6, 0x39A5, 0x5247, 0x62A8, 0x5267, 0x41C4, 0x41C4, 0x4A06, 0x5247, 0x4A26, 0x4A26, 0x5A67,
  0x62A7, 0x62A7, 0x6AA7, 0x6266, 0x5206, 0x41E6, 0x2965, 0x1925, 0x1926, 0x1926, 0x1926, 0x1905,
  0x10E4, 0x18E4, 0x18E4, 0x18C4, 0x10C4, 0x1083, 0x10A3, 0x1083, 0x5266, 0x5A87, 0x62A7, 0x62A7,
  0x62A7, 0x6287, 0x62A7, 0x62A7, 0x5206, 0x5226, 0x41E6, 0x41E6, 0x41C6, 0x49E7, 0x41C6, 0x41E6,
  0x41E6, 0x4A26, 0x4206, 0x4A06, 0x4A06, 0x5206, 0x5A67, 0x6267, 0x62A8, 0x62A7, 0x62A7, 0x5246,
  0x5225, 0x4A06, 0x5206, 0x5206, 0x4A07, 0x51E7, 0x5225, 0x4A45, 0x4A27, 0x51E5, 0x7283, 0x9BA6,
  0x7AE6, 0x6A83, 0x6243, 0x5225, 0x4A07, 0x39A6, 0x3984, 0x41C5, 0x5226, 0x5225, 0x6286, 0x6AC7,
  0x5A45, 0x6244, 0x9B45, 0xAB83, 0xAB81, 0xA381, 0xABA2, 0xAB82, 0xAB62, 0xB3C3, 0xC424, 0xAB22,
  0x9A62, 0xA242, 0x9A82, 0xCC25, 0xC3E5, 0xBBC5, 0xAB82, 0xABA1, 0xABC4, 0x9B44, 0xAB64, 0xB3A3,
  0xABA1, 0xA3C3, 0x8B44, 0x6264, 0x5A45, 0x6287, 0x62A7, 0x6287, 0x62A7, 0x62A7, 0x6287, 0x5A66,
  0x5A66, 0x62A7, 0x62A7, 0x62A8, 0x5226, 0x5226, 0x5247, 0x5267, 0x4A06, 0x5206, 0x5226, 0x5206,
  0x5225, 0x5204, 0x72C5, 0x9345, 0x9B65, 0x9B85, 0x8346, 0x7309, 0x6B0B, 0x6B0A, 0x62E9, 0x5A88,
  0x62EA, 0x5AAA, 0x39A6, 0x41A7, 0x39A7, 0x39A6, 0x2945, 0x18E3, 0x20E3, 0x20E3, 0x20E3, 0x20E3,
  0x20E3, 0x20E3, 0x20E3, 0x20E3, 0x20E3, 0x20E3, 0x20E3, 0x20E3, 0x20E3, 0x20E3, 0x20E3, 0x2944,
  0x2944, 0x3165, 0x2924, 0x2904, 0x2924, 0x2924, 0x3144, 0x3144, 0x3164, 0x39A5, 0x39A5, 0x39A4,
  0x39A5, 0x3164, 0x2924, 0x20E3, 0x20E3, 0x20E3, 0x2124, 0x2103, 0x20E3, 0x20E3, 0x20E3, 0x20E3,
  0x20E3, 0x20E3, 0x20E3, 0x20E3, 0x2103, 0x39A5, 0x5248, 0x5A88, 0x4A26, 0x4A07, 0x62A9, 0x41C6,
  0x3124, 0x3965, 0x3165, 0x3164, 0x3144, 0x2964, 0x2945, 0x2144, 0x2102, 0x4226, 0x5287, 0x4A26,
  0x39A4, 0x4A47, 0x5266, 0x5266, 0x41C6, 0x49C5, 0x6AC8, 0x6AE8, 0x5A67, 0x5267, 0x5A67, 0x41C5,
  0x41C5, 0x41E5, 0x41E5, 0x4A26, 0x5246, 0x5A46, 0x5A46, 0x5206, 0x4A06, 0x4207, 0x2166, 0x1905,
  0x1926, 0x1926, 0x1926, 0x1925, 0x10E5, 0x10C4, 0x10C4, 0x18C4, 0x10C4, 0x1083, 0x1083, 0x10A3,
  0x62A7, 0x62A7, 0x62A7, 0x62A7, 0x6287, 0x62A8, 0x6287, 0x62A8, 0x5226, 0x4A06, 0x4A06, 0x41E6,
  0x41E6, 0x49C5, 0x4A06, 0x49E6, 0x4A06, 0x4A26, 0x4A27, 0x41E5, 0x49E5, 0x5226, 0x6288, 0x62A8,
  0x62A8, 0x62A8, 0x5226, 0x4A05, 0x5226, 0x4A06, 0x5226, 0x5226, 0x5206, 0x5207, 0x5226, 0x5225,
  0x4A26, 0x49E6, 0x5A25, 0x7AE5, 0x9389, 0x9367, 0x8B67, 0x5A25, 0x41A6, 0x5227, 0x5226, 0x41A5,
  0x41A4, 0x49E5, 0x5226, 0x5226, 0x49E5, 0x6A63, 0xABC3, 0xAB62, 0xB343, 0xAB63, 0xAB82, 0xABA1,
  0xBBC3, 0xBC03, 0xBBE3, 0xBBC4, 0xAAC3, 0x9A42, 0xA2C2, 0xCC45, 0xD487, 0xC405, 0xBBC2, 0xAB80,
  0xAB61, 0xB383, 0xB363, 0xB362, 0xB361, 0xAB61, 0xA385, 0x8B06, 0x6245, 0x5A66, 0x6286, 0x62A7,
  0x62A7, 0x62A7, 0x6AA7, 0x62A7, 0x62A7, 0x62A7, 0x62A7, 0x5226, 0x5226, 0x6288, 0x62A8, 0x62A8,
  0x6287, 0x5A47, 0x5205, 0x5205, 0x4A05, 0x4A04, 0x6AC4, 0x9345, 0xA365, 0x9B83, 0x8324, 0x7B09,
  0x6ACA, 0x6AEA, 0x6B2A, 0x62C9, 0x630A, 0x5ACB, 0x39A7, 0x39C7, 0x31A6, 0x2924, 0x2104, 0x2124,
  0x2124, 0x2104, 0x2103, 0x2103, 0x2103, 0x20E3, 0x20E3, 0x20E3, 0x20E3, 0x20E3, 0x20E3, 0x20E3,
  0x20E3, 0x20E3, 0x20E3, 0x20E3, 0x2924, 0x2944, 0x3165, 0x2944, 0x2103, 0x20C3, 0x2904, 0x3145,
  0x3144, 0x3164, 0x3164, 0x3984, 0x3184, 0x39A5, 0x3164, 0x2944, 0x2944, 0x2924, 0x2924, 0x2103,
  0x20E3, 0x20E3, 0x20E3, 0x20E3, 0x20E3, 0x20E3, 0x2103, 0x2103, 0x20E3, 0x2924, 0x4A27, 0x5247,
  0x4A06, 0x41C5, 0x41C5, 0x3164, 0x3964, 0x39A5, 0x2944, 0x3184, 0x39A5, 0x3144, 0x2945, 0x2965,
  0x2123, 0x4A26, 0x5287, 0x4225, 0x4206, 0x4A47, 0x5246, 0x41E5, 0x41C5, 0x6287, 0x7B29, 0x72E8,
  0x62A7, 0x62A8, 0x62A8, 0x5A68, 0x5226, 0x41C5, 0x41A5, 0x41E6, 0x4A07, 0x4A07, 0x4A07, 0x4A27,
  0x4227, 0x3186, 0x1925, 0x1926, 0x1926, 0x1926, 0x1925, 0x10E4, 0x10E4, 0x10E4, 0x10C4, 0x18C4,
  0x10C4, 0x10A4, 0x1083, 0x1083, 0x62A7, 0x6287, 0x6287, 0x6288, 0x6288, 0x6288, 0x6AA8, 0x6288,
  0x5226, 0x4A06, 0x49E6, 0x41E6, 0x41E5, 0x5A67, 0x62A8, 0x5A47, 0x5206, 0x5226, 0x5226, 0x4A06,
  0x41C5, 0x41C5, 0x4A06, 0x62A8, 0x5A47, 0x5206, 0x5226, 0x5226, 0x5226, 0x5226, 0x5206, 0x4A05,
  0x5205, 0x5224, 0x5206, 0x5206, 0x4A25, 0x5266, 0x62A8, 0x6288, 0x6A46, 0x7AA5, 0x93A8, 0x5203,
  0x5226, 0x62A8, 0x62A6, 0x6288, 0x5226, 0x41A5, 0x41C5, 0x41C5, 0x39C5, 0x6285, 0xA3C5, 0xAB62,
  0xB362, 0xB382, 0xAB62, 0xB3A2, 0xC3E4, 0xBC03, 0xBC03, 0xCC46, 0xAB03, 0x9A41, 0xAB03, 0xC3E5,
  0xCC65, 0xC403, 0xBC03, 0xB3C4, 0xAB82, 0xABA1, 0xB403, 0xBBE3, 0xBBA3, 0xB383, 0xAB63, 0xABA4,
  0x8B04, 0x6266, 0x5A45, 0x5A45, 0x6AA7, 0x6AA7, 0x62A7, 0x62A7, 0x62A7, 0x5A86, 0x5246, 0x4A05,
  0x5226, 0x6288, 0x6287, 0x62A7, 0x6287, 0x6267, 0x62A7, 0x5266, 0x4A46, 0x4A26, 0x72E4, 0x9324,
  0xA365, 0xA3A3, 0x9364, 0x7AE8, 0x5A28, 0x6AE9, 0x732A, 0x5AA8, 0x62EA, 0x4A28, 0x31A7, 0x31C7,
  0x2965, 0x2104, 0x2124, 0x1924, 0x1924, 0x2103, 0x2103, 0x2103, 0x2103, 0x20E3, 0x20E3, 0x20E3,
  0x20E3, 0x20E3, 0x20E3, 0x20E3, 0x20E3, 0x20E3, 0x20E3, 0x20E3, 0x20E3, 0x2904, 0x2103, 0x2944,
  0x2924, 0x20E3, 0x20E4, 0x28E4, 0x2924, 0x3164, 0x3164, 0x3164, 0x3984, 0x3985, 0x3164, 0x2964,
  0x3165, 0x3165, 0x2944, 0x2103, 0x20E3, 0x20E3, 0x20E3, 0x20E3, 0x20E3, 0x20E3, 0x20E3, 0x2103,
  0x20E3, 0x20E3, 0x3144, 0x39C5, 0x39A4, 0x41A4, 0x39A4, 0x3984, 0x41C5, 0x3164, 0x3164, 0x39A5,
  0x39A5, 0x3985, 0x2965, 0x2965, 0x2923, 0x4A26, 0x5266, 0x4A66, 0x4226, 0x4A47, 0x5267, 0x39A4,
  0x4A27, 0x72E9, 0x72E7, 0x62A6, 0x62A7, 0x62A8, 0x6288, 0x6288, 0x5A67, 0x5226, 0x5206, 0x41A5,
  0x39A6, 0x39A7, 0x39A6, 0x31A6, 0x2145, 0x1925, 0x1925, 0x1925, 0x1925, 0x1905, 0x10E4, 0x10E4,
  0x10C4, 0x10C4, 0x10C4, 0x18C4, 0x18C4, 0x18C4, 0x1083, 0x0883, 0x6287, 0x62A7, 0x62A7, 0x62A7,
  0x6287, 0x62A7, 0x5A86, 0x5246, 0x4A06, 0x5206, 0x49C5, 0x5226, 0x6288, 0x62A8, 0x6288, 0x62A8,
  0x62A8, 0x62A8, 0x6287, 0x5246, 0x5A47, 0x5226, 0x41C5, 0x4A06, 0x4A26, 0x41E5, 0x5267, 0x5AA7,
  0x62C8, 0x62A8, 0x62A7, 0x5A46, 0x5A46, 0x5A46, 0x5A47, 0x5A27, 0x5A67, 0x62A7, 0x62A9, 0x5A68,
  0x51E6, 0x49C4, 0x49C3, 0x5A45, 0x6AC7, 0x62A6, 0x62A6, 0x6AA7, 0x6287, 0x5A26, 0x49E5, 0x49E5,
  0x49E6, 0x6A65, 0xABA5, 0xABA2, 0xAB81, 0xAB82, 0xB383, 0xBBC3, 0xC3E4, 0xBBE3, 0xC443, 0xD487,
  0xAB03, 0xA262, 0xAAA2, 0xBB84, 0xCC66, 0xC403, 0xBBE4, 0xBBC4, 0xB382, 0xBBE3, 0xBC02, 0xBC03,
  0xBC04, 0xB3C3, 0xA362, 0xAB82, 0x9323, 0x7285, 0x6AA6, 0x62A7, 0x62A6, 0x6AA6, 0x6AA7, 0x6A87,
  0x5A25, 0x51E5, 0x5246, 0x5267, 0x5247, 0x5246, 0x5A67, 0x62A8, 0x62A7, 0x62A7, 0x62A7, 0x62A7,
  0x62A8, 0x6AE8, 0x8346, 0x9343, 0xA383, 0xA3A4, 0x9346, 0x72C7, 0x5A68, 0x72EA, 0x732A, 0x62C9,
  0x5268, 0x39C6, 0x31A7, 0x2145, 0x2124, 0x1904, 0x1904, 0x2124, 0x1924, 0x2124, 0x2104, 0x2104,
  0x2103, 0x2103, 0x2103, 0x2103, 0x20E3, 0x20E3, 0x20E3, 0x2103, 0x20E3, 0x2103, 0x2103, 0x20E3,
  0x2903, 0x2944, 0x3165, 0x2924, 0x3165, 0x2924, 0x2104, 0x2924, 0x3144, 0x3984, 0x39A5, 0x3985,
  0x3985, 0x3985, 0x3985, 0x3165, 0x3165, 0x2944, 0x2945, 0x2944, 0x2103, 0x20E3, 0x20E3, 0x20E3,
  0x2103, 0x2104, 0x20E4, 0x20E4, 0x20E3, 0x18E2, 0x2943, 0x39C5, 0x41E5, 0x5226, 0x49E5, 0x41A5,
  0x41A5, 0x3164, 0x3184, 0x39A5, 0x39C5, 0x39C5, 0x3184, 0x2944, 0x2944, 0x4A26, 0x5266, 0x5246,
  0x5266, 0x5267, 0x4A47, 0x3984, 0x5A47, 0x7B29, 0x6A86, 0x6286, 0x62A7, 0x62A8, 0x6287, 0x6287,
  0x6288, 0x5226, 0x5226, 0x4A06, 0x41C6, 0x41C6, 0x3165, 0x2105, 0x1905, 0x1926, 0x08E5, 0x08E4,
  0x10C4, 0x10E4, 0x10E4, 0x10E5, 0x10E4, 0x10E4, 0x10E4, 0x10E4, 0x18E5, 0x10C4, 0x10A4, 0x1083,
  0x62A7, 0x62A7, 0x62A7, 0x6287, 0x62A7, 0x5246, 0x4A45, 0x4A25, 0x4A06, 0x5206, 0x5206, 0x6267,
  0x62A8, 0x6288, 0x62A8, 0x62A7, 0x6287, 0x62A7, 0x62C7, 0x5A87, 0x5A47, 0x5227, 0x4A06, 0x41E5,
  0x41E5, 0x4206, 0x4A26, 0x4A46, 0x5246, 0x5246, 0x5A46, 0x62A8, 0x62A8, 0x62A8, 0x62A7, 0x62A7,
  0x62A7, 0x62C8, 0x5267, 0x49E6, 0x49E6, 0x49E5, 0x5A66, 0x62C7, 0x6AC7, 0x62A7, 0x6286, 0x62A7,
  0x6AA7, 0x6266, 0x5205, 0x5A46, 0x5A46, 0x7AA5, 0xABA5, 0xA382, 0xAB82, 0xB362, 0xB3A3, 0xC404,
  0xBBE3, 0xC403, 0xCC64, 0xD4A7, 0xA2C2, 0x9A21, 0xA241, 0xAB23, 0xC425, 0xC403, 0xBBE3, 0xC3E4,
  0xB3A3, 0xBBE3, 0xC403, 0xBBE4, 0xBBE4, 0xBBE4, 0xB3C3, 0xAB82, 0xABA5, 0x82E5, 0x6A85, 0x62A7,
  0x6AA7, 0x6AA6, 0x6AA7, 0x6A86, 0x6246, 0x5A46, 0x5A88, 0x62A8, 0x62A7, 0x62A7, 0x5A46, 0x5A46,
  0x5A66, 0x62A7, 0x62A7, 0x62A7, 0x6287, 0x7AA5, 0x9345, 0xAB83, 0xABA2, 0x9B64, 0x8B06, 0x6266,
  0x6AC9, 0x730A, 0x6AEA, 0x6B0A, 0x41E6, 0x3186, 0x2965, 0x1904, 0x2124, 0x2124, 0x2124, 0x2124,
  0x2124, 0x2124, 0x2124, 0x2124, 0x2124, 0x2124, 0x2103, 0x2103, 0x20E3, 0x20E3, 0x2103, 0x20E3,
  0x2103, 0x2103, 0x2103, 0x20E3, 0x20E3, 0x20C2, 0x2103, 0x2944, 0x2924, 0x2924, 0x2924, 0x3164,
  0x39A5, 0x39C5, 0x39A4, 0x39A5, 0x3985, 0x3985, 0x3964, 0x3985, 0x3185, 0x2944, 0x3165, 0x2944,
  0x20E3, 0x20E3, 0x2103, 0x2103, 0x2104, 0x2104, 0x2104, 0x20E4, 0x20E3, 0x18E3, 0x2964, 0x39A4,
  0x4A06, 0x5206, 0x49C5, 0x41A5, 0x41A5, 0x39A5, 0x3164, 0x31A5, 0x4A47, 0x4A46, 0x41E5, 0x3144,
  0x3144, 0x4A26, 0x5266, 0x5266, 0x5265, 0x5286, 0x5247, 0x4184, 0x62A7, 0x7308, 0x6AA7, 0x6287,
  0x62A7, 0x62A7, 0x62A7, 0x62A7, 0x62A8, 0x5A87, 0x5A66, 0x4A25, 0x4A06, 0x4A07, 0x39A6, 0x3166,
  0x2966, 0x1925, 0x1105, 0x10E4, 0x1925, 0x1925, 0x10C4, 0x10C4, 0x10E4, 0x10E4, 0x10C4, 0x10C4,
  0x10E4, 0x10C4, 0x10C4, 0x10A3, 0x62A7, 0x62A7, 0x62A7, 0x62A8, 0x5A47, 0x5206, 0x49E6, 0x41C5,
  0x41C6, 0x49E6, 0x5247, 0x6288, 0x6287, 0x62A7, 0x62A7, 0x62A7, 0x62A7, 0x62A7, 0x62A7, 0x5226,
  0x4A06, 0x49E6, 0x49E6, 0x41E6, 0x41C5, 0x41E6, 0x41C5, 0x4A06, 0x41C5, 0x41C5, 0x4A06, 0x5226,
  0x5A68, 0x62A8, 0x62A7, 0x62C7, 0x5A86, 0x5246, 0x41E5, 0x41E5, 0x49C4, 0x5246, 0x62A7, 0x62A7,
  0x62A7, 0x6AA7, 0x6AA7, 0x5A25, 0x5A45, 0x6286, 0x6266, 0x6286, 0x6AA6, 0x72A5, 0x8B25, 0xA384,
  0xAB61, 0xB382, 0xBBE4, 0xBC05, 0xBC04, 0xC403, 0xD485, 0xD486, 0xBB85, 0x9A01, 0xA222, 0xB345,
  0xD467, 0xBBE3, 0xBBE3, 0xC3E4, 0xBBC3, 0xBBE3, 0xBC03, 0xBBE4, 0xBBE4, 0xBBE3, 0xBBE3, 0xAB61,
  0xAB84, 0x82E4, 0x6A85, 0x62A7, 0x6AA7, 0x6AA6, 0x6AA6, 0x6AA6, 0x6AA7, 0x62A7, 0x6287, 0x62A7,
  0x6AE8, 0x6AE7, 0x6B07, 0x6AC7, 0x62A7, 0x6287, 0x6288, 0x62A8, 0x6288, 0x82E6, 0xA386, 0xAB63,
  0xB362, 0x9B23, 0x8327, 0x5A47, 0x6AE9, 0x6B0A, 0x6B0A, 0x5A88, 0x39A5, 0x2124, 0x1904, 0x2124,
  0x1904, 0x2124, 0x2124, 0x2124, 0x2124, 0x1924, 0x1925, 0x1924, 0x1904, 0x2124, 0x2124, 0x2104,
  0x2103, 0x20C3, 0x2103, 0x20E3, 0x20E3, 0x2103, 0x2103, 0x2103, 0x2103, 0x2103, 0x2924, 0x2103,
  0x2924, 0x2103, 0x2103, 0x2964, 0x39C5, 0x39C5, 0x41C5, 0x39A5, 0x39A5, 0x41C5, 0x39A5, 0x39A5,
  0x39A5, 0x2944, 0x2923, 0x2924, 0x2103, 0x20E3, 0x20E3, 0x2104, 0x2104, 0x2104, 0x2104, 0x1904,
  0x1903, 0x1903, 0x2944, 0x4A06, 0x5206, 0x5227, 0x49E6, 0x3984, 0x39A5, 0x39A5, 0x3164, 0x3164,
  0x39A4, 0x5267, 0x4A26, 0x3164, 0x3184, 0x4A46, 0x5266, 0x5266, 0x5286, 0x5286, 0x5A87, 0x5A67,
  0x72E7, 0x7B08, 0x6AA7, 0x6287, 0x62A7, 0x62A7, 0x62A7, 0x62A7, 0x62A8, 0x6288, 0x62A8, 0x5A87,
  0x5A47, 0x5206, 0x5207, 0x41E6, 0x39C6, 0x3185, 0x3186, 0x3186, 0x31A7, 0x31A7, 0x2146, 0x10E5,
  0x10C4, 0x10E4, 0x10C4, 0x08A4, 0x10C4, 0x18C4, 0x10C4, 0x10A3, 0x62A6, 0x62A7, 0x62A8, 0x5A47,
  0x5207, 0x49E6, 0x49C6, 0x49C6, 0x49E6, 0x49E5, 0x5226, 0x62A8, 0x62A7, 0x62A6, 0x62C7, 0x62A7,
  0x62A7, 0x5A87, 0x5226, 0x5206, 0x49E6, 0x49C6, 0x49C6, 0x4A06, 0x5227, 0x5227, 0x5206, 0x5206,
  0x5226, 0x4A06, 0x49E6, 0x49E6, 0x49C6, 0x5227, 0x5226, 0x4A26, 0x4A26, 0x41E5, 0x4206, 0x41E6,
  0x5225, 0x62A7, 0x62A7, 0x62A7, 0x6287, 0x6266, 0x5A25, 0x6266, 0x6286, 0x6AA6, 0x62A6, 0x6AA6,
  0x6AA5, 0x6285, 0x6A84, 0x9B44, 0xAB62, 0xBB81, 0xC404, 0xBC05, 0xBC04, 0xC424, 0xD4A6, 0xD486,
  0xCBE6, 0x9A21, 0x99E2, 0xA283, 0xC3E5, 0xD466, 0xBC04, 0xBBE4, 0xC404, 0xBBE3, 0xBC03, 0xBBE4,
  0xC3E4, 0xC403, 0xBBE2, 0xAB62, 0xAB84, 0x7AC4, 0x6A85, 0x6A87, 0x6A87, 0x6A86, 0x6AA6, 0x6AA6,
  0x6286, 0x6AA6, 0x72E7, 0x7308, 0x7307, 0x7327, 0x7327, 0x7327, 0x7308, 0x72E9, 0x6AA8, 0x6288,
  0x5226, 0x6265, 0x8326, 0x9B65, 0xA365, 0x9346, 0x7B07, 0x5A46, 0x62A8, 0x730A, 0x6B0A, 0x4207,
  0x2924, 0x2104, 0x1904, 0x2124, 0x2124, 0x1904, 0x2124, 0x2124, 0x2124, 0x2125, 0x1925, 0x1925,
  0x1904, 0x1904, 0x2125, 0x2965, 0x39A6, 0x3185, 0x3165, 0x2924, 0x2103, 0x2103, 0x2103, 0x2104,
  0x2104, 0x2103, 0x2124, 0x2924, 0x2924, 0x2924, 0x2944, 0x2944, 0x3164, 0x39C5, 0x39A5, 0x39A5,
  0x41C5, 0x39C5, 0x39A4, 0x39A5, 0x39C5, 0x3184, 0x2964, 0x2924, 0x20E3, 0x20E3, 0x20E3, 0x2104,
  0x2104, 0x2104, 0x1924, 0x1924, 0x1924, 0x1903, 0x20E3, 0x3965, 0x49E6, 0x4A06, 0x41A5, 0x41A5,
  0x3985, 0x39A5, 0x3185, 0x3164, 0x3144, 0x4A46, 0x5266, 0x41C5, 0x3184, 0x4A46, 0x5286, 0x4A66,
  0x5285, 0x5A86, 0x6287, 0x62A7, 0x6AC6, 0x7307, 0x6AA7, 0x62A7, 0x62A7, 0x62A7, 0x62A7, 0x62A7,
  0x62A7, 0x62A8, 0x5A87, 0x5226, 0x62A8, 0x5A47, 0x5206, 0x4A06, 0x4A07, 0x4A07, 0x4A07, 0x4208,
  0x39A7, 0x39C7, 0x2967, 0x18E5, 0x10E5, 0x10C4, 0x10C4, 0x08A3, 0x10A4, 0x10C4, 0x18C4, 0x10A3,
  0x62A7, 0x62A7, 0x5A46, 0x5206, 0x5227, 0x5206, 0x6289, 0x6288, 0x62A8, 0x4A05, 0x41E4, 0x5246,
  0x5A87, 0x5A86, 0x5A86, 0x5A87, 0x5246, 0x4A05, 0x5226, 0x41C5, 0x49E6, 0x5226, 0x5227, 0x5A67,
  0x6288, 0x6288, 0x62A8, 0x62A7, 0x6288, 0x62A8, 0x5A88, 0x5227, 0x4A07, 0x41C6, 0x49E6, 0x41C5,
  0x41E5, 0x49E6, 0x41E6, 0x5228, 0x62A7, 0x62A7, 0x6287, 0x6266, 0x5A45, 0x5A04, 0x6266, 0x6AA7,
  0x6AA6, 0x6A86, 0x6AA6, 0x6AA6, 0x6AA6, 0x6AC6, 0x6A85, 0x8B05, 0xAB64, 0xB382, 0xC403, 0xBBE5,
  0xBBE4, 0xC424, 0xD4A6, 0xD486, 0xCC25, 0xAAC3, 0x9A02, 0x9A22, 0x9260, 0xCC45, 0xCC85, 0xB3E3,
  0xBBE4, 0xBBE3, 0xBC03, 0xBBE4, 0xC3E4, 0xC403, 0xB3C2, 0xABA3, 0x9B64, 0x8305, 0x7B07, 0x6AA7,
  0x72A7, 0x6A86, 0x6AA5, 0x62A6, 0x6AC7, 0x7B28, 0x7B07, 0x7B07, 0x7B07, 0x7307, 0x7327, 0x7307,
  0x7B07, 0x7B07, 0x7AE8, 0x7B08, 0x5A45, 0x4A26, 0x5266, 0x6A85, 0x8307, 0x7B07, 0x6246, 0x5205,
  0x5A47, 0x6AEA, 0x41C6, 0x20E3, 0x2124, 0x2124, 0x2104, 0x2124, 0x2124, 0x2124, 0x2124, 0x1904,
  0x2124, 0x2125, 0x1904, 0x2104, 0x2104, 0x2945, 0x31A7, 0x39A6, 0x39C7, 0x39C7, 0x39E7, 0x3186,
  0x2104, 0x2104, 0x2104, 0x1904, 0x1904, 0x1904, 0x2103, 0x2924, 0x2903, 0x2944, 0x3165, 0x2944,
  0x3184, 0x39C5, 0x39A5, 0x39A5, 0x39A5, 0x41C5, 0x3164, 0x3143, 0x31A5, 0x39A5, 0x3185, 0x2944,
  0x20E3, 0x20E3, 0x20E3, 0x2104, 0x2104, 0x2104, 0x2124, 0x1924, 0x1924, 0x1923, 0x2103, 0x28E3,
  0x28E3, 0x3985, 0x3164, 0x2923, 0x3144, 0x3164, 0x3164, 0x3144, 0x3164, 0x4A06, 0x5286, 0x4A06,
  0x3183, 0x4A25, 0x5266, 0x5265, 0x6B07, 0x62C7, 0x6287, 0x6AA8, 0x6286, 0x6AE7, 0x6AA7, 0x62A7,
  0x62A7, 0x62A7, 0x62A7, 0x62A7, 0x62A7, 0x62A7, 0x5247, 0x49E6, 0x39A5, 0x41A5, 0x4A07, 0x5248,
  0x41E6, 0x39A5, 0x41A6, 0x39A6, 0x39A7, 0x2966, 0x1905, 0x1905, 0x10E5, 0x10C4, 0x10E4, 0x10A4,
  0x0883, 0x10A4, 0x18C4, 0x10A3, 0x5A67, 0x5A46, 0x49E5, 0x5227, 0x6288, 0x62A9, 0x6288, 0x62A7,
  0x62C7, 0x5266, 0x5266, 0x4205, 0x41E5, 0x41C5, 0x4A06, 0x4A26, 0x4A05, 0x4A06, 0x4A06, 0x4A05,
  0x4A05, 0x5226, 0x6288, 0x62A8, 0x62A8, 0x6288, 0x6287, 0x6287, 0x6287, 0x5A87, 0x5AA8, 0x5AA8,
  0x41C5, 0x49E6, 0x5206, 0x5A67, 0x5246, 0x49E5, 0x4A06, 0x62A9, 0x62A7, 0x5A66, 0x5205, 0x5A25,
  0x6AC7, 0x72E7, 0x72E6, 0x6AA6, 0x6A86, 0x6AA7, 0x6AA7, 0x6AA7, 0x6AA7, 0x6AA6, 0x6286, 0x7264,
  0x9B65, 0xABA3, 0xBC03, 0xBBE4, 0xBBE4, 0xBBE4, 0xC445, 0xD4A5, 0xDCA6, 0xC3C5, 0xA242, 0x91C1,
  0xAAE3, 0xD486, 0xCCA5, 0xBC24, 0xBBE4, 0xBBE4, 0xBC03, 0xBBE4, 0xC3E4, 0xBC03, 0xABA2, 0x9B84,
  0x8B45, 0x8306, 0x7B07, 0x7B28, 0x8307, 0x72A6, 0x6AA6, 0x62A7, 0x6AC7, 0x7B28, 0x8327, 0x8327,
  0x7B07, 0x7B07, 0x7307, 0x7B06, 0x82E5, 0x8305, 0x8306, 0x8347, 0x7B48, 0x6AE8, 0x5246, 0x49C5,
  0x49C5, 0x49E5, 0x5226, 0x5A87, 0x7B4B, 0x62A9, 0x18C2, 0x2124, 0x2124, 0x2124, 0x2124, 0x2124,
  0x2124, 0x2124, 0x2124, 0x1904, 0x1924, 0x2104, 0x2125, 0x2965, 0x39A6, 0x39C7, 0x39A6, 0x3986,
  0x3165, 0x3186, 0x3165, 0x2945, 0x2124, 0x2124, 0x1904, 0x1925, 0x1905, 0x1904, 0x2103, 0x2924,
  0x2903, 0x2944, 0x2964, 0x2944, 0x3184, 0x39C5, 0x39A5, 0x39A5, 0x39A5, 0x39A5, 0x3964, 0x3164,
  0x3164, 0x3185, 0x3165, 0x3185, 0x20E3, 0x20E3, 0x20E3, 0x2104, 0x2104, 0x2124, 0x2124, 0x2124,
  0x2124, 0x1924, 0x2103, 0x2103, 0x2903, 0x20E2, 0x2923, 0x3144, 0x3144, 0x2944, 0x3144, 0x3144,
  0x3985, 0x39C4, 0x5266, 0x4A46, 0x41C4, 0x4A46, 0x5245, 0x62A6, 0x7307, 0x6286, 0x6268, 0x62A8,
  0x5266, 0x62A6, 0x6AA7, 0x6287, 0x62A7, 0x62A7, 0x62A7, 0x62A7, 0x6287, 0x62A7, 0x5247, 0x41C6,
  0x1081, 0x0861, 0x2124, 0x3186, 0x39C7, 0x39C6, 0x39A6, 0x3186, 0x1904, 0x1925, 0x2126, 0x1905,
  0x10C4, 0x10C4, 0x10E4, 0x10C4, 0x08A3, 0x10A4, 0x10A4, 0x10A3, 0x49E6, 0x5226, 0x5A67, 0x62A8,
  0x62A8, 0x62A8, 0x6287, 0x62A7, 0x62A6, 0x62C7, 0x5AA7, 0x5A87, 0x4A27, 0x41A5, 0x4A07, 0x4A27,
  0x4A06, 0x4A06, 0x4A26, 0x4A25, 0x5246, 0x5AA7, 0x62A7, 0x62A7, 0x6AA8, 0x6A87, 0x6287, 0x62A7,
  0x62A7, 0x62A7, 0x5AA8, 0x5226, 0x4A26, 0x6287, 0x6AC7, 0x7328, 0x7308, 0x5A66, 0x5225, 0x5246,
  0x5A46, 0x49E4, 0x5A46, 0x72E8, 0x7B07, 0x8347, 0x7B47, 0x72E7, 0x72E7, 0x72C7, 0x6A87, 0x6AA7,
  0x6A87, 0x6A86, 0x6AA6, 0x6A86, 0x82E4, 0xA3A3, 0xBBE3, 0xC3E4, 0xBBE4, 0xBBE4, 0xC425, 0xD4C5,
  0xD4A4, 0xC3C3, 0xA282, 0x91E1, 0xC3A6, 0xD4A7, 0xCCC6, 0xC465, 0xBBE4, 0xC404, 0xBC03, 0xC3E4,
  0xC3E4, 0xB3C3, 0xA3A3, 0x9385, 0x8305, 0x8326, 0x8327, 0x8307, 0x8327, 0x7AC6, 0x6A86, 0x62A8,
  0x6AA7, 0x6AA6, 0x7B07, 0x8327, 0x8307, 0x7B27, 0x7AE7, 0x7AE6, 0x9366, 0x9385, 0x8B43, 0x8B25,
  0x8B89, 0x93A9, 0x7B08, 0x5206, 0x41C6, 0x39A6, 0x3984, 0x41E5, 0x49C5, 0x3985, 0x2124, 0x2124,
  0x1924, 0x2124, 0x2104, 0x2124, 0x2104, 0x2104, 0x2124, 0x2124, 0x2965, 0x3186, 0x3186, 0x39A6,
  0x39A6, 0x41C7, 0x39A6, 0x2924, 0x2104, 0x2104, 0x2104, 0x2104, 0x2124, 0x2124, 0x2124, 0x1925,
  0x1925, 0x2104, 0x2104, 0x20E3, 0x2923, 0x2923, 0x3165, 0x2944, 0x3184, 0x39C5, 0x39A5, 0x39A5,
  0x39A5, 0x39A5, 0x3165, 0x3144, 0x3144, 0x3145, 0x3165, 0x2924, 0x2103, 0x20E3, 0x2103, 0x2104,
  0x2104, 0x2124, 0x2104, 0x2104, 0x2124, 0x2124, 0x2124, 0x2104, 0x20E3, 0x20E2, 0x2964, 0x39E6,
  0x39A5, 0x3144, 0x2924, 0x3145, 0x3165, 0x39A4, 0x5286, 0x5286, 0x4205, 0x4A45, 0x5A85, 0x7307,
  0x6AC6, 0x6287, 0x6288, 0x5A88, 0x4A46, 0x5245, 0x6AA7, 0x62A7, 0x62A8, 0x62A7, 0x62A7, 0x62A7,
  0x6AA6, 0x6266, 0x5227, 0x41E6, 0x0882, 0x08A3, 0x00A2, 0x0883, 0x2105, 0x2946, 0x39C7, 0x2124,
  0x1925, 0x1925, 0x1925, 0x1905, 0x10E4, 0x10E4, 0x10E4, 0x10E4, 0x10A4, 0x1083, 0x0883, 0x10A3,
  0x5226, 0x6287, 0x62A7, 0x62A7, 0x6287, 0x62A7, 0x62A7, 0x62A7, 0x62A7, 0x6287, 0x62A7, 0x62A7,
  0x6288, 0x5227, 0x49E6, 0x41E6, 0x39C5, 0x4A06, 0x4A26, 0x5246, 0x62A8, 0x5AA7, 0x62A7, 0x62A7,
  0x62A7, 0x62A7, 0x6286, 0x62A7, 0x6AA8, 0x5A26, 0x5206, 0x5A26, 0x6AA8, 0x7B07, 0x7B27, 0x7307,
  0x7B29, 0x6286, 0x5205, 0x5A46, 0x6267, 0x6AC7, 0x7B07, 0x7B27, 0x8326, 0x8326, 0x8326, 0x8327,
  0x8327, 0x8327, 0x8327, 0x7B07, 0x6AA6, 0x7285, 0x7286, 0x6A87, 0x7284, 0xA383, 0xB381, 0xB3C3,
  0xBBE4, 0xC404, 0xCC86, 0xCCA5, 0xD4A4, 0xC3C3, 0xA261, 0x9A42, 0xC3A6, 0xD487, 0xD4A6, 0xCC65,
  0xC405, 0xBBE4, 0xBC03, 0xBC03, 0xC404, 0xB382, 0xAB83, 0x9364, 0x7B26, 0x7B07, 0x7B07, 0x7B07,
  0x72A6, 0x7AC7, 0x72A6, 0x6AA7, 0x62A7, 0x6A86, 0x7286, 0x6A86, 0x72C6, 0x7B27, 0x8B05, 0x9B66,
  0x8B07, 0x8304, 0x9BE3, 0x9345, 0x9B07, 0x8B25, 0x8326, 0x6AA7, 0x5248, 0x4A07, 0x4A06, 0x3143,
  0x3124, 0x39A6, 0x1904, 0x1925, 0x1945, 0x2124, 0x1903, 0x1904, 0x2104, 0x2104, 0x2944, 0x39A6,
  0x39C6, 0x4A68, 0x5248, 0x5248, 0x5268, 0x5288, 0x4A27, 0x2123, 0x2124, 0x2124, 0x2104, 0x2125,
  0x2125, 0x1925, 0x1904, 0x2105, 0x2105, 0x2104, 0x2104, 0x20E3, 0x2103, 0x2944, 0x3145, 0x3144,
  0x3164, 0x39A5, 0x39A5, 0x39A5, 0x39A5, 0x39A5, 0x3164, 0x2923, 0x2944, 0x3165, 0x2965, 0x20E3,
  0x20E3, 0x2103, 0x20E3, 0x2104, 0x2124, 0x2104, 0x1925, 0x1925, 0x1924, 0x1924, 0x2124, 0x2104,
  0x20E3, 0x20E2, 0x3144, 0x39A4, 0x39A5, 0x3144, 0x2903, 0x2924, 0x2965, 0x2923, 0x39A4, 0x5286,
  0x4A65, 0x5A66, 0x72C7, 0x7B27, 0x6AC7, 0x6287, 0x62A7, 0x5A66, 0x4A26, 0x5226, 0x5225, 0x6287,
  0x62A7, 0x62A8, 0x6287, 0x62A8, 0x5A66, 0x4A24, 0x5226, 0x41E5, 0x10A1, 0x08A2, 0x08C3, 0x10A3,
  0x0882, 0x0883, 0x1905, 0x2126, 0x1926, 0x1926, 0x18E5, 0x10E4, 0x10E4, 0x10E4, 0x10E4, 0x10E4,
  0x10C4, 0x1083, 0x1083, 0x10A3, 0x6287, 0x6287, 0x62A7, 0x62A7, 0x62A7, 0x62A7, 0x62A7, 0x62A7,
  0x62A7, 0x62A7, 0x62A7, 0x62A7, 0x6287, 0x5A67, 0x5226, 0x41E6, 0x4A06, 0x41C5, 0x5226, 0x6287,
  0x62A7, 0x62A7, 0x62A7, 0x62A7, 0x62A7, 0x62A7, 0x62A7, 0x62A7, 0x5A26, 0x5205, 0x6287, 0x7308,
  0x7308, 0x7B07, 0x7B07, 0x7307, 0x72E7, 0x6AC7, 0x6286, 0x6AC7, 0x72C7, 0x7B48, 0x7B27, 0x8326,
  0x8326, 0x8326, 0x8327, 0x8327, 0x8307, 0x8327, 0x8327, 0x8327, 0x7B07, 0x8327, 0x8308, 0x72C7,
  0x82C4, 0xAB83, 0xB381, 0xAB82, 0xBBE3, 0xD465, 0xCC86, 0xCC85, 0xD4A6, 0xCC05, 0x9A01, 0xA262,
  0x9A81, 0xCC26, 0xD486, 0xD4A6, 0xC424, 0xBBE3, 0xBC03, 0xBC03, 0xBBE3, 0xB382, 0xA363, 0x8304,
  0x6AC5, 0x72C6, 0x72C6, 0x72E6, 0x8307, 0x8328, 0x8307, 0x7B07, 0x7B06, 0x8327, 0x72C5, 0x6AA6,
  0x72C5, 0x7AC4, 0x9362, 0x9B84, 0x8B08, 0x7AC8, 0x8327, 0x9386, 0x8B24, 0x8B04, 0x8B47, 0x6AA6,
  0x5A87, 0x5247, 0x5A88, 0x49C5, 0x5206, 0x49E6, 0x1903, 0x1925, 0x1905, 0x2104, 0x2104, 0x2145,
  0x2945, 0x3986, 0x39A6, 0x39C6, 0x4A68, 0x5288, 0x4A06, 0x5268, 0x5268, 0x5247, 0x5288, 0x5289,
  0x39C6, 0x3164, 0x2945, 0x2104, 0x18E4, 0x1904, 0x1925, 0x1905, 0x2125, 0x2104, 0x2104, 0x2103,
  0x2923, 0x3144, 0x2924, 0x3144, 0x3164, 0x3985, 0x39A5, 0x39A4, 0x39C5, 0x3985, 0x2923, 0x2923,
  0x2924, 0x2944, 0x2924, 0x2103, 0x20E3, 0x2103, 0x2104, 0x2104, 0x2124, 0x2124, 0x1925, 0x1925,
  0x1924, 0x1924, 0x2124, 0x20E4, 0x20E4, 0x2903, 0x3144, 0x41A5, 0x39A5, 0x3144, 0x2903, 0x2924,
  0x2124, 0x2903, 0x3163, 0x5286, 0x4A65, 0x6AE8, 0x7B08, 0x7307, 0x6AC8, 0x6287, 0x6287, 0x5A86,
  0x4A06, 0x4A26, 0x5226, 0x5226, 0x5246, 0x5A87, 0x5226, 0x5226, 0x4A26, 0x4A26, 0x4A07, 0x4A28,
  0x39A7, 0x08A3, 0x08A3, 0x1082, 0x10A3, 0x10A3, 0x08A4, 0x18E5, 0x1926, 0x1906, 0x10E5, 0x10E4,
  0x10E4, 0x10E4, 0x10E4, 0x10E4, 0x10C4, 0x1083, 0x1083, 0x10A3, 0x6287, 0x6287, 0x62A7, 0x62A7,
  0x62A7, 0x62A7, 0x62A7, 0x62A7, 0x62A7, 0x62A7, 0x62A7, 0x62A7, 0x62A7, 0x62A7, 0x5A87, 0x4A06,
  0x5227, 0x49C5, 0x6288, 0x62A8, 0x62A7, 0x62A7, 0x62A7, 0x62A8, 0x62A8, 0x62A8, 0x62A7, 0x5A46,
  0x5A45, 0x6AA7, 0x7308, 0x7307, 0x7307, 0x7B07, 0x7307, 0x7B07, 0x72C6, 0x6A86, 0x72C7, 0x7B08,
  0x7B27, 0x7B27, 0x7B27, 0x8327, 0x8327, 0x8327, 0x8327, 0x8327, 0x8327, 0x8327, 0x7B07, 0x8307,
  0x8327, 0x7B27, 0x7B27, 0x8306, 0xA385, 0xB382, 0xB361, 0xBBC4, 0xC424, 0xD485, 0xD486, 0xCC86,
  0xDCA7, 0xD427, 0x9A22, 0xA263, 0x9A61, 0xCC26, 0xD486, 0xD4A5, 0xC444, 0xBBE2, 0xBC23, 0xB403,
  0xABA2, 0xAB82, 0xA364, 0x8305, 0x7B47, 0x8327, 0x8327, 0x7B07, 0x8327, 0x8307, 0x8307, 0x8306,
  0x8325, 0x8326, 0x7B27, 0x7B47, 0x8346, 0xA385, 0xA3C3, 0x9323, 0x9365, 0x93A9, 0x832A, 0x6A84,
  0x8325, 0x8B26, 0x8327, 0x8368, 0x6B07, 0x6AC7, 0x6AC8, 0x6287, 0x5226, 0x3963, 0x2123, 0x2104,
  0x2105, 0x2905, 0x2945, 0x31A6, 0x39A6, 0x41E7, 0x4A07, 0x4A27, 0x5267, 0x5246, 0x5226, 0x4A06,
  0x5247, 0x5268, 0x4A06, 0x5A68, 0x5A67, 0x5AA8, 0x5268, 0x39A5, 0x31A6, 0x2144, 0x1904, 0x1925,
  0x1925, 0x1924, 0x2124, 0x3165, 0x3165, 0x3144, 0x3144, 0x3985, 0x39C5, 0x39A5, 0x39A4, 0x39A4,
  0x41C5, 0x3144, 0x2103, 0x2924, 0x2924, 0x2924, 0x2124, 0x2103, 0x2103, 0x2104, 0x2104, 0x2104,
  0x2124, 0x2124, 0x2105, 0x1925, 0x1924, 0x1924, 0x2124, 0x2104, 0x20E3, 0x2903, 0x3124, 0x39A5,
  0x41C5, 0x3144, 0x2923, 0x2924, 0x2124, 0x2103, 0x41C5, 0x5286, 0x4A65, 0x6AE7, 0x7B07, 0x7307,
  0x6AC8, 0x5226, 0x5A46, 0x6287, 0x5226, 0x4A26, 0x4A26, 0x4A26, 0x4A06, 0x4A26, 0x49E6, 0x41E6,
  0x41E7, 0x4207, 0x3166, 0x3146, 0x3166, 0x2105, 0x0883, 0x0882, 0x0882, 0x10A3, 0x08A3, 0x08A4,
  0x10E5, 0x10E5, 0x10E4, 0x10E4, 0x10C4, 0x10E4, 0x10E4, 0x10E4, 0x10C4, 0x1083, 0x1083, 0x10A3,
  0x62A7, 0x62A7, 0x62A7, 0x62A7, 0x62A7, 0x62A7, 0x62A7, 0x62A7, 0x62A7, 0x62A7, 0x62A7, 0x62A7,
  0x62A7, 0x6AA7, 0x5A66, 0x4A05, 0x5226, 0x5206, 0x5A47, 0x6288, 0x6287, 0x62A7, 0x62A8, 0x62A8,
  0x62A8, 0x5A67, 0x5226, 0x6286, 0x7308, 0x7307, 0x7307, 0x7306, 0x7306, 0x7B28, 0x72E7, 0x6AA6,
  0x72C6, 0x72E6, 0x7B07, 0x7B07, 0x8326, 0x8326, 0x8327, 0x8327, 0x8327, 0x8327, 0x8307, 0x8307,
  0x7B07, 0x7B07, 0x8327, 0x8307, 0x8306, 0x8326, 0x8325, 0x9B45, 0xAB63, 0xB382, 0xBBC3, 0xBBE4,
  0xCC65, 0xD4A5, 0xD485, 0xD486, 0xBBA5, 0xB304, 0xA263, 0xA243, 0xA262, 0xAB23, 0xD487, 0xD485,
  0xCC64, 0xC402, 0xBBE3, 0xB3C3, 0xAB82, 0xABA3, 0xA364, 0x8306, 0x8327, 0x8306, 0x8327, 0x7B27,
  0x7B27, 0x8326, 0x8B06, 0x8326, 0x8306, 0x8327, 0x8307, 0x8327, 0x9325, 0xB363, 0xA343, 0x9B45,
  0xA3C3, 0x93A4, 0x8B69, 0x72A6, 0x6A67, 0x8308, 0x72C6, 0x6285, 0x6AC6, 0x7328, 0x7B29, 0x6267,
  0x41E7, 0x2104, 0x2104, 0x2104, 0x2965, 0x3185, 0x39C6, 0x4A06, 0x41E6, 0x5248, 0x5247, 0x5226,
  0x62C8, 0x7329, 0x6AC7, 0x5246, 0x5A67, 0x5247, 0x5227, 0x5A47, 0x5A67, 0x5A47, 0x5247, 0x5288,
  0x5AA9, 0x4248, 0x39E6, 0x1924, 0x1924, 0x1924, 0x2104, 0x2965, 0x3145, 0x3165, 0x3985, 0x39C5,
  0x39A5, 0x39C5, 0x39C5, 0x39C5, 0x39A5, 0x3144, 0x2924, 0x2944, 0x2103, 0x2924, 0x2104, 0x2103,
  0x2103, 0x2103, 0x2104, 0x2104, 0x2124, 0x1924, 0x2105, 0x2105, 0x1924, 0x1924, 0x2124, 0x2104,
  0x20E4, 0x20E3, 0x2903, 0x2923, 0x2943, 0x2943, 0x2903, 0x2944, 0x2123, 0x41E6, 0x5267, 0x4A66,
  0x5265, 0x6AE7, 0x7B07, 0x7B28, 0x5A46, 0x5A47, 0x6AC8, 0x6287, 0x62A8, 0x5226, 0x4A06, 0x4A26,
  0x4A26, 0x4A26, 0x41E6, 0x41E6, 0x39C6, 0x39A6, 0x3165, 0x3145, 0x3166, 0x18E4, 0x0882, 0x08A3,
  0x0883, 0x0883, 0x0883, 0x08A3, 0x0883, 0x10C4, 0x10E4, 0x10E4, 0x10C4, 0x10E4, 0x10E4, 0x10E4,
  0x10C4, 0x1083, 0x1083, 0x10A3, 0x62A7, 0x62A7, 0x62A7, 0x62A7, 0x62A7, 0x62A7, 0x62A7, 0x62A7,
  0x62A7, 0x6287, 0x6287, 0x6287, 0x6287, 0x6287, 0x5226, 0x4A26, 0x49E6, 0x5206, 0x5206, 0x5A67,
  0x62A8, 0x62A8, 0x62C8, 0x62A7, 0x5A66, 0x5A46, 0x6AC7, 0x7308, 0x7308, 0x7307, 0x7B07, 0x7B07,
  0x7B07, 0x72E7, 0x6AA6, 0x72E6, 0x7B06, 0x8327, 0x8327, 0x8326, 0x8326, 0x8326, 0x8307, 0x8327,
  0x8327, 0x8327, 0x8327, 0x8326, 0x8327, 0x7B27, 0x8327, 0x8306, 0x8B26, 0x9345, 0x9344, 0xA364,
  0xB363, 0xBBE3, 0xBC04, 0xBBE4, 0xD465, 0xD4A5, 0xD465, 0xDC87, 0xAAE3, 0x9A21, 0x9A22, 0x91E1,
  0xB2E4, 0xBB85, 0xCC46, 0xDCA7, 0xD4A5, 0xD465, 0xC404, 0xBBE4, 0xAB82, 0xAB83, 0xA364, 0x8B05,
  0x8327, 0x8326, 0x8326, 0x7B27, 0x8327, 0x8326, 0x8B25, 0x8306, 0x8307, 0x8307, 0x8307, 0x8306,
  0x9B45, 0xB364, 0xA343, 0x9B45, 0x9343, 0x8B24, 0x7AE7, 0x7AE7, 0x5A06, 0x6267, 0x5A25, 0x6AA7,
  0x7308, 0x7308, 0x7308, 0x5226, 0x2925, 0x2104, 0x2945, 0x31A6, 0x39C5, 0x5288, 0x5267, 0x5225,
  0x6287, 0x5A47, 0x62A8, 0x7B6A, 0x9C4C, 0xA48E, 0x836A, 0x6B09, 0x5268, 0x39A5, 0x5A68, 0x5A47,
  0x5226, 0x5226, 0x5206, 0x4A06, 0x4A27, 0x5247, 0x5A89, 0x4A48, 0x31C6, 0x2103, 0x2123, 0x2923,
  0x2103, 0x2923, 0x39A5, 0x3985, 0x39A5, 0x3985, 0x3164, 0x3184, 0x3164, 0x3144, 0x3165, 0x3144,
  0x20E3, 0x2103, 0x2104, 0x2103, 0x2103, 0x2103, 0x1904, 0x1924, 0x1924, 0x1924, 0x2105, 0x2105,
  0x1924, 0x1924, 0x1924, 0x2104, 0x2104, 0x20E3, 0x2103, 0x2123, 0x2102, 0x2922, 0x2943, 0x2943,
  0x2963, 0x3984, 0x5267, 0x4A66, 0x5265, 0x6AE7, 0x7B27, 0x7307, 0x6AA7, 0x6287, 0x7309, 0x6AC7,
  0x6287, 0x62A8, 0x5226, 0x4A26, 0x5226, 0x4A26, 0x4A26, 0x5227, 0x4A26, 0x41E5, 0x4A07, 0x4207,
  0x39C6, 0x31A6, 0x10E3, 0x08A3, 0x08A3, 0x08A3, 0x0883, 0x0883, 0x1083, 0x10A3, 0x10C4, 0x10C4,
  0x10E4, 0x10E4, 0x10E4, 0x10E4, 0x10C4, 0x1083, 0x1083, 0x10A3, 0x62A7, 0x62A7, 0x62A7, 0x62A7,
  0x62A7, 0x62A7, 0x6287, 0x6287, 0x62A7, 0x62A7, 0x6287, 0x62A7, 0x62A7, 0x5206, 0x49E6, 0x41E6,
  0x41E6, 0x4A26, 0x5206, 0x4A26, 0x4A26, 0x5A88, 0x5A87, 0x5225, 0x6286, 0x72E8, 0x7B28, 0x7308,
  0x7307, 0x7307, 0x7B07, 0x7B07, 0x72C7, 0x6286, 0x72E7, 0x7B07, 0x7B07, 0x8326, 0x8326, 0x8326,
  0x8306, 0x8307, 0x8307, 0x8327, 0x7B27, 0x7B26, 0x8326, 0x8326, 0x8327, 0x7B27, 0x7B06, 0x8325,
  0x9325, 0x9B85, 0xA384, 0xAB63, 0xBBC4, 0xB404, 0xB404, 0xBBE3, 0xD465, 0xD486, 0xDCC6, 0xBBA4,
  0x9A62, 0xB2C4, 0xB2C3, 0x9A01, 0x9A21, 0xBB45, 0xB364, 0xC426, 0xCC46, 0xDC86, 0xC3A4, 0xB3A4,
  0xAB83, 0xAB82, 0xAB83, 0x9324, 0x8B26, 0x8B26, 0x8326, 0x7B27, 0x7B26, 0x8325, 0x9365, 0x9344,
  0x8B24, 0x9324, 0x8AE5, 0x8306, 0x8325, 0x8B24, 0x8B44, 0x8B25, 0x7AC8, 0x7287, 0x6244, 0x5A46,
  0x5A27, 0x62C9, 0x62A9, 0x6AE9, 0x6288, 0x49A4, 0x49E4, 0x4A05, 0x41C5, 0x4A05, 0x5246, 0x5A87,
  0x62A8, 0x62C8, 0x6287, 0x6265, 0x6AA7, 0x72E9, 0x8BAB, 0xA44C, 0xB4AD, 0xA46C, 0x8BCB, 0x734A,
  0x39A5, 0x4A27, 0x5A69, 0x5227, 0x4A07, 0x4A07, 0x4A06, 0x49E6, 0x5206, 0x5206, 0x51E6, 0x5247,
  0x5268, 0x5247, 0x4A47, 0x4A68, 0x39E6, 0x2123, 0x2944, 0x3165, 0x3145, 0x3144, 0x3144, 0x3145,
  0x3124, 0x3144, 0x2944, 0x2924, 0x2104, 0x2104, 0x18E3, 0x2103, 0x2103, 0x2124, 0x2124, 0x1924,
  0x1924, 0x1924, 0x2105, 0x2105, 0x2124, 0x1924, 0x1924, 0x2124, 0x2104, 0x2103, 0x2103, 0x2942,
  0x4A46, 0x4A66, 0x4A66, 0x4A66, 0x4A66, 0x31A3, 0x3183, 0x5287, 0x5266, 0x6AE8, 0x7B28, 0x7327,
  0x6AA7, 0x6AC8, 0x7308, 0x7308, 0x72C7, 0x6287, 0x5A87, 0x5226, 0x4A05, 0x5206, 0x5226, 0x5206,
  0x4A26, 0x4A26, 0x4A07, 0x41C6, 0x39A7, 0x2166, 0x1925, 0x08A3, 0x08A3, 0x08A3, 0x0883, 0x0882,
  0x1083, 0x10A3, 0x10C4, 0x10C4, 0x10E4, 0x10E4, 0x10E4, 0x10E4, 0x10E4, 0x1083, 0x1083, 0x10A3,
  0x62A7, 0x6287, 0x62A7, 0x62A7, 0x62A7, 0x62A8, 0x62C8, 0x62A8, 0x6287, 0x6AC8, 0x6287, 0x5A67,
  0x5226, 0x41C6, 0x4A07, 0x41E6, 0x4A27, 0x5247, 0x5246, 0x4A06, 0x4A26, 0x4A26, 0x4A05, 0x6286,
  0x7B08, 0x7B08, 0x7307, 0x7307, 0x7B07, 0x7B07, 0x7B07, 0x7AE8, 0x72E8, 0x6A86, 0x6AC7, 0x7B07,
  0x7B27, 0x8326, 0x8326, 0x8B25, 0x8305, 0x8306, 0x8307, 0x8307, 0x8327, 0x8326, 0x8325, 0x8B25,
  0x8346, 0x8346, 0x8346, 0x8B45, 0x9324, 0xAB84, 0xB383, 0xB383, 0xBBE4, 0xB404, 0xB404, 0xC403,
  0xCC65, 0xD486, 0xCBE5, 0xB303, 0xA242, 0xBB05, 0xB2E3, 0xA261, 0x9A41, 0xAAE3, 0xB323, 0x9240,
  0xC3C5, 0xCBE5, 0x9A60, 0xA2C1, 0xB363, 0xB383, 0xAB83, 0x9B64, 0x8B04, 0x8B26, 0x8326, 0x8326,
  0x7B26, 0x8B46, 0x8B25, 0x9B65, 0xAB85, 0xAB84, 0xA364, 0x9365, 0x7B25, 0x6AC4, 0x7B26, 0x7B27,
  0x6248, 0x6AC9, 0x7B68, 0x62A9, 0x41A6, 0x39A5, 0x41C5, 0x41A5, 0x5206, 0x5A67, 0x6286, 0x6AE7,
  0x7307, 0x7B28, 0x7B28, 0x7B08, 0x7B28, 0x6AA7, 0x72C6, 0x8B67, 0x7AE6, 0x5A24, 0x8349, 0xA44C,
  0xAC2B, 0x93AA, 0x8BCB, 0x62C8, 0x3184, 0x5ACA, 0x736C, 0x6AEB, 0x5A89, 0x5269, 0x5227, 0x5227,
  0x5206, 0x5227, 0x5227, 0x5227, 0x5207, 0x5227, 0x4A27, 0x4A27, 0x4A47, 0x52A9, 0x39A5, 0x2903,
  0x3144, 0x3985, 0x3985, 0x3986, 0x3986, 0x3164, 0x2903, 0x2103, 0x2924, 0x2925, 0x18E3, 0x2104,
  0x2104, 0x2124, 0x2124, 0x1924, 0x1924, 0x1924, 0x2104, 0x2104, 0x2104, 0x2124, 0x2124, 0x1924,
  0x2124, 0x2104, 0x2103, 0x39A5, 0x4206, 0x4225, 0x4A66, 0x4A86, 0x4A85, 0x4A65, 0x41E4, 0x5287,
  0x4A46, 0x6AE8, 0x7307, 0x7B27, 0x72E8, 0x7308, 0x7308, 0x7307, 0x7B08, 0x6AC7, 0x62A7, 0x5A87,
  0x5246, 0x5225, 0x5205, 0x5A26, 0x5226, 0x4A06, 0x41C6, 0x39A7, 0x2966, 0x1926, 0x1946, 0x08C4,
  0x08A3, 0x08A3, 0x0883, 0x0882, 0x1082, 0x10A3, 0x08A4, 0x10C4, 0x10E4, 0x10E4, 0x10E4, 0x10E4,
  0x10C4, 0x1083, 0x1083, 0x10A3, 0x62A7, 0x6287, 0x62C8, 0x5A67, 0x5A47, 0x5A47, 0x5246, 0x5267,
  0x62A7, 0x62A7, 0x5247, 0x41E6, 0x41C6, 0x4A07, 0x4206, 0x5246, 0x62A7, 0x62A8, 0x62A8, 0x5246,
  0x4A05, 0x4A05, 0x5A67, 0x62A7, 0x72E7, 0x7B07, 0x7B07, 0x7B07, 0x7B07, 0x7B07, 0x7B07, 0x7308,
  0x7328, 0x72C7, 0x6A86, 0x6AA6, 0x72E7, 0x7B06, 0x8326, 0x8B45, 0x9385, 0x8B45, 0x8B05, 0x8B26,
  0x8B26, 0x8B25, 0x8B24, 0x9365, 0x8B45, 0x8B45, 0x8B25, 0x8B24, 0x9B44, 0xAB83, 0xAB62, 0xBBC4,
  0xBBE4, 0xBBE4, 0xBBE4, 0xBC04, 0xCC65, 0xAB63, 0x9A41, 0xA242, 0xAA62, 0xB304, 0xAAE4, 0x9A61,
  0x9221, 0xC385, 0xB304, 0xA261, 0xB2E3, 0xB304, 0xA262, 0xA261, 0xA2A1, 0xA2E2, 0xAB63, 0xA384,
  0x9343, 0x8324, 0x8B45, 0x8325, 0x8326, 0x8326, 0x8306, 0x8B26, 0x9B45, 0xA364, 0xABA4, 0xA385,
  0x82E4, 0x7AE6, 0x8307, 0x6A65, 0x6266, 0x5A87, 0x5A67, 0x49E5, 0x51E5, 0x5A46, 0x6AA7, 0x6AA7,
  0x7308, 0x72E7, 0x72C7, 0x72C7, 0x6AC7, 0x72C6, 0x72A6, 0x6AC7, 0x6AC6, 0x7306, 0x8344, 0x9364,
  0x8B86, 0x8BA9, 0x6AA6, 0x7308, 0x8B49, 0x8349, 0x838B, 0x5205, 0x41E5, 0x7BAD, 0x736C, 0x6B2B,
  0x62EB, 0x6B2C, 0x732C, 0x732B, 0x6AEA, 0x5288, 0x5288, 0x5A88, 0x62C9, 0x6AEA, 0x730A, 0x5A88,
  0x5288, 0x5288, 0x6268, 0x4184, 0x4184, 0x5A68, 0x62A9, 0x5A68, 0x5248, 0x41C5, 0x3985, 0x3165,
  0x2945, 0x2104, 0x20E3, 0x2104, 0x1904, 0x2124, 0x2124, 0x2124, 0x2124, 0x2124, 0x2104, 0x2104,
  0x2104, 0x2104, 0x2104, 0x2124, 0x2124, 0x2925, 0x2945, 0x3145, 0x2924, 0x3164, 0x39C5, 0x4A46,
  0x5266, 0x4A65, 0x5286, 0x4A46, 0x41C4, 0x62E8, 0x7B28, 0x7B07, 0x72E7, 0x6AC7, 0x7308, 0x7B08,
  0x7B08, 0x7307, 0x62A6, 0x5AA7, 0x62C7, 0x5AA6, 0x5A46, 0x6A88, 0x5226, 0x41C5, 0x39C7, 0x2166,
  0x1926, 0x2126, 0x2105, 0x1905, 0x10A4, 0x0883, 0x1083, 0x1083, 0x1083, 0x10A3, 0x1083, 0x1084,
  0x10C4, 0x18C4, 0x18E5, 0x10C4, 0x1083, 0x1083, 0x1083, 0x1083, 0x62A7, 0x62A8, 0x5246, 0x5226,
  0x49C5, 0x41C5, 0x4A05, 0x4A05, 0x49E4, 0x49E5, 0x4A06, 0x41C5, 0x4A06, 0x4A27, 0x5A88, 0x5A87,
  0x62A7, 0x6287, 0x6288, 0x5A67, 0x49E6, 0x41A5, 0x5A88, 0x62A7, 0x6AC7, 0x7B07, 0x7AE7, 0x7B07,
  0x7B07, 0x7B07, 0x7B28, 0x7308, 0x72E7, 0x6AA7, 0x6AA7, 0x6AA7, 0x6A86, 0x72C6, 0x7AC5, 0x7AC4,
  0x9365, 0x9B85, 0x9B65, 0x9344, 0x9303, 0x9B44, 0xA365, 0xA366, 0x9325, 0x8B25, 0x9324, 0x9B43,
  0xAB82, 0xAB82, 0xAB61, 0xBBC3, 0xBBE3, 0xC404, 0xBC04, 0xC445, 0xD467, 0x9A61, 0xA243, 0xA243,
  0xA241, 0xB303, 0xAB04, 0x9A62, 0x9221, 0xBB45, 0xB2E3, 0xA262, 0xA262, 0xAAC3, 0xAAE3, 0xA2C2,
  0xA2C1, 0xA2E1, 0xAB63, 0xAB83, 0xA384, 0x9B84, 0x9B64, 0x8B24, 0x8B25, 0x8326, 0x8326, 0x8326,
  0x8305, 0x8B25, 0x8B25, 0x8B25, 0x82E5, 0x7B26, 0x8326, 0x7AE6, 0x72E6, 0x6AC6, 0x6AC6, 0x72C6,
  0x7B07, 0x7B27, 0x8348, 0x72C6, 0x6AA6, 0x72E7, 0x7B08, 0x7B08, 0x7307, 0x72C6, 0x72E8, 0x6AE9,
  0x6287, 0x8327, 0x9326, 0x9344, 0xA3E9, 0x9C2B, 0x7328, 0x5A44, 0x7B47, 0x7B48, 0x6AE8, 0x4A26,
  0x4A27, 0x7B6D, 0x7B6C, 0x838C, 0x738C, 0x736C, 0x734B, 0x736B, 0x732A, 0x6AE9, 0x732A, 0x7B6B,
  0x7B8B, 0x942D, 0x8BEC, 0x7B6A, 0x7BAC, 0x62C9, 0x3985, 0x5247, 0x6B0A, 0x738C, 0x738C, 0x736D,
  0x6B4C, 0x5A68, 0x5227, 0x2924, 0x2104, 0x20E3, 0x2103, 0x1903, 0x1904, 0x2124, 0x2124, 0x2124,
  0x2124, 0x2124, 0x2105, 0x2105, 0x2104, 0x2104, 0x2104, 0x2104, 0x2924, 0x2944, 0x3165, 0x3185,
  0x39A5, 0x39C6, 0x39A5, 0x39C5, 0x4A46, 0x4A45, 0x5286, 0x4206, 0x39A5, 0x4A05, 0x7308, 0x7B07,
  0x72E7, 0x6AA6, 0x72E8, 0x7308, 0x7AE7, 0x7307, 0x62A7, 0x62A7, 0x5AA7, 0x62C7, 0x62C7, 0x5A27,
  0x49E6, 0x39A6, 0x2966, 0x1925, 0x1926, 0x1925, 0x2125, 0x18E5, 0x10A4, 0x1083, 0x1083, 0x1083,
  0x1083, 0x1083, 0x1083, 0x1083, 0x10A4, 0x18C4, 0x10C4, 0x1083, 0x10A3, 0x1083, 0x1083, 0x1083,
  0x5246, 0x4A06, 0x41C5, 0x41E5, 0x4A06, 0x5A88, 0x5A87, 0x6287, 0x5A67, 0x6AC8, 0x5A87, 0x49E5,
  0x4A06, 0x5226, 0x62A8, 0x62A8, 0x62A7, 0x62A7, 0x62A8, 0x5A68, 0x41A6, 0x41A5, 0x5A88, 0x62A8,
  0x62A7, 0x72E7, 0x7B07, 0x7B07, 0x7307, 0x7308, 0x7308, 0x72E8, 0x6AA6, 0x6A86, 0x6A86, 0x6A86,
  0x72C6, 0x8327, 0x8306, 0x8306, 0x8B24, 0x9344, 0x9B84, 0x9B84, 0xA364, 0xA385, 0x9B45, 0x9305,
  0x9305, 0x8B24, 0x9B64, 0xABA4, 0xAB82, 0xAB81, 0xAB81, 0xB3A2, 0xBBE3, 0xBBE4, 0xC405, 0xC3E5,
  0xAAE3, 0xAA63, 0xA223, 0x91C1, 0xAA82, 0xAB03, 0xAB23, 0xB324, 0x9A41, 0xAAC3, 0xB304, 0xA262,
  0xA262, 0xB304, 0xA303, 0xAB22, 0xA322, 0xB383, 0xAB62, 0xAB83, 0xAB83, 0xAB82, 0xAB83, 0x9B64,
  0x8B24, 0x8B25, 0x8346, 0x7B26, 0x8346, 0x8326, 0x8306, 0x8306, 0x8326, 0x8346, 0x8325, 0x8346,
  0x8346, 0x8346, 0x8326, 0x8326, 0x8B26, 0x7AE5, 0x7AE5, 0x7B06, 0x7AE7, 0x7B07, 0x7AE8, 0x7AE7,
  0x72E6, 0x7B07, 0x7309, 0x7309, 0x6A87, 0x8AE6, 0xA345, 0x9B45, 0x9367, 0x8327, 0x7328, 0x62A6,
  0x6AE7, 0x62C7, 0x5A87, 0x5268, 0x5228, 0x6AEB, 0x7B4B, 0x8BAA, 0x83AA, 0x83AB, 0x7B8B, 0x83CC,
  0x9C4F, 0x9C4E, 0x836A, 0x838B, 0x9C4D, 0xA4AE, 0xA4AD, 0x8BEB, 0x6B0A, 0x5A89, 0x736C, 0x7B8C,
  0x6B2A, 0x62E9, 0x6B2A, 0x6B4C, 0x7BCE, 0x734B, 0x5227, 0x3124, 0x20C3, 0x20E3, 0x2103, 0x2124,
  0x1904, 0x2124, 0x2124, 0x2124, 0x2124, 0x2124, 0x1925, 0x1925, 0x2105, 0x2104, 0x2924, 0x3145,
  0x3145, 0x3144, 0x3164, 0x39A5, 0x39C5, 0x39A6, 0x39A6, 0x39A6, 0x41C5, 0x5267, 0x5267, 0x4207,
  0x3985, 0x41C5, 0x7308, 0x7307, 0x7B28, 0x6AC7, 0x6AC7, 0x72E8, 0x7B08, 0x7308, 0x62A7, 0x62A7,
  0x5AA7, 0x5AA7, 0x5226, 0x49E6, 0x39A7, 0x2946, 0x1905, 0x1926, 0x1946, 0x1925, 0x1905, 0x10C4,
  0x10C4, 0x1083, 0x1083, 0x1083, 0x1083, 0x0883, 0x1083, 0x0883, 0x10A4, 0x18E4, 0x10A3, 0x0883,
  0x1083, 0x1083, 0x1083, 0x1083, 0x41E5, 0x41E5, 0x4A26, 0x4A26, 0x5AA8, 0x62C8, 0x62A7, 0x62A7,
  0x62A7, 0x62A7, 0x6B09, 0x6B08, 0x5A66, 0x5205, 0x62A7, 0x62A8, 0x62A8, 0x6288, 0x62A8, 0x5A68,
  0x49A6, 0x41A6, 0x5A89, 0x5A88, 0x6287, 0x6AC7, 0x7AE7, 0x72E7, 0x7B28, 0x7308, 0x5A66, 0x6266,
  0x6266, 0x6AA5, 0x6A85, 0x72C5, 0x8326, 0x8B26, 0x8B26, 0x8B25, 0x8B26, 0x8324, 0x8B23, 0x9364,
  0x9B85, 0x9345, 0x8B25, 0x8B45, 0x8B25, 0x8B25, 0x9345, 0x9B64, 0xA364, 0xA362, 0xABA1, 0xAB81,
  0xBBE3, 0xC404, 0xBBC4, 0xA2E2, 0x9A41, 0xA202, 0x99C1, 0xAA63, 0xBB44, 0xAB23, 0xAB23, 0xB324,
  0xAAE3, 0xB304, 0xAAE3, 0x9A62, 0xA262, 0xA282, 0xAB63, 0xAB83, 0xAB82, 0xAB62, 0xAB82, 0xAB82,
  0xB362, 0xB361, 0xAB62, 0xA383, 0x9323, 0x8B24, 0x8B45, 0x8324, 0x8345, 0x8B26, 0x8B27, 0x8B06,
  0x8B25, 0x8B24, 0x8B25, 0x8326, 0x8305, 0x8305, 0x8B26, 0x8B06, 0x8B26, 0x8B45, 0x8325, 0x8327,
  0x7B07, 0x7AE7, 0x7AE7, 0x7B07, 0x7B07, 0x7B07, 0x7308, 0x6B08, 0x6284, 0x9344, 0xAB84, 0x9344,
  0x8325, 0x7B27, 0x6286, 0x5A67, 0x5247, 0x5268, 0x41E7, 0x41C7, 0x39A7, 0x6289, 0x7328, 0x8346,
  0x8325, 0x8B67, 0x8B89, 0x838A, 0x8BCB, 0x8BCC, 0x9C4E, 0x9C2E, 0x7B2A, 0x8BCB, 0x944D, 0x6B09,
  0x5A89, 0x7B6D, 0x7B4A, 0x7309, 0x7307, 0x93EB, 0x9C4D, 0x732A, 0x734B, 0x7BAD, 0x5A89, 0x49E6,
  0x28E3, 0x20E3, 0x2104, 0x2124, 0x2124, 0x2124, 0x2124, 0x1904, 0x1904, 0x1924, 0x2125, 0x1905,
  0x2104, 0x2924, 0x2944, 0x3145, 0x3986, 0x3165, 0x3184, 0x41E5, 0x41E6, 0x41E6, 0x39A6, 0x39A6,
  0x41C6, 0x4A27, 0x5268, 0x41E7, 0x3986, 0x41C5, 0x6AE8, 0x7307, 0x7308, 0x6AC7, 0x6287, 0x6AC7,
  0x7B08, 0x72E7, 0x62A7, 0x6287, 0x62A7, 0x5246, 0x4A06, 0x39A6, 0x2946, 0x1906, 0x1926, 0x1926,
  0x1125, 0x1104, 0x10E4, 0x10C4, 0x10C4, 0x10A4, 0x1083, 0x1083, 0x0883, 0x0883, 0x1083, 0x1083,
  0x10A3, 0x10A3, 0x1083, 0x1083, 0x1083, 0x1083, 0x1083, 0x1083, 0x49E5, 0x4A26, 0x5A88, 0x62A8,
  0x5A87, 0x62A7, 0x62A7, 0x62A7, 0x62A7, 0x62A7, 0x62A7, 0x7308, 0x6AE7, 0x5A46, 0x6266, 0x62A8,
  0x6288, 0x62A8, 0x62A7, 0x5A67, 0x5227, 0x41C5, 0x5267, 0x62A8, 0x62A7, 0x62A7, 0x72E7, 0x7B08,
  0x6AC7, 0x5A66, 0x4A05, 0x5205, 0x6245, 0x6AA5, 0x72E5, 0x8325, 0x8B25, 0x8B25, 0x8B25, 0x8B25,
  0x8326, 0x8326, 0x8325, 0x7AE4, 0x7AE5, 0x8326, 0x8306, 0x7B25, 0x8325, 0x8B45, 0x8B24, 0x8B03,
  0x9B24, 0x9B43, 0xAB83, 0xAB82, 0xB3C3, 0xC405, 0xB363, 0x9260, 0xA261, 0x99E1, 0xA242, 0xB324,
  0xB323, 0xAB43, 0xAB43, 0xAB23, 0xAB23, 0xAB03, 0xB324, 0xA2A2, 0x9A42, 0xA282, 0xAB43, 0xAB83,
  0xAB82, 0xAB82, 0xAB82, 0xAB82, 0xAB83, 0xAB63, 0xAB63, 0xAB83, 0xA363, 0x9B43, 0x9B64, 0x9344,
  0x8B24, 0x9325, 0x8B05, 0x8B06, 0x8B25, 0x8B24, 0x8B25, 0x8B05, 0x8B25, 0x9346, 0x9366, 0x8B46,
  0x8B26, 0x8B45, 0x8325, 0x8327, 0x7B07, 0x7B07, 0x7B07, 0x7B07, 0x7B07, 0x7B07, 0x7307, 0x7307,
  0x6AC4, 0x9BC5, 0x9363, 0x8344, 0x8366, 0x72C6, 0x5A46, 0x49E6, 0x39A6, 0x3965, 0x28E4, 0x20E4,
  0x3144, 0x4A06, 0x5A65, 0x7B26, 0x8B46, 0x9367, 0x8B67, 0x8B67, 0x8368, 0x8BAA, 0x83AB, 0x8BCC,
  0x940D, 0x7B6B, 0x5AA8, 0x5227, 0x6AEB, 0x6ACA, 0x6A87, 0x8B8A, 0xB4CE, 0xB4AD, 0xACAE, 0x93CC,
  0x83AC, 0x6B2B, 0x5248, 0x49E6, 0x28E3, 0x2103, 0x1924, 0x2124, 0x2124, 0x2124, 0x2124, 0x1904,
  0x2124, 0x2145, 0x2124, 0x3185, 0x39E6, 0x3164, 0x3164, 0x3165, 0x3987, 0x39A6, 0x41E6, 0x4A47,
  0x5287, 0x5267, 0x41E6, 0x39C6, 0x41A6, 0x39A5, 0x4A27, 0x39A6, 0x41A6, 0x41A5, 0x7308, 0x7307,
  0x7328, 0x6AE8, 0x62A7, 0x62A7, 0x72C7, 0x62A7, 0x62A7, 0x62A8, 0x62A7, 0x5266, 0x4A06, 0x3186,
  0x1926, 0x1926, 0x1926, 0x10E5, 0x10E5, 0x10E4, 0x10E4, 0x10C4, 0x18C4, 0x10C4, 0x10A3, 0x1083,
  0x0883, 0x0883, 0x1083, 0x1083, 0x1083, 0x1083, 0x1083, 0x1083, 0x1083, 0x1083, 0x1083, 0x1083,
  0x5A67, 0x5A87, 0x62A8, 0x62A7, 0x62A7, 0x62A7, 0x6287, 0x6287, 0x62A7, 0x62A7, 0x6286, 0x6AC6,
  0x7B27, 0x72E7, 0x5A25, 0x6288, 0x6288, 0x62A8, 0x62A7, 0x62A7, 0x62A7, 0x4A06, 0x41C5, 0x5267,
  0x5AA8, 0x62A7, 0x6AA6, 0x7B08, 0x6287, 0x41E5, 0x4A26, 0x5205, 0x5A45, 0x72E6, 0x8326, 0x8305,
  0x8B25, 0x8B25, 0x8B26, 0x8B26, 0x8B24, 0x8B25, 0x8B26, 0x72A5, 0x7B07, 0x7B27, 0x7AE6, 0x8306,
  0x8305, 0x8B24, 0x9B44, 0xA363, 0xABA3, 0xAB84, 0xA364, 0xAB63, 0xAB83, 0xAB62, 0xA302, 0xA2C2,
  0xAAC2, 0xA282, 0xAAE3, 0xA2E2, 0xA301, 0xAB22, 0xB364, 0xAB22, 0xBB83, 0xB343, 0x9A81, 0xAAE3,
  0xA2A2, 0xA282, 0xB343, 0xAB63, 0xAB82, 0xAB82, 0xAB82, 0xAB82, 0xAB83, 0x9B64, 0x9B43, 0xA383,
  0xAB83, 0xAB83, 0xAB83, 0xA384, 0x9B45, 0x9325, 0x8B25, 0x8B26, 0x8B26, 0x8325, 0x8B24, 0x9364,
  0x9B85, 0x9B65, 0x8B24, 0x8325, 0x8346, 0x8325, 0x8306, 0x8307, 0x7AE8, 0x7B08, 0x7307, 0x7326,
  0x7327, 0x7B07, 0x7B07, 0x7308, 0x6285, 0x72C5, 0x8B67, 0x72E6, 0x6AC6, 0x6286, 0x62C8, 0x41E6,
  0x3184, 0x28E2, 0x3143, 0x41C6, 0x4A06, 0x5226, 0x5205, 0x5A46, 0x62A6, 0x72E6, 0x9BA7, 0x9B86,
  0x9B65, 0x8B66, 0x8367, 0x83CA, 0x83AB, 0x7B8B, 0x5268, 0x5A89, 0x62CA, 0x49E6, 0x93CC, 0xB4CF,
  0xB46D, 0xB48D, 0x9C0C, 0x838B, 0x83CD, 0x736C, 0x5A89, 0x49E6, 0x28E2, 0x2103, 0x2124, 0x2125,
  0x2124, 0x2124, 0x2124, 0x2124, 0x2124, 0x2124, 0x2103, 0x4A06, 0x5287, 0x41E5, 0x39A5, 0x3186,
  0x3187, 0x39A7, 0x39A6, 0x39C5, 0x4205, 0x4A66, 0x5268, 0x41C6, 0x3145, 0x3165, 0x41E6, 0x39C6,
  0x3985, 0x41C5, 0x7328, 0x7308, 0x7308, 0x7309, 0x62A7, 0x6287, 0x6286, 0x6286, 0x5A46, 0x5A47,
  0x62A7, 0x5246, 0x4A26, 0x39A7, 0x1925, 0x1925, 0x1905, 0x10E4, 0x18E4, 0x10E4, 0x10C5, 0x10C4,
  0x18C4, 0x18E4, 0x10A3, 0x1083, 0x1083, 0x0883, 0x1083, 0x1083, 0x1083, 0x1083, 0x1083, 0x1083,
  0x1083, 0x1083, 0x1083, 0x1083, 0x62A8, 0x6288, 0x6287, 0x62A7, 0x62A7, 0x62A7, 0x6A87, 0x62A7,
  0x62A7, 0x5AA7, 0x5AA6, 0x6AE7, 0x7308, 0x7308, 0x6266, 0x5A46, 0x62A8, 0x6287, 0x62A8, 0x62A7,
  0x62A7, 0x62A7, 0x5267, 0x49E5, 0x5A66, 0x5AA7, 0x62A6, 0x7308, 0x6286, 0x5206, 0x4A06, 0x5226,
  0x6AA7, 0x7B08, 0x8307, 0x8B26, 0x8B25, 0x8B05, 0x8B05, 0x8B06, 0x9324, 0x8B05, 0x8B26, 0x72A5,
  0x72C6, 0x8327, 0x7AE6, 0x8306, 0x9345, 0xA364, 0xABA3, 0xABA3, 0xAB83, 0xA3A4, 0x9B43, 0x9B62,
  0xAB62, 0xA2E1, 0xA302, 0xAB21, 0xA301, 0xAB43, 0xB363, 0xA301, 0xA321, 0xAB63, 0xAB63, 0xB383,
  0xA2E1, 0x9A81, 0xA2E2, 0xAB02, 0xAB03, 0xA2A3, 0xA2C2, 0xB343, 0xB383, 0xA3A3, 0xA383, 0xAB83,
  0xA384, 0x9344, 0x9324, 0x9B23, 0xABA4, 0xAB83, 0xAB82, 0xABA4, 0x9B45, 0x8B04, 0x8326, 0x8326,
  0x8326, 0x8B25, 0x9B64, 0xABA4, 0x9B64, 0x8B23, 0x8B23, 0x8344, 0x8344, 0x8326, 0x8306, 0x8307,
  0x7B07, 0x7B07, 0x7307, 0x7327, 0x7307, 0x7B07, 0x7B07, 0x7B08, 0x7308, 0x6AC7, 0x6AA6, 0x6286,
  0x6286, 0x6AC8, 0x62C8, 0x5A88, 0x5A87, 0x4A05, 0x5225, 0x5AA7, 0x5AA7, 0x5226, 0x5226, 0x49E5,
  0x4A05, 0x5224, 0x6264, 0x7263, 0x8B05, 0x9BA6, 0x9B85, 0x8B66, 0x8BC9, 0x6AE8, 0x5A88, 0x730A,
  0x5A88, 0x4A47, 0x7B8C, 0x8BCC, 0x93CB, 0x93CB, 0x8B8B, 0x838C, 0x83AD, 0x734C, 0x6289, 0x4A06,
  0x28E3, 0x2104, 0x1924, 0x1924, 0x2124, 0x2124, 0x2124, 0x1904, 0x2125, 0x2145, 0x3144, 0x3183,
  0x5267, 0x4A46, 0x39C5, 0x3185, 0x3987, 0x39C7, 0x39A6, 0x39A5, 0x39A4, 0x41E5, 0x5287, 0x4A66,
  0x4A28, 0x39A5, 0x39A5, 0x4A27, 0x5A88, 0x49E5, 0x5A86, 0x62C7, 0x62A7, 0x62A7, 0x62A7, 0x62A7,
  0x6AA8, 0x7308, 0x6AC8, 0x4A05, 0x5A67, 0x5247, 0x41E7, 0x3187, 0x1904, 0x10E4, 0x10C4, 0x18E4,
  0x10C4, 0x10C4, 0x18C5, 0x10C4, 0x18C4, 0x18E4, 0x10C4, 0x1083, 0x1083, 0x0882, 0x1083, 0x1083,
  0x1083, 0x1083, 0x1083, 0x1083, 0x1083, 0x1083, 0x1083, 0x1083, 0x62A7, 0x62A7, 0x62A8, 0x62A8,
  0x6288, 0x6288, 0x6287, 0x6287, 0x62A7, 0x62A7, 0x62A7, 0x6AC7, 0x7307, 0x72E7, 0x72E8, 0x5A66,
  0x6286, 0x62A7, 0x5AA7, 0x62A7, 0x62A7, 0x62A7, 0x6287, 0x62A8, 0x62A7, 0x62A6, 0x5AA6, 0x6AC7,
  0x7B08, 0x6266, 0x5226, 0x5246, 0x6AA7, 0x6A87, 0x72C7, 0x8347, 0x8325, 0x8324, 0x8B25, 0x8B05,
  0x8B25, 0x8B26, 0x8326, 0x7B06, 0x72C5, 0x8327, 0x7AE5, 0x8325, 0x9344, 0xA363, 0xA362, 0xA363,
  0xA364, 0x8B24, 0x8B24, 0xA383, 0xAB83, 0xAB63, 0xAB64, 0xAB63, 0xABA3, 0xAB82, 0xAB82, 0xB382,
  0xAB82, 0xAB83, 0xA363, 0xA383, 0x9AC1, 0xA2A1, 0xB362, 0xAB81, 0xAB82, 0xB344, 0x9AC1, 0x9A80,
  0xA2E2, 0xA365, 0x9324, 0x9B42, 0xAB82, 0xA383, 0x9B44, 0x9303, 0x9B43, 0xA384, 0x9B64, 0x9345,
  0x82E4, 0x82E5, 0x8327, 0x8326, 0x9345, 0xA384, 0xAB84, 0xA364, 0x9324, 0x8B24, 0x8345, 0x8345,
  0x8345, 0x8B26, 0x8B06, 0x8306, 0x8327, 0x7B06, 0x7307, 0x7B07, 0x7AE7, 0x7AE7, 0x7B07, 0x7AE8,
  0x7B08, 0x7B08, 0x72E7, 0x72E7, 0x62A7, 0x62A7, 0x6288, 0x5A47, 0x5226, 0x5A66, 0x62A7, 0x6287,
  0x62A7, 0x62C8, 0x5A87, 0x5246, 0x5225, 0x4A25, 0x4A06, 0x4A05, 0x5A04, 0x8305, 0x9B65, 0x9B85,
  0x8B66, 0x6AA6, 0x7B08, 0x8308, 0x5205, 0x6B0A, 0x83ED, 0x7BAC, 0x83AC, 0x838C, 0x8BAD, 0x83AD,
  0x734D, 0x6AEC, 0x62A8, 0x4A06, 0x2904, 0x2105, 0x1925, 0x1924, 0x2124, 0x2124, 0x2124, 0x2124,
  0x2945, 0x2945, 0x3986, 0x39A5, 0x4A26, 0x5287, 0x41C5, 0x2924, 0x3145, 0x39A6, 0x39C6, 0x39A7,
  0x39A7, 0x39C6, 0x4A46, 0x5286, 0x4A87, 0x39C5, 0x4A26, 0x62C9, 0x6288, 0x5A88, 0x39C4, 0x4205,
  0x62C8, 0x62C7, 0x6AC7, 0x7308, 0x7308, 0x7308, 0x62C7, 0x5246, 0x41E6, 0x39A6, 0x2945, 0x2945,
  0x2105, 0x18E5, 0x18E5, 0x18C4, 0x18C4, 0x18C4, 0x18C4, 0x18C4, 0x18C4, 0x18C4, 0x18C4, 0x10A3,
  0x10A3, 0x0883, 0x1083, 0x1083, 0x1083, 0x1083, 0x1083, 0x1083, 0x1083, 0x1083, 0x1083, 0x1083,
  0x62A7, 0x62A7, 0x62A8, 0x62A8, 0x6288, 0x6288, 0x62A7, 0x62A7, 0x62A7, 0x62A7, 0x62A6, 0x72E7,
  0x7307, 0x7B07, 0x7B07, 0x72E7, 0x62A7, 0x62A7, 0x62A8, 0x62A7, 0x62A7, 0x62A8, 0x6287, 0x5A67,
  0x5226, 0x5A87, 0x62C8, 0x62A7, 0x7308, 0x7308, 0x5225, 0x5246, 0x6AA7, 0x6AA6, 0x6AA6, 0x7AE6,
  0x7B06, 0x8B46, 0x8B26, 0x8325, 0x8345, 0x8326, 0x8308, 0x7AA7, 0x7AC5, 0x8B45, 0x8344, 0x8344,
  0x8B45, 0x8B45, 0x8B25, 0x9304, 0x9303, 0x9B25, 0x9B45, 0x9B43, 0xA3A3, 0x9B43, 0x9B04, 0xAB65,
  0xB362, 0xB361, 0xAB82, 0xAB83, 0xA383, 0x9B43, 0x9323, 0xA383, 0xA322, 0xB342, 0xB381, 0xABA0,
  0xAB81, 0xAB82, 0xAB62, 0x9AE1, 0xA304, 0x9B05, 0x9324, 0x9363, 0xABC2, 0xAB81, 0xAB63, 0xA384,
  0x9303, 0x9324, 0x8B05, 0x8306, 0x8307, 0x8B48, 0x8B27, 0x9345, 0xA383, 0xAB61, 0xA343, 0x9303,
  0x8B04, 0x8B25, 0x8326, 0x8326, 0x8326, 0x8B26, 0x8B26, 0x8326, 0x8326, 0x7B07, 0x7B07, 0x7B07,
  0x7B07, 0x7B07, 0x7B07, 0x7B07, 0x7307, 0x7308, 0x7308, 0x6AC7, 0x62A7, 0x5A67, 0x5A67, 0x5246,
  0x5AA7, 0x5A87, 0x6287, 0x6287, 0x6287, 0x62C8, 0x62A7, 0x62A7, 0x5A87, 0x4A26, 0x4A26, 0x4A26,
  0x4A05, 0x5A25, 0x6244, 0x8306, 0x93A8, 0x7304, 0x8B85, 0x8B24, 0x6A22, 0x8349, 0x83AA, 0x83AA,
  0x8BAB, 0x838B, 0x736C, 0x736C, 0x630C, 0x6B0C, 0x5AA9, 0x4A27, 0x2104, 0x2105, 0x1924, 0x1904,
  0x2105, 0x2125, 0x2945, 0x2964, 0x2964, 0x31A5, 0x39A6, 0x39A6, 0x39C5, 0x5267, 0x4A26, 0x3164,
  0x2923, 0x2965, 0x39A7, 0x39C8, 0x39A7, 0x3165, 0x3985, 0x5268, 0x5287, 0x5247, 0x62A8, 0x6287,
  0x6287, 0x62A7, 0x5247, 0x39A5, 0x49E6, 0x5227, 0x6AC8, 0x7328, 0x7326, 0x7328, 0x62A7, 0x62A7,
  0x5A88, 0x4A06, 0x41E7, 0x39A7, 0x3187, 0x2105, 0x2126, 0x18C4, 0x18C4, 0x18C4, 0x18C4, 0x18C4,
  0x18C4, 0x18C4, 0x18C4, 0x10A3, 0x10A3, 0x1083, 0x1083, 0x1083, 0x1083, 0x1083, 0x1083, 0x1083,
  0x1083, 0x1083, 0x1083, 0x1083, 0x62A7, 0x6287, 0x62A7, 0x6288, 0x6288, 0x6288, 0x62A8, 0x62A7,
  0x62A7, 0x62A7, 0x7307, 0x7B07, 0x7B07, 0x7306, 0x7B07, 0x7B08, 0x72E8, 0x5A66, 0x62A8, 0x62A8,
  0x62A7, 0x5A66, 0x5226, 0x5205, 0x51E5, 0x5226, 0x6288, 0x62A8, 0x6AC7, 0x6B07, 0x5A86, 0x5225,
  0x6AA6, 0x6AA5, 0x6AA6, 0x6A86, 0x6AA6, 0x7B07, 0x8306, 0x8346, 0x7B67, 0x8326, 0x82C5, 0x92E5,
  0x9B45, 0x9323, 0x8B43, 0x8324, 0x8325, 0x7B07, 0x8327, 0x8B25, 0x9B44, 0xAB83, 0xB3A2, 0x9B42,
  0x9324, 0x9344, 0xA364, 0xAB82, 0xB381, 0xB382, 0xABA3, 0xA384, 0x9B43, 0x9302, 0xA384, 0xABA2,
  0xAB82, 0xB361, 0xB381, 0xABA1, 0xAB82, 0xAB83, 0xA385, 0xABA5, 0xABA4, 0xA383, 0x9364, 0x8B44,
  0xA384, 0xB381, 0xAB83, 0x9B24, 0x8B24, 0x8B45, 0x8B47, 0x8326, 0x8B27, 0x82E6, 0x82E5, 0x9B45,
  0xAB84, 0xAB82, 0xA363, 0x9B63, 0x9B64, 0x9324, 0x8B24, 0x8B25, 0x8B25, 0x8B25, 0x8B25, 0x8B26,
  0x8326, 0x7B06, 0x7B07, 0x7B07, 0x7B07, 0x7B07, 0x7B07, 0x7B08, 0x72C7, 0x72E7, 0x6AC7, 0x5A47,
  0x5246, 0x5206, 0x5A87, 0x62A7, 0x5AC7, 0x62A7, 0x6287, 0x62A7, 0x6287, 0x62A7, 0x62A7, 0x62A7,
  0x6287, 0x5226, 0x4A05, 0x4A26, 0x4A26, 0x4A07, 0x5207, 0x5A05, 0x6285, 0x62A4, 0x93A7, 0x8304,
  0x82A3, 0x9BA8, 0x9388, 0x8B47, 0x8B68, 0x8369, 0x6B09, 0x630A, 0x632C, 0x5ACB, 0x52AA, 0x4A48,
  0x2123, 0x2124, 0x2123, 0x2103, 0x2904, 0x2924, 0x3164, 0x3185, 0x39A5, 0x39C5, 0x39A7, 0x41A7,
  0x41C6, 0x4206, 0x5AA8, 0x41C4, 0x41E5, 0x39E6, 0x2944, 0x39A6, 0x3166, 0x2925, 0x3965, 0x4A07,
  0x4A05, 0x62A7, 0x62A7, 0x62A7, 0x62A7, 0x6AA7, 0x62A8, 0x5248, 0x41A6, 0x3986, 0x5207, 0x7329,
  0x7327, 0x6AE7, 0x62A7, 0x6287, 0x62A7, 0x5247, 0x4A07, 0x49E7, 0x3166, 0x2105, 0x2126, 0x18E5,
  0x18C4, 0x18C4, 0x18C4, 0x18C4, 0x18C4, 0x18C4, 0x10C4, 0x10C3, 0x10A3, 0x10A3, 0x1083, 0x1083,
  0x1083, 0x1083, 0x1083, 0x1083, 0x1083, 0x1083, 0x1083, 0x1083, 0x62A7, 0x6287, 0x6287, 0x6287,
  0x6287, 0x6288, 0x5AA7, 0x62A7, 0x62A7, 0x6AA7, 0x7B08, 0x7B07, 0x7B28, 0x72E6, 0x6AC6, 0x7308,
  0x6AC7, 0x5A26, 0x5226, 0x5A46, 0x5246, 0x62A7, 0x6AE8, 0x6AA8, 0x6267, 0x5A26, 0x5206, 0x5A46,
  0x6AA6, 0x62E7, 0x5AC7, 0x5245, 0x6A86, 0x6AA5, 0x6AA6, 0x6A86, 0x6A87, 0x6A86, 0x7AE6, 0x8347,
  0x7AE7, 0x82E4, 0x9B43, 0xAB82, 0xAB82, 0xAB63, 0x9B24, 0x8B04, 0x8305, 0x7AE6, 0x7AE6, 0x8B24,
  0xA384, 0xAB82, 0xAB82, 0x9B44, 0x8B04, 0x9365, 0x9B84, 0xAB83, 0xA384, 0x9343, 0x9B64, 0xA3A5,
  0x9B22, 0xAB63, 0xAB83, 0xABA2, 0xAB81, 0xB361, 0xAB62, 0xABA4, 0x9B44, 0xA344, 0x9B44, 0x9344,
  0x9343, 0x9B84, 0x9B85, 0x8B25, 0x9365, 0xABA4, 0x9345, 0x8B25, 0x8345, 0x8345, 0x7B25, 0x8324,
  0x9344, 0x9B65, 0x82E4, 0x7AA3, 0x8B05, 0x9346, 0xA3A4, 0xA3A3, 0xA383, 0xA383, 0xA384, 0xA364,
  0x9303, 0x9324, 0x8B25, 0x8B46, 0x8326, 0x8327, 0x7B07, 0x7B07, 0x7B07, 0x7B07, 0x7308, 0x6AC7,
  0x6AA6, 0x6266, 0x5225, 0x5206, 0x5205, 0x5A87, 0x62C8, 0x62A7, 0x5AA7, 0x62A7, 0x62A7, 0x62A7,
  0x62A7, 0x62A7, 0x6286, 0x6286, 0x6AA7, 0x72E8, 0x6AC7, 0x5205, 0x5226, 0x5207, 0x5207, 0x5246,
  0x4A26, 0x5247, 0x6AC9, 0x6266, 0x72A4, 0x9BA7, 0x9346, 0x8B26, 0x8B26, 0x7B07, 0x7329, 0x6B2A,
  0x5AEA, 0x5289, 0x5289, 0x31A5, 0x2143, 0x2122, 0x2923, 0x5267, 0x62C8, 0x5AA8, 0x4A06, 0x39A5,
  0x39A6, 0x39A6, 0x39A7, 0x41A7, 0x3985, 0x39A5, 0x5267, 0x39A4, 0x4A25, 0x5287, 0x39E4, 0x3163,
  0x3164, 0x3984, 0x4A06, 0x39A4, 0x5226, 0x6287, 0x62A7, 0x62A7, 0x62A7, 0x6287, 0x62A7, 0x5AA8,
  0x5247, 0x41A6, 0x3986, 0x5227, 0x62A7, 0x6287, 0x62A7, 0x62A7, 0x62A7, 0x62A7, 0x5226, 0x4A07,
  0x2946, 0x1905, 0x2126, 0x1905, 0x18C4, 0x18C4, 0x18C4, 0x18C4, 0x18C4, 0x18C4, 0x10C4, 0x18C4,
  0x10A3, 0x0882, 0x1083, 0x1083, 0x1083, 0x1083, 0x1083, 0x1083, 0x1083, 0x1083, 0x1083, 0x1083,
  0x62A7, 0x62A7, 0x6287, 0x6287, 0x6287, 0x62A7, 0x62A7, 0x6286, 0x72E7, 0x7B08, 0x7B08, 0x72E8,
  0x72E8, 0x62C7, 0x5A86, 0x6286, 0x5245, 0x49E5, 0x5205, 0x5A46, 0x62A8, 0x62A7, 0x7308, 0x7328,
  0x7308, 0x7B08, 0x6AA7, 0x5A45, 0x5A45, 0x4A25, 0x4A26, 0x5225, 0x6AA6, 0x6A85, 0x7B07, 0x8328,
  0x7AE8, 0x6A86, 0x6AA5, 0x7AE6, 0x7AC6, 0x9346, 0xA3A4, 0xA381, 0xAB82, 0xB363, 0xAB64, 0xA365,
  0x9345, 0x8B25, 0x8B25, 0x9344, 0x9B84, 0xA345, 0x9306, 0x8B06, 0x8B25, 0x8B44, 0x9325, 0x9306,
  0x8B26, 0x8B45, 0x9B44, 0xAB84, 0xAB63, 0xAB83, 0xA362, 0xA382, 0xAB82, 0xAB61, 0xAB83, 0x9B64,
  0x9324, 0x9B43, 0xA382, 0x9364, 0x8326, 0x8B07, 0x9325, 0x8B23, 0x9343, 0x9B44, 0x8B25, 0x8326,
  0x8346, 0x8344, 0x8B44, 0x9B84, 0xA384, 0x9B85, 0x8B25, 0x82E5, 0x72A5, 0x7AC6, 0x8B04, 0x9B64,
  0xA363, 0xABA4, 0xABA4, 0xABA4, 0xABA5, 0x9B85, 0x8B24, 0x8B04, 0x8B26, 0x8327, 0x8327, 0x7B07,
  0x7B08, 0x72E7, 0x6A86, 0x6AA7, 0x6266, 0x5225, 0x5225, 0x6266, 0x6AA7, 0x6AA7, 0x62A6, 0x62A7,
  0x6287, 0x62A8, 0x62A8, 0x62A7, 0x62A7, 0x6286, 0x6AA6, 0x72C7, 0x7B29, 0x72E8, 0x6266, 0x5204,
  0x5A66, 0x62A8, 0x5A87, 0x4A26, 0x4A06, 0x5228, 0x524A, 0x5228, 0x5204, 0x6A64, 0x7AE6, 0x7AE6,
  0x7B07, 0x7B28, 0x62A7, 0x5A87, 0x5288, 0x52A9, 0x39C6, 0x18C2, 0x20E1, 0x4A45, 0x7309, 0x72E9,
  0x7309, 0x6AC8, 0x62A8, 0x49E7, 0x41C7, 0x39C7, 0x41C7, 0x3986, 0x3144, 0x39A5, 0x5A88, 0x5267,
  0x41E4, 0x5286, 0x5266, 0x5246, 0x5246, 0x5266, 0x5266, 0x5A67, 0x62A8, 0x6287, 0x5246, 0x5A87,
  0x62A7, 0x62A7, 0x62A7, 0x62A7, 0x62A8, 0x5247, 0x41A6, 0x41A6, 0x41C6, 0x5247, 0x5AA8, 0x5AA7,
  0x62A7, 0x62A7, 0x5246, 0x4A06, 0x2966, 0x1905, 0x2105, 0x18E5, 0x18C4, 0x18C4, 0x18C4, 0x18C4,
  0x18C4, 0x18C4, 0x10C4, 0x18C4, 0x10A3, 0x0883, 0x1083, 0x1083, 0x1083, 0x1083, 0x1083, 0x1083,
  0x1083, 0x1083, 0x1083, 0x1083, 0x7308, 0x6AA7, 0x6287, 0x6287, 0x6287, 0x6287, 0x62A6, 0x72E7,
  0x7B07, 0x7B07, 0x72C7, 0x6AA7, 0x62A8, 0x5A67, 0x5267, 0x4A05, 0x5246, 0x5246, 0x62A7, 0x62C8,
  0x62A8, 0x62A7, 0x62A6, 0x7307, 0x7B07, 0x7B07, 0x7B27, 0x7307, 0x5A65, 0x4A26, 0x4A27, 0x5A66,
  0x6A85, 0x7AE7, 0x8327, 0x8327, 0x8327, 0x7AE7, 0x72A6, 0x72C6, 0x8B26, 0x8B46, 0x8B45, 0x8B44,
  0xA384, 0xAB82, 0xAB82, 0xB363, 0xAB83, 0xABA4, 0x9B84, 0x9B44, 0x9304, 0x9345, 0x8B26, 0x8306,
  0x8B26, 0x8B24, 0x8B44, 0x9345, 0x8B25, 0x8B25, 0xA364, 0xAB63, 0xAB83, 0x9B63, 0x8B03, 0x9B44,
  0xAB63, 0xAB62, 0xAB83, 0x9343, 0x9B83, 0xA3A3, 0xAB82, 0x9385, 0x7B26, 0x8327, 0x8AE4, 0x9304,
  0x9B65, 0x9BA4, 0x8B45, 0x8325, 0x8B24, 0x9B84, 0xAB85, 0xA365, 0x9365, 0x8B04, 0x8B26, 0x8B26,
  0x8326, 0x7B26, 0x8327, 0x82E6, 0x82C4, 0x9B45, 0x9304, 0x9324, 0x9B65, 0x9B85, 0x9365, 0x8B25,
  0x8B26, 0x8306, 0x8307, 0x7B07, 0x72C8, 0x6AA7, 0x6A87, 0x6266, 0x5205, 0x5A47, 0x6AA7, 0x72C7,
  0x72E7, 0x7307, 0x6AC6, 0x6AA7, 0x6287, 0x6288, 0x62A8, 0x62A7, 0x6287, 0x6AC7, 0x7B08, 0x7AE7,
  0x6AC7, 0x5A46, 0x5226, 0x5A67, 0x62A8, 0x62A7, 0x62A7, 0x5206, 0x5205, 0x5225, 0x5288, 0x5289,
  0x5226, 0x5A05, 0x5A67, 0x5A67, 0x5A87, 0x5A87, 0x5A87, 0x5288, 0x52A8, 0x4A67, 0x2944, 0x3185,
  0x4A26, 0x7348, 0x7308, 0x6A87, 0x6247, 0x6267, 0x5226, 0x5247, 0x5268, 0x41E6, 0x41E6, 0x41C6,
  0x3164, 0x3985, 0x4A06, 0x4206, 0x4A26, 0x4A25, 0x4A05, 0x5266, 0x5266, 0x5266, 0x5A87, 0x62A8,
  0x6267, 0x5206, 0x4A26, 0x4A25, 0x5266, 0x5A66, 0x62A7, 0x62A8, 0x5A87, 0x62C8, 0x5247, 0x41C5,
  0x39A6, 0x39A5, 0x4A27, 0x5287, 0x5AC7, 0x5AA7, 0x4A46, 0x4A07, 0x3166, 0x18E5, 0x2105, 0x18E5,
  0x18C4, 0x18C4, 0x18C4, 0x18C4, 0x18C4, 0x18C4, 0x18E4, 0x18C4, 0x10C3, 0x1083, 0x1083, 0x1083,
  0x1083, 0x1083, 0x1083, 0x1083, 0x1083, 0x1083, 0x1083, 0x1083, 0x6AE8, 0x7308, 0x72C7, 0x6AA7,
  0x6287, 0x6AC7, 0x72E6, 0x7B28, 0x6AC7, 0x6AC7, 0x62A7, 0x62A7, 0x5A67, 0x4A06, 0x5227, 0x5A67,
  0x5A87, 0x62A8, 0x6287, 0x62A7, 0x6287, 0x6286, 0x6AE7, 0x7B07, 0x7B07, 0x7AE7, 0x7B07, 0x72E7,
  0x5A46, 0x49E5, 0x5206, 0x62C7, 0x7B08, 0x8327, 0x8306, 0x8327, 0x8327, 0x7B27, 0x8328, 0x8328,
  0x8307, 0x8346, 0x8326, 0x8B25, 0x9324, 0xAB82, 0xAB81, 0xAB82, 0xAB82, 0xAB82, 0xABA3, 0x9B63,
  0x9B45, 0x8B45, 0x8345, 0x7AE5, 0x8305, 0x8B24, 0x9BA5, 0xA3C4, 0x9B64, 0x9B23, 0xAB83, 0xABA4,
  0x9B64, 0x8B25, 0x8325, 0x9B44, 0xAB64, 0xAB63, 0xA342, 0xA383, 0xA383, 0xA3A3, 0xA3A4, 0x8B63,
  0x7B44, 0x7B46, 0x7AE5, 0x9305, 0xA3A5, 0x9384, 0x9324, 0x9324, 0x9B85, 0xA384, 0xA323, 0x9304,
  0x8B25, 0x8B26, 0x8326, 0x8326, 0x8326, 0x8346, 0x8327, 0x8307, 0x8327, 0x7AE5, 0x7AC4, 0x7AC4,
  0x7AC4, 0x72A3, 0x8325, 0x8B67, 0x7AE6, 0x7B07, 0x7B28, 0x72C7, 0x6A86, 0x6286, 0x5226, 0x4A05,
  0x5A67, 0x6AA8, 0x72E8, 0x7B07, 0x7B07, 0x7B07, 0x7B07, 0x72E7, 0x72E8, 0x6AA7, 0x62A7, 0x62A7,
  0x6AC7, 0x7308, 0x7B28, 0x6AA7, 0x5204, 0x5A46, 0x62A8, 0x62A8, 0x62A8, 0x5A87, 0x5266, 0x5226,
  0x5225, 0x62C7, 0x5AA7, 0x5287, 0x5A67, 0x5206, 0x5208, 0x5A88, 0x5A87, 0x5AA8, 0x5288, 0x5289,
  0x5268, 0x3984, 0x41C5, 0x734A, 0x7329, 0x6AC7, 0x6286, 0x5A26, 0x5226, 0x5226, 0x4A26, 0x4A26,
  0x4A06, 0x4A26, 0x4206, 0x5248, 0x39A5, 0x3984, 0x5246, 0x5A46, 0x5A66, 0x5A67, 0x49E5, 0x41C4,
  0x5246, 0x5266, 0x62A7, 0x5A87, 0x4A26, 0x4A05, 0x4A25, 0x5226, 0x5226, 0x4A26, 0x5247, 0x5A88,
  0x62A8, 0x62A7, 0x62A8, 0x5247, 0x41A5, 0x39A5, 0x39A5, 0x41C5, 0x5287, 0x5AC8, 0x4A46, 0x4A26,
  0x2966, 0x1905, 0x2126, 0x10C4, 0x18C4, 0x18C4, 0x18C4, 0x10C4, 0x10E4, 0x10C4, 0x10E4, 0x10C4,
  0x10E4, 0x10A3, 0x1083, 0x0883, 0x0883, 0x1083, 0x1083, 0x1083, 0x1083, 0x1083, 0x1083, 0x1083,
  0x62A7, 0x6AA7, 0x72C7, 0x7308, 0x7308, 0x7308, 0x7B07, 0x6AC7, 0x62A7, 0x5AA7, 0x5A87, 0x5226,
  0x5205, 0x5A87, 0x6287, 0x62A8, 0x62A7, 0x6287, 0x6287, 0x6287, 0x62A6, 0x6AE7, 0x7308, 0x7AE7,
  0x7AE7, 0x8308, 0x8327, 0x6A85, 0x6286, 0x6AC8, 0x72C7, 0x7307, 0x7B27, 0x7B07, 0x8327, 0x7B27,
  0x7B27, 0x7B27, 0x8327, 0x8327, 0x8307, 0x8326, 0x8345, 0x8B26, 0x8B05, 0x9B44, 0xABA2, 0xABA0,
  0xAB81, 0xAB82, 0xAB84, 0x9B24, 0x9325, 0x9365, 0x8B44, 0x9364, 0x9323, 0x9B83, 0xA3A3, 0xA382,
  0xA384, 0x9344, 0x9323, 0x9364, 0x8345, 0x8346, 0x8326, 0x9B45, 0xA385, 0x9B24, 0x9B23, 0xA3A4,
  0xA383, 0xA384, 0x9326, 0x9304, 0x8B45, 0x7B27, 0x7B07, 0x9B86, 0xA362, 0x9322, 0xA344, 0xA364,
  0xA384, 0x9B63, 0x8B24, 0x8B25, 0x8B25, 0x8B25, 0x8326, 0x8326, 0x8326, 0x7B27, 0x8327, 0x8307,
  0x8326, 0x8326, 0x8346, 0x7B47, 0x7B06, 0x7B06, 0x72E5, 0x6AA5, 0x6A86, 0x6AC7, 0x6AA6, 0x6AA6,
  0x6AA5, 0x5A45, 0x5246, 0x5AA8, 0x62C7, 0x7308, 0x7B07, 0x7B07, 0x7B07, 0x7B07, 0x7B07, 0x7307,
  0x7B27, 0x72E7, 0x6AA6, 0x7307, 0x7307, 0x7308, 0x7308, 0x5A46, 0x5A45, 0x72C7, 0x6287, 0x62A7,
  0x62C8, 0x5246, 0x4A06, 0x4A46, 0x5AA7, 0x5AA8, 0x62C8, 0x5AA7, 0x5AA8, 0x5A87, 0x5A67, 0x5A87,
  0x5268, 0x5268, 0x5268, 0x5248, 0x5226, 0x6AC8, 0x7329, 0x6B08, 0x62C7, 0x5A66, 0x5205, 0x4A06,
  0x41C5, 0x3163, 0x5247, 0x5247, 0x4A06, 0x4A26, 0x5247, 0x41E5, 0x41C5, 0x6AC8, 0x7309, 0x7B29,
  0x72C8, 0x6287, 0x62A8, 0x5A67, 0x5226, 0x5246, 0x62A7, 0x5266, 0x4A26, 0x4A25, 0x5226, 0x5206,
  0x5226, 0x5206, 0x5A67, 0x6288, 0x62A8, 0x5A87, 0x62A7, 0x5A87, 0x4A06, 0x4A07, 0x41A6, 0x3144,
  0x41C6, 0x4206, 0x4A27, 0x39C5, 0x2145, 0x1926, 0x1925, 0x10E4, 0x10C4, 0x18C4, 0x18C4, 0x10E4,
  0x10E4, 0x10E4, 0x10E4, 0x10C4, 0x10E4, 0x10C4, 0x1083, 0x0883, 0x0883, 0x1083, 0x1083, 0x1083,
  0x1083, 0x1083, 0x1083, 0x1083, 0x5A68, 0x62A8, 0x62A7, 0x6AE7, 0x7308, 0x6AE7, 0x62A7, 0x62A7,
  0x62A8, 0x5226, 0x4A26, 0x5A67, 0x62A8, 0x62A7, 0x6287, 0x62A7, 0x62A7, 0x62A6, 0x62A6, 0x6AA6,
  0x6AA7, 0x72E7, 0x7308, 0x7B08, 0x6AA6, 0x6A86, 0x6264, 0x72E6, 0x7306, 0x7B48, 0x8348, 0x8347,
  0x8305, 0x6AA5, 0x7307, 0x7307, 0x7B27, 0x8327, 0x8326, 0x8306, 0x8326, 0x8325, 0x8326, 0x8326,
  0x8B27, 0x8B26, 0x9B44, 0xB382, 0xAB62, 0xAB82, 0xA383, 0xA3A5, 0x8B25, 0x8B25, 0x9325, 0x9B25,
  0x9B24, 0x9B24, 0xA385, 0x9324, 0x7B05, 0x8346, 0x8345, 0x8325, 0x7B46, 0x7B06, 0x8306, 0x8B26,
  0x8B25, 0x8B24, 0x9344, 0xA384, 0xA384, 0x9B43, 0xA344, 0xAB84, 0x9B43, 0x8B05, 0x8307, 0x9347,
  0x9323, 0xA361, 0xB383, 0xAB62, 0xABA3, 0x9364, 0x8346, 0x8326, 0x8B25, 0x8B25, 0x8326, 0x8326,
  0x8326, 0x7B26, 0x8327, 0x8307, 0x8326, 0x8326, 0x8326, 0x8327, 0x7B26, 0x8346, 0x8326, 0x72A6,
  0x6A66, 0x59E4, 0x6264, 0x7B07, 0x7B27, 0x7307, 0x62A7, 0x62A7, 0x72E8, 0x7B08, 0x7AE7, 0x7B07,
  0x7B07, 0x7B07, 0x7B07, 0x7B07, 0x7B07, 0x7307, 0x7308, 0x7307, 0x7307, 0x72E6, 0x6AA6, 0x6AC7,
  0x7B08, 0x72E8, 0x6286, 0x62A7, 0x5A46, 0x4A25, 0x5A87, 0x62A7, 0x62A7, 0x62A7, 0x62A7, 0x62A7,
  0x62A8, 0x62A7, 0x5AC6, 0x4A25, 0x49E7, 0x3987, 0x41C6, 0x4A05, 0x72E8, 0x7308, 0x6AE8, 0x62A7,
  0x5225, 0x4A26, 0x4A26, 0x41C5, 0x2103, 0x2923, 0x5247, 0x5247, 0x4A06, 0x5226, 0x5226, 0x49E6,
  0x5A88, 0x730A, 0x6AE8, 0x5A66, 0x5225, 0x5205, 0x5205, 0x5A87, 0x62A8, 0x62A8, 0x5246, 0x5A87,
  0x5247, 0x5226, 0x62A8, 0x6287, 0x6287, 0x62A7, 0x6287, 0x6287, 0x5A87, 0x5A87, 0x5246, 0x5226,
  0x4A26, 0x4A27, 0x4207, 0x3986, 0x2104, 0x3166, 0x31C8, 0x2987, 0x1925, 0x2146, 0x10E5, 0x10E4,
  0x10C4, 0x18C4, 0x18C4, 0x10E4, 0x10E4, 0x10E4, 0x10E4, 0x10C4, 0x10E4, 0x10C4, 0x10A3, 0x10A3,
  0x1083, 0x1083, 0x1083, 0x1083, 0x1083, 0x1083, 0x1083, 0x1083, 0x49E7, 0x5A88, 0x62A8, 0x62A7,
  0x62A6, 0x62A6, 0x62A7, 0x5A87, 0x4A06, 0x3984, 0x49E6, 0x5247, 0x5A87, 0x6287, 0x62A7, 0x62A7,
  0x62A7, 0x6AA7, 0x6AA7, 0x6A86, 0x72C7, 0x7B08, 0x72E8, 0x6AC7, 0x6285, 0x6AE7, 0x7B27, 0x7B07,
  0x7307, 0x7B07, 0x8327, 0x8326, 0x8B26, 0x8327, 0x7AE6, 0x72C5, 0x72C5, 0x7AE5, 0x7B26, 0x8347,
  0x7B26, 0x7B26, 0x8327, 0x8326, 0x8B25, 0x9324, 0xA364, 0xAB45, 0xAB63, 0xABA2, 0xA3A2, 0x9384,
  0x8B25, 0x7AE5, 0x82C4, 0x9B45, 0xA386, 0x9324, 0x8B25, 0x7B26, 0x7B06, 0x8325, 0x8B45, 0x7B25,
  0x7306, 0x7307, 0x7B07, 0x7B27, 0x7B26, 0x8325, 0x8B24, 0x9324, 0x9303, 0xA384, 0xABA2, 0xABA1,
  0xABA2, 0xA384, 0x8B45, 0x8325, 0x9364, 0xABA3, 0xAB83, 0xAB62, 0xAB82, 0x9342, 0x8325, 0x8346,
  0x8B25, 0x8B26, 0x8326, 0x8326, 0x8326, 0x8326, 0x8326, 0x8306, 0x8326, 0x8326, 0x8326, 0x8327,
  0x7B07, 0x8326, 0x8327, 0x8328, 0x6A87, 0x6266, 0x7B07, 0x8347, 0x7B07, 0x7B27, 0x7307, 0x6A86,
  0x72C7, 0x7AE7, 0x7B07, 0x7B07, 0x7B07, 0x7B07, 0x7B07, 0x7B07, 0x7B07, 0x7307, 0x7307, 0x7327,
  0x7306, 0x6AC6, 0x7307, 0x7308, 0x72E7, 0x6AC7, 0x6AA7, 0x6286, 0x5225, 0x6287, 0x7309, 0x6AC8,
  0x6286, 0x62A7, 0x62A7, 0x6287, 0x6288, 0x62A8, 0x4A26, 0x41C5, 0x3964, 0x41C5, 0x6AE9, 0x7309,
  0x7308, 0x6AC7, 0x5A66, 0x5225, 0x4A26, 0x4A06, 0x4A47, 0x39C6, 0x2944, 0x41E6, 0x5268, 0x5227,
  0x5206, 0x5206, 0x5206, 0x5206, 0x5A67, 0x5247, 0x4A05, 0x4A25, 0x4A25, 0x4A05, 0x5206, 0x4A05,
  0x5A47, 0x5A87, 0x62A8, 0x49C5, 0x41C5, 0x5227, 0x6288, 0x6268, 0x6AA7, 0x6286, 0x6AC7, 0x62A7,
  0x62A7, 0x62C7, 0x62A7, 0x5AA7, 0x5266, 0x4A26, 0x4A27, 0x4227, 0x31A6, 0x1904, 0x1905, 0x1906,
  0x1926, 0x1925, 0x10E5, 0x10E4, 0x10C4, 0x10C4, 0x10C4, 0x10E4, 0x10E4, 0x10E4, 0x10E4, 0x10C4,
  0x10E4, 0x10C4, 0x10A3, 0x10A3, 0x1083, 0x0883, 0x1083, 0x1083, 0x1083, 0x1083, 0x1083, 0x1083,
  0x3966, 0x49E7, 0x5227, 0x5AA8, 0x62C8, 0x62A7, 0x4A05, 0x5205, 0x5A67, 0x5A46, 0x5A67, 0x5A67,
  0x49E5, 0x49E5, 0x5A47, 0x6267, 0x6AA8, 0x6AA8, 0x6A87, 0x6AA7, 0x72C8, 0x72E8, 0x5A45, 0x6AC7,
  0x7328, 0x7308, 0x7308, 0x7308, 0x7308, 0x7308, 0x7AE7, 0x82E7, 0x8B07, 0x8B26, 0x8B26, 0x8B25,
  0x7AE4, 0x7AE5, 0x72E5, 0x72C6, 0x72E7, 0x8328, 0x8328, 0x8B26, 0x9323, 0xA362, 0xAB81, 0xABA2,
  0xA3A4, 0x9B45, 0x8B26, 0x7AA5, 0x7AC4, 0x9344, 0xABC3, 0xABA2, 0xAB81, 0xAB81, 0x9B82, 0x9384,
  0x9B65, 0x9B44, 0x9B23, 0x8B04, 0x7B26, 0x7B27, 0x7B07, 0x7307, 0x7B06, 0x8B25, 0x8B24, 0x9344,
  0x9B44, 0x9B44, 0x9B45, 0x9344, 0x9B64, 0x9B65, 0x8B24, 0x8344, 0x93C5, 0xA3A5, 0xA385, 0xAB84,
  0xAB83, 0xA363, 0x9B44, 0x8B25, 0x8B25, 0x8B26, 0x8B25, 0x8B26, 0x8B26, 0x8B26, 0x8326, 0x8326,
  0x8306, 0x8307, 0x8327, 0x8327, 0x7B07, 0x8326, 0x7B07, 0x7AC7, 0x7AE8, 0x8328, 0x7B27, 0x7B27,
  0x7B07, 0x7B07, 0x7B07, 0x72E7, 0x6A86, 0x72C7, 0x7AE7, 0x7307, 0x7B07, 0x7307, 0x7B07, 0x7B07,
  0x7307, 0x7307, 0x7307, 0x72E6, 0x6AC6, 0x7307, 0x7B28, 0x72E7, 0x6286, 0x62A6, 0x6286, 0x6AC7,
  0x6AE7, 0x7308, 0x6AC7, 0x6A86, 0x6A86, 0x6287, 0x62A7, 0x62A8, 0x5A67, 0x49E6, 0x3987, 0x41A6,
  0x5A86, 0x6AE6, 0x7328, 0x6AE8, 0x62A7, 0x5A66, 0x5225, 0x4A05, 0x4A26, 0x4A26, 0x4A27, 0x4207,
  0x41E6, 0x4A47, 0x5227, 0x5206, 0x5206, 0x5205, 0x5206, 0x4A06, 0x4A06, 0x49E5, 0x4A26, 0x4A26,
  0x4A26, 0x5226, 0x5226, 0x5206, 0x5226, 0x4A06, 0x5A88, 0x5A47, 0x41A4, 0x49C6, 0x49E6, 0x5227,
  0x5A47, 0x62A7, 0x62A7, 0x62A7, 0x62A7, 0x62A7, 0x5AA7, 0x62C8, 0x5A87, 0x4A05, 0x4A25, 0x4A46,
  0x4207, 0x2986, 0x1925, 0x10E5, 0x10E5, 0x10E5, 0x10E4, 0x10E4, 0x10A4, 0x10C4, 0x18E5, 0x10E4,
  0x10E4, 0x10E4, 0x10E4, 0x10E4, 0x10E4, 0x10E4, 0x10A3, 0x1083, 0x0883, 0x0883, 0x1083, 0x1083,
  0x1083, 0x1083, 0x1083, 0x1083, 0x3145, 0x3165, 0x39C6, 0x41E6, 0x49E5, 0x5206, 0x5A66, 0x62A7,
  0x7308, 0x7B08, 0x7B08, 0x7308, 0x62A7, 0x5A26, 0x49A4, 0x51E5, 0x5A26, 0x5A25, 0x5A25, 0x6AA7,
  0x6AC7, 0x5A45, 0x6286, 0x7B28, 0x72E8, 0x7308, 0x7B08, 0x7B08, 0x7308, 0x7308, 0x7B08, 0x7B08,
  0x7B07, 0x8307, 0x8B06, 0x8B25, 0x9365, 0x9BA6, 0x9345, 0x7AE4, 0x72A4, 0x72A6, 0x7AC7, 0x8B26,
  0x9B85, 0xA3A4, 0xA383, 0x9364, 0x82E5, 0x7287, 0x7287, 0x8326, 0x8B83, 0xA3A3, 0xB363, 0xB382,
  0xAB62, 0xB363, 0xA343, 0x9B03, 0x9B44, 0xAB84, 0xAB84, 0x9344, 0x8325, 0x8326, 0x8326, 0x7B26,
  0x8326, 0x9324, 0x9B64, 0xA364, 0xA385, 0x9B65, 0x9345, 0x8B45, 0x8325, 0x8B05, 0x9306, 0x8AE6,
  0x7AC4, 0x82E2, 0x8B04, 0x9324, 0x9323, 0x9B64, 0xA365, 0x9325, 0x8B26, 0x8B26, 0x8B25, 0x8B25,
  0x8B25, 0x8B25, 0x8B25, 0x8326, 0x8306, 0x8307, 0x8307, 0x8307, 0x8307, 0x8307, 0x8307, 0x7AE7,
  0x8307, 0x8327, 0x7B07, 0x7B07, 0x7B07, 0x7B07, 0x7B07, 0x7B07, 0x72E7, 0x6A86, 0x72C7, 0x7B07,
  0x7B07, 0x7307, 0x7B07, 0x7B07, 0x7B27, 0x7308, 0x7308, 0x6AC6, 0x7307, 0x7307, 0x6AC7, 0x6AA7,
  0x6AA6, 0x6AA6, 0x72E7, 0x7307, 0x7B28, 0x6AE7, 0x6AA6, 0x6AA7, 0x6A87, 0x6AA8, 0x6288, 0x6288,
  0x41C5, 0x3986, 0x41A7, 0x62A9, 0x7329, 0x7348, 0x6AE7, 0x5AA6, 0x5225, 0x4A05, 0x4A25, 0x4A26,
  0x4A26, 0x4A26, 0x4A26, 0x4A26, 0x4A26, 0x4A06, 0x4A06, 0x5226, 0x5226, 0x5225, 0x4A26, 0x4A26,
  0x4A26, 0x4A06, 0x49E5, 0x5206, 0x5206, 0x5206, 0x4A06, 0x5206, 0x4A06, 0x4A06, 0x4A06, 0x5A67,
  0x4A26, 0x39A5, 0x39C6, 0x41E7, 0x4A07, 0x5226, 0x6287, 0x62A8, 0x62A7, 0x62A7, 0x62A7, 0x5A87,
  0x5227, 0x5226, 0x4A25, 0x4A26, 0x39E6, 0x31C7, 0x2146, 0x10E5, 0x10E4, 0x10E4, 0x10E5, 0x10C4,
  0x0883, 0x10A4, 0x18E5, 0x10E4, 0x10E4, 0x10E4, 0x10E4, 0x10E4, 0x10E4, 0x10E4, 0x10C3, 0x10A3,
  0x10A3, 0x1083, 0x1083, 0x1083, 0x1083, 0x1083, 0x1083, 0x1083, 0x39A6, 0x39A6, 0x31A6, 0x39A6,
  0x49E6, 0x6288, 0x7329, 0x7308, 0x72E7, 0x7B07, 0x7AE7, 0x7B07, 0x7308, 0x7308, 0x72E8, 0x6AC7,
  0x6286, 0x5A04, 0x5A24, 0x5A45, 0x4A25, 0x4A05, 0x62A7, 0x72E8, 0x72E8, 0x7B08, 0x7B07, 0x7B07,
  0x7307, 0x7327, 0x7327, 0x7307, 0x7307, 0x7308, 0x7B07, 0x8B05, 0x9B64, 0xA364, 0xAB84, 0xABA4,
  0x9364, 0x8B06, 0x7AC7, 0x72A5, 0x7B26, 0x8346, 0x7B06, 0x72A5, 0x72A4, 0x7B46, 0x72E4, 0x7B26,
  0x8346, 0x8B25, 0x9BA6, 0x9345, 0x8B45, 0x8B45, 0x8B25, 0x9325, 0x8B24, 0x9344, 0x9B43, 0x9343,
  0x8B44, 0x8B25, 0x8B25, 0x8325, 0x8B25, 0x9B65, 0xA364, 0xAB84, 0x9B24, 0x9324, 0x9324, 0x8344,
  0x8345, 0x9324, 0xAB64, 0xAB63, 0x9B43, 0x9B64, 0x82C4, 0x7AA3, 0x82E4, 0x9324, 0x92E4, 0x9346,
  0x8B46, 0x8B46, 0x8B25, 0x8B25, 0x8B25, 0x8B25, 0x8B25, 0x8B26, 0x8306, 0x8307, 0x8307, 0x8307,
  0x8307, 0x7AC7, 0x7AE7, 0x8327, 0x8326, 0x7B26, 0x7B07, 0x7B07, 0x7307, 0x7307, 0x7307, 0x7B08,
  0x7B08, 0x6A86, 0x6AA6, 0x72E7, 0x7B07, 0x7B27, 0x7B07, 0x7307, 0x6AC6, 0x6AC7, 0x7308, 0x7307,
  0x7B08, 0x6AC7, 0x6286, 0x6287, 0x72E7, 0x7307, 0x7307, 0x7307, 0x72C7, 0x6AA6, 0x6AA6, 0x6AA7,
  0x6AA8, 0x6288, 0x49E6, 0x41C6, 0x39A6, 0x39A5, 0x62A7, 0x7B49, 0x6AC8, 0x6288, 0x5246, 0x4A45,
  0x4A25, 0x4A26, 0x4A26, 0x4A27, 0x4A26, 0x4A26, 0x4A25, 0x5225, 0x5205, 0x5225, 0x5225, 0x5226,
  0x5226, 0x5226, 0x4A46, 0x4226, 0x4A46, 0x4A05, 0x49C5, 0x5206, 0x5206, 0x5206, 0x4A06, 0x49E5,
  0x49E6, 0x5226, 0x4A06, 0x5226, 0x4A46, 0x4206, 0x2945, 0x39A6, 0x41C7, 0x49E6, 0x5206, 0x5226,
  0x5226, 0x5226, 0x5246, 0x4A06, 0x41C5, 0x4A06, 0x5206, 0x4A06, 0x39C7, 0x2966, 0x1925, 0x1926,
  0x10E5, 0x10E4, 0x10E4, 0x10A4, 0x10A4, 0x1083, 0x10A4, 0x10E4, 0x10E4, 0x10E4, 0x10E4, 0x10E4,
  0x10E4, 0x10C4, 0x10C4, 0x10A3, 0x10A3, 0x1083, 0x1083, 0x1083, 0x1083, 0x1083, 0x1083, 0x1083,
  0x39A6, 0x49E6, 0x4A06, 0x6287, 0x6AC8, 0x72E8, 0x7B07, 0x7307, 0x7B07, 0x7B07, 0x7B07, 0x7307,
  0x7308, 0x7AE8, 0x7B08, 0x7B27, 0x8346, 0x9386, 0x9B85, 0x8B25, 0x6285, 0x5224, 0x5A86, 0x62C7,
  0x6AC7, 0x72E7, 0x7AE7, 0x7B07, 0x7B07, 0x7307, 0x7307, 0x7307, 0x7308, 0x7307, 0x7327, 0x8326,
  0x8B25, 0x9324, 0x9B64, 0xA363, 0xAB83, 0xA383, 0x8B44, 0x8347, 0x6AA7, 0x6286, 0x7AE6, 0x8B46,
  0x8B45, 0x8344, 0x8345, 0x72C5, 0x7266, 0x7B07, 0x7305, 0x8367, 0x8B47, 0x8B05, 0x9B45, 0xA385,
  0xA364, 0xAB63, 0xA382, 0xA383, 0x9B44, 0x9B44, 0x9324, 0x9325, 0x9B45, 0x9324, 0x9324, 0x9304,
  0x9305, 0x8B06, 0x8326, 0x8B25, 0x9323, 0xAB63, 0xB382, 0xAB82, 0xABA3, 0xABA4, 0xA3A4, 0xA384,
  0xA384, 0xA384, 0x9303, 0x8B25, 0x7B05, 0x7AE5, 0x8326, 0x8B47, 0x8B26, 0x8B05, 0x8B05, 0x8306,
  0x8307, 0x8327, 0x8328, 0x7AE7, 0x72A6, 0x7AE7, 0x8327, 0x7B07, 0x7B07, 0x7B07, 0x7B07, 0x7B07,
  0x7307, 0x7307, 0x7307, 0x7B08, 0x72E7, 0x6A86, 0x6A86, 0x6A86, 0x72C7, 0x7B28, 0x7308, 0x6AC7,
  0x6AA6, 0x72E7, 0x7B27, 0x7307, 0x7307, 0x6AC6, 0x62A6, 0x72E8, 0x7308, 0x7307, 0x7308, 0x6AC7,
  0x6AA7, 0x6AA7, 0x6AA6, 0x62A6, 0x5A87, 0x41E6, 0x39A7, 0x39A7, 0x3985, 0x5A88, 0x7308, 0x72E7,
  0x6287, 0x5246, 0x4A05, 0x4A26, 0x4A26, 0x4A26, 0x4A26, 0x5226, 0x5226, 0x5226, 0x5226, 0x5226,
  0x5206, 0x5226, 0x5225, 0x5205, 0x49E5, 0x4A06, 0x4A46, 0x4A45, 0x4A25, 0x5246, 0x41E6, 0x41C5,
  0x4A07, 0x5227, 0x3985, 0x1082, 0x10A2, 0x31A6, 0x5247, 0x4A06, 0x4A06, 0x4A27, 0x41E6, 0x3985,
  0x39A5, 0x31A5, 0x39C6, 0x4A07, 0x4A07, 0x4A47, 0x3985, 0x1081, 0x1061, 0x39A5, 0x5246, 0x41E6,
  0x39C7, 0x2946, 0x2125, 0x1905, 0x10C4, 0x10C4, 0x10C4, 0x10C4, 0x1083, 0x1083, 0x10A3, 0x18E4,
  0x18C5, 0x18C5, 0x18C4, 0x18C4, 0x10C4, 0x18C4, 0x18C4, 0x10A3, 0x0883, 0x1083, 0x1083, 0x1083,
  0x1083, 0x1083, 0x1083, 0x1083, 0x5227, 0x62A9, 0x62A8, 0x72E8, 0x7B28, 0x7B07, 0x7B07, 0x7B07,
  0x7B07, 0x7B07, 0x7307, 0x7307, 0x7307, 0x7AE7, 0x7307, 0x7327, 0x7B26, 0x8325, 0x8B24, 0xA385,
  0x9B65, 0x7AC5, 0x6265, 0x6286, 0x62A6, 0x6AC6, 0x7307, 0x7B07, 0x7B07, 0x7307, 0x7307, 0x7308,
  0x7308, 0x7308, 0x7B27, 0x8326, 0x8326, 0x8B25, 0x8B23, 0x9342, 0xAB84, 0xA3A5, 0x8344, 0x72E6,
  0x72E8, 0x6AA6, 0x8306, 0x8B25, 0x8325, 0x8346, 0x7B26, 0x62A6, 0x6287, 0x6AA6, 0x6A85, 0x72A5,
  0x8327, 0x8B26, 0x8B25, 0x9345, 0xA364, 0xA363, 0xAB83, 0xAB83, 0xAB83, 0xB384, 0xAB83, 0xAB82,
  0xABA3, 0x9B62, 0x9384, 0x9364, 0x8B44, 0x8B24, 0x8B45, 0x9344, 0xA364, 0xAB84, 0xAB84, 0xA344,
  0x9B44, 0x9B45, 0x9B44, 0x9B63, 0xA383, 0xA384, 0xA3A5, 0x9B85, 0x8B04, 0x82C4, 0x7AC5, 0x7AC5,
  0x7AE6, 0x8327, 0x8327, 0x8307, 0x7B07, 0x7B07, 0x72E7, 0x72A5, 0x7AE6, 0x8348, 0x7AE6, 0x7AE7,
  0x7B07, 0x7B07, 0x7B07, 0x7307, 0x7B07, 0x7B07, 0x7B08, 0x72E8, 0x6AA7, 0x6A86, 0x5A45, 0x6AA7,
  0x6AA6, 0x6AC7, 0x6AC8, 0x6286, 0x6287, 0x7308, 0x7307, 0x7307, 0x7307, 0x72E6, 0x72C7, 0x7B08,
  0x7307, 0x7B28, 0x6AC7, 0x6A87, 0x6A87, 0x6A87, 0x6A87, 0x6287, 0x49E6, 0x39A6, 0x39C7, 0x31A5,
  0x41C4, 0x62A7, 0x6AC7, 0x6AA7, 0x5A66, 0x5225, 0x4A26, 0x4A26, 0x5226, 0x5226, 0x5226, 0x5226,
  0x5226, 0x5226, 0x5226, 0x5226, 0x5226, 0x5206, 0x5205, 0x5226, 0x41E5, 0x39C5, 0x4A26, 0x4A46,
  0x4A26, 0x4A26, 0x41C6, 0x39A5, 0x4A07, 0x5227, 0x3185, 0x0882, 0x08A3, 0x10C3, 0x4A27, 0x5226,
  0x4A07, 0x4A06, 0x4A06, 0x5247, 0x39C5, 0x2964, 0x3185, 0x3986, 0x4207, 0x3185, 0x10A1, 0x10A2,
  0x0862, 0x39C6, 0x4206, 0x39A6, 0x31A7, 0x2126, 0x1905, 0x1905, 0x10C4, 0x18C4, 0x18C4, 0x18C4,
  0x10A3, 0x1083, 0x0883, 0x10C4, 0x18C4, 0x18C4, 0x18C4, 0x18C4, 0x18C4, 0x18C4, 0x10C4, 0x10A3,
  0x0883, 0x1083, 0x1083, 0x1083, 0x1083, 0x1083, 0x1083, 0x1083, 0x62C9, 0x6288, 0x6287, 0x6AA7,
  0x72E7, 0x7B07, 0x7307, 0x7B07, 0x7B07, 0x7B07, 0x7B07, 0x7B07, 0x7307, 0x7326, 0x7327, 0x7328,
  0x7308, 0x7B27, 0x8326, 0x9B23, 0xB382, 0xAB86, 0x82E6, 0x6245, 0x6AC7, 0x7327, 0x7327, 0x7B07,
  0x7B07, 0x7B07, 0x7B07, 0x7B07, 0x7B07, 0x7AE7, 0x8307, 0x8326, 0x8B26, 0x8B25, 0x9364, 0x9BA4,
  0x9385, 0x8304, 0x6AA3, 0x6A84, 0x6AA6, 0x8327, 0x8327, 0x8B26, 0x8306, 0x72C6, 0x6AA6, 0x62A6,
  0x62C7, 0x62A6, 0x7286, 0x6A86, 0x72A6, 0x7AC6, 0x8326, 0x8325, 0x8B25, 0x9344, 0x9342, 0xA382,
  0xB383, 0xB362, 0xB361, 0xB381, 0xAB82, 0xA3A4, 0x9364, 0x8B44, 0x8B24, 0x8B23, 0xA363, 0xABA4,
  0x9B85, 0x9344, 0x9345, 0x8B05, 0x8B05, 0x8B06, 0x9305, 0x9304, 0x9323, 0x9B64, 0x9B43, 0x9B43,
  0xA364, 0xA385, 0x82E4, 0x7AC5, 0x72E6, 0x6AC6, 0x72C6, 0x7B07, 0x7B08, 0x6AA6, 0x6A85, 0x7AC6,
  0x8327, 0x7B07, 0x7B07, 0x7B07, 0x7B07, 0x7B07, 0x7308, 0x7307, 0x7B07, 0x72E7, 0x72A7, 0x6AA7,
  0x6AA7, 0x5A46, 0x5225, 0x6286, 0x6AA7, 0x62A7, 0x6287, 0x5225, 0x5A87, 0x62C8, 0x6AE7, 0x7308,
  0x7307, 0x7B07, 0x7B07, 0x7AE7, 0x7B07, 0x72C6, 0x6A86, 0x6AA7, 0x6287, 0x6287, 0x62A8, 0x6248,
  0x51E7, 0x41A5, 0x39C4, 0x5AA7, 0x62C7, 0x6B07, 0x6266, 0x5A46, 0x6287, 0x5246, 0x4A06, 0x4A26,
  0x4A26, 0x5226, 0x5226, 0x5226, 0x5226, 0x5226, 0x5226, 0x5226, 0x5226, 0x5226, 0x5206, 0x5206,
  0x4A06, 0x39C5, 0x39C5, 0x4227, 0x41E6, 0x39C6, 0x39A6, 0x39A7, 0x3986, 0x4A06, 0x4A06, 0x2103,
  0x0882, 0x18E3, 0x4A27, 0x4A06, 0x4A06, 0x5206, 0x5206, 0x4A06, 0x5227, 0x39C6, 0x18E3, 0x2104,
  0x2124, 0x10A2, 0x10A2, 0x10A3, 0x0883, 0x3186, 0x39E6, 0x31A6, 0x2125, 0x1905, 0x1926, 0x1926,
  0x10C4, 0x18C4, 0x18C4, 0x10C4, 0x0883, 0x10A3, 0x10A3, 0x10A3, 0x10A4, 0x18C4, 0x18C4, 0x18C4,
  0x18C4, 0x18C4, 0x10A3, 0x1083, 0x10A3, 0x1083, 0x1083, 0x1083, 0x1083, 0x1083, 0x1083, 0x1083,
  0x62A7, 0x62A7, 0x62A7, 0x6286, 0x62A6, 0x7308, 0x7308, 0x7307, 0x7308, 0x7B07, 0x7B07, 0x7B07,
  0x7B07, 0x7306, 0x7307, 0x7308, 0x72E7, 0x7B06, 0x8346, 0x9B63, 0xAB83, 0x9B86, 0x82E7, 0x6A87,
  0x6AC6, 0x7326, 0x7307, 0x7307, 0x7B07, 0x7B07, 0x7B07, 0x7AE7, 0x7B07, 0x8306, 0x8B26, 0x8B46,
  0x8B26, 0x8306, 0x8B25, 0x82E3, 0x8AE2, 0x9B85, 0x9366, 0x7AC4, 0x72A5, 0x7B27, 0x7B07, 0x8307,
  0x72A6, 0x6A65, 0x7AC5, 0x9367, 0x7B26, 0x6285, 0x6A87, 0x72A7, 0x7AE7, 0x8B06, 0x82E4, 0x9324,
  0x8AE4, 0x8B24, 0x8B42, 0x9342, 0x9323, 0xA384, 0xA383, 0xA364, 0x9B44, 0x9B25, 0x9305, 0x8B05,
  0x9B65, 0xA364, 0xAB84, 0xA364, 0x8B24, 0x8B25, 0x8325, 0x8B25, 0x8B25, 0x8B25, 0x8B25, 0x8B25,
  0x8B24, 0x9324, 0x9323, 0x9303, 0x9304, 0x9345, 0x8B25, 0x8B26, 0x8326, 0x7B06, 0x7B07, 0x72C7,
  0x6A86, 0x6A86, 0x6A85, 0x7B07, 0x8327, 0x7B07, 0x7B07, 0x7B07, 0x7B07, 0x7308, 0x7308, 0x7B08,
  0x7AE7, 0x7286, 0x6A86, 0x6A87, 0x6287, 0x4A06, 0x4A06, 0x5226, 0x5226, 0x5226, 0x49E5, 0x41E5,
  0x5226, 0x5246, 0x5225, 0x5A66, 0x6AC7, 0x6AA6, 0x72E7, 0x7B07, 0x7AE6, 0x72A6, 0x6A86, 0x6287,
  0x62A8, 0x5AA7, 0x62A8, 0x6247, 0x5206, 0x5225, 0x62C7, 0x7349, 0x5A66, 0x62A8, 0x5A46, 0x5205,
  0x5246, 0x5AA8, 0x5246, 0x4A05, 0x4A06, 0x5226, 0x5226, 0x5226, 0x5226, 0x5226, 0x5226, 0x4A26,
  0x4A06, 0x5206, 0x5226, 0x5226, 0x4A06, 0x39A5, 0x2965, 0x39C7, 0x31A7, 0x31A7, 0x31A7, 0x2946,
  0x2104, 0x4A06, 0x5267, 0x2944, 0x0881, 0x18C3, 0x4A07, 0x4A07, 0x5226, 0x5205, 0x5226, 0x5226,
  0x41C6, 0x39C6, 0x2966, 0x2105, 0x10C3, 0x0882, 0x08A3, 0x0883, 0x1926, 0x2145, 0x1924, 0x18E4,
  0x18E5, 0x1926, 0x1906, 0x10E5, 0x10C4, 0x18C4, 0x18C4, 0x10C4, 0x1083, 0x1083, 0x0883, 0x1083,
  0x10A3, 0x10A4, 0x10C4, 0x18E4, 0x18E4, 0x10C4, 0x1083, 0x0883, 0x10A3, 0x1083, 0x1083, 0x1083,
  0x1083, 0x1083, 0x1083, 0x1083, 0x6287, 0x6287, 0x6286, 0x62A7, 0x6287, 0x62A7, 0x7308, 0x7308,
  0x7308, 0x7B08, 0x7B07, 0x7B07, 0x7B07, 0x7AE7, 0x7B07, 0x7AE7, 0x7AE6, 0x8326, 0x8B45, 0x93A6,
  0x8366, 0x72E6, 0x6245, 0x6AA7, 0x7B08, 0x7306, 0x7B27, 0x7308, 0x7B07, 0x7B07, 0x7AE7, 0x7AE6,
  0x8307, 0x8326, 0x8B45, 0x8B46, 0x7AE6, 0x7265, 0x72A5, 0x7AC4, 0xA364, 0xAB64, 0xA365, 0x9B66,
  0x8325, 0x6AA5, 0x6A86, 0x72A5, 0x6AA6, 0x7284, 0x9B24, 0xAB85, 0x9B44, 0x7285, 0x6AA8, 0x7AE7,
  0x8B47, 0x9B66, 0xA385, 0xAB84, 0x9B24, 0x8B24, 0x9363, 0x9364, 0x8B25, 0x8345, 0x8345, 0x8B44,
  0x8B25, 0x8B25, 0x8B24, 0x9B64, 0xABA3, 0xB3A3, 0xA345, 0x9305, 0x8B26, 0x8326, 0x8345, 0x8345,
  0x8B44, 0x8343, 0x8344, 0x8B44, 0x8B25, 0x8B25, 0x8B25, 0x8B26, 0x8346, 0x8B26, 0x8B26, 0x8B25,
  0x8B26, 0x8B26, 0x8327, 0x7AE7, 0x72A6, 0x6AA6, 0x6A86, 0x72A6, 0x7B07, 0x7AE7, 0x7B07, 0x7B08,
  0x7B28, 0x7307, 0x7308, 0x7308, 0x6A86, 0x6A86, 0x6AA7, 0x5A25, 0x5A46, 0x5A67, 0x62A7, 0x6288,
  0x5A46, 0x5226, 0x5226, 0x4A06, 0x41C5, 0x41E5, 0x4A05, 0x4A26, 0x5225, 0x5A66, 0x6286, 0x6AC6,
  0x7B07, 0x7B08, 0x6AC8, 0x6287, 0x62A8, 0x62C8, 0x5A87, 0x6286, 0x62A6, 0x7308, 0x6B08, 0x5A87,
  0x49C5, 0x5227, 0x5A67, 0x4A05, 0x4A05, 0x5246, 0x62A8, 0x5246, 0x4A06, 0x5226, 0x5226, 0x5226,
  0x5226, 0x5226, 0x5226, 0x4A06, 0x4A06, 0x5206, 0x4A05, 0x4A06, 0x4A27, 0x31A5, 0x1904, 0x1905,
  0x31A8, 0x2987, 0x2105, 0x2125, 0x2125, 0x41E6, 0x4A47, 0x2944, 0x0881, 0x1082, 0x2924, 0x5248,
  0x4A05, 0x4A06, 0x5226, 0x4A26, 0x39C6, 0x31A6, 0x2125, 0x18E5, 0x10A3, 0x08A3, 0x08A3, 0x0883,
  0x1926, 0x29A7, 0x10E4, 0x10E5, 0x10C5, 0x10C5, 0x10E5, 0x10E4, 0x10C4, 0x18C4, 0x18C4, 0x10C4,
  0x0883, 0x0883, 0x0883, 0x1083, 0x1083, 0x10A3, 0x10A3, 0x10C4, 0x10A3, 0x10A3, 0x1083, 0x1083,
  0x1083, 0x1083, 0x1083, 0x1083, 0x1083, 0x1083, 0x1083, 0x1083, 0x6287, 0x6287, 0x5A46, 0x5A67,
  0x62A8, 0x62A8, 0x62A7, 0x7308, 0x7B28, 0x7307, 0x7B07, 0x7B07, 0x7B07, 0x7B07, 0x7B07, 0x7B06,
  0x7B27, 0x8347, 0x8306, 0x6AA5, 0x5A65, 0x5204, 0x6AA7, 0x7B08, 0x7B08, 0x7B07, 0x7307, 0x7308,
  0x7B07, 0x7B07, 0x7AE6, 0x8307, 0x8327, 0x7B06, 0x7AE5, 0x72C5, 0x6A85, 0x72A7, 0x8308, 0x8B26,
  0x9344, 0x92E4, 0x9304, 0xA365, 0x9BA6, 0x7B06, 0x72A6, 0x6A85, 0x7B48, 0x8B46, 0xA364, 0xAB84,
  0x8AE4, 0x6A85, 0x72E7, 0x7B27, 0x8326, 0x8B25, 0x9B45, 0x9B45, 0xA385, 0xA3A4, 0x9B83, 0x8B24,
  0x8B26, 0x8327, 0x8327, 0x8B46, 0x8B45, 0x8324, 0x8B64, 0xA3C5, 0xABA3, 0xA363, 0x8B25, 0x8B26,
  0x8326, 0x8326, 0x8325, 0x8B25, 0x8B24, 0x8344, 0x8345, 0x8326, 0x8326, 0x8326, 0x8326, 0x8327,
  0x7B27, 0x8326, 0x8326, 0x8326, 0x8326, 0x8B06, 0x8B27, 0x8327, 0x8328, 0x72E7, 0x5A65, 0x5A65,
  0x6AC7, 0x7307, 0x7B07, 0x7307, 0x7308, 0x7328, 0x6AE7, 0x62A7, 0x6AA7, 0x6287, 0x5A66, 0x5A45,
  0x62A6, 0x62A6, 0x62A7, 0x6AA8, 0x62A8, 0x62A8, 0x62A8, 0x62A8, 0x5A67, 0x4A26, 0x41E5, 0x41E6,
  0x49E6, 0x4A26, 0x5246, 0x5A86, 0x62A7, 0x72E8, 0x6AC8, 0x62A8, 0x5A67, 0x5A45, 0x5A86, 0x7328,
  0x7328, 0x62C7, 0x5A67, 0x5226, 0x4A06, 0x49E6, 0x5A87, 0x4A26, 0x5246, 0x4A05, 0x5A67, 0x5267,
  0x4A06, 0x5226, 0x5226, 0x5226, 0x5226, 0x5226, 0x5226, 0x4A27, 0x4A06, 0x49E6, 0x5226, 0x4A26,
  0x4A27, 0x39C6, 0x1905, 0x1905, 0x2167, 0x2126, 0x1905, 0x1925, 0x2125, 0x31A6, 0x4207, 0x2124,
  0x0862, 0x10A2, 0x18C3, 0x41E6, 0x4A46, 0x4A26, 0x4A06, 0x41C6, 0x39A6, 0x2986, 0x2105, 0x18C4,
  0x10A3, 0x1082, 0x10A3, 0x10A3, 0x1905, 0x1905, 0x1905, 0x10C5, 0x10C5, 0x18E5, 0x18E4, 0x10C4,
  0x18C4, 0x18C4, 0x18C4, 0x10C4, 0x0883, 0x0883, 0x0883, 0x0883, 0x0883, 0x10A3, 0x1083, 0x10A3,
  0x1083, 0x0883, 0x1083, 0x1083, 0x1083, 0x1083, 0x1083, 0x1083, 0x1083, 0x1083, 0x1083, 0x1083,
  0x6287, 0x62A8, 0x6287, 0x5A67, 0x5A47, 0x6288, 0x62A7, 0x62A7, 0x6AC7, 0x72E8, 0x7B07, 0x7AE7,
  0x7B07, 0x7307, 0x7307, 0x7326, 0x7B48, 0x72E7, 0x6267, 0x5225, 0x5204, 0x5A66, 0x6A86, 0x72E7,
  0x7AE8, 0x7AE7, 0x7308, 0x7308, 0x7B07, 0x7B07, 0x8327, 0x8327, 0x82E6, 0x6AA7, 0x6266, 0x6AA6,
  0x7AE7, 0x8328, 0x8327, 0x7B05, 0x7B25, 0x8326, 0x9326, 0x9345, 0x8B44, 0x7B06, 0x72A5, 0x7AE5,
  0x7B47, 0x8345, 0x9322, 0x9B44, 0x7AE6, 0x6A86, 0x72C6, 0x8326, 0x8326, 0x8326, 0x8305, 0x8326,
  0x9345, 0x9B43, 0xA3A4, 0x9B84, 0x9B45, 0x9306, 0x8AE6, 0x8B07, 0x8307, 0x8306, 0x8325, 0x8B26,
  0x9346, 0x8B06, 0x72E5, 0x7B05, 0x8B46, 0x8B26, 0x8B26, 0x8B26, 0x8B26, 0x8326, 0x8326, 0x8327,
  0x8327, 0x7B27, 0x7B27, 0x7B27, 0x8327, 0x8326, 0x8326, 0x8326, 0x7B26, 0x8327, 0x8306, 0x8306,
  0x7B07, 0x6AC7, 0x5A45, 0x4A05, 0x62C7, 0x7307, 0x7307, 0x7307, 0x7308, 0x6AE7, 0x6AC7, 0x62A7,
  0x5A66, 0x5A46, 0x6286, 0x6AC7, 0x62A6, 0x62A6, 0x6AA6, 0x6287, 0x6287, 0x6287, 0x62A8, 0x6288,
  0x62A8, 0x62A8, 0x5267, 0x41E6, 0x39C6, 0x39C6, 0x4206, 0x4A46, 0x5246, 0x5246, 0x5A47, 0x5226,
  0x6266, 0x6AC7, 0x7328, 0x6AE7, 0x62A7, 0x5246, 0x5206, 0x4A06, 0x4A26, 0x41E5, 0x5287, 0x5247,
  0x4A06, 0x4A26, 0x4A05, 0x4A05, 0x4A05, 0x5226, 0x5226, 0x5226, 0x5226, 0x5206, 0x5226, 0x4A06,
  0x39C5, 0x41C5, 0x4A26, 0x5247, 0x41C6, 0x39E6, 0x2146, 0x1905, 0x1926, 0x1925, 0x1925, 0x1925,
  0x1925, 0x2966, 0x39C8, 0x1904, 0x0882, 0x10C2, 0x0881, 0x18E2, 0x41E5, 0x4A27, 0x39C5, 0x39A6,
  0x31A6, 0x1925, 0x1905, 0x1083, 0x1082, 0x10A3, 0x0882, 0x10C4, 0x2146, 0x2126, 0x10E4, 0x10C4,
  0x18C5, 0x18E5, 0x18C4, 0x18C3, 0x18C4, 0x18C4, 0x18C4, 0x10C4, 0x0883, 0x0883, 0x0883, 0x0882,
  0x0882, 0x1083, 0x1083, 0x10A3, 0x10A3, 0x0882, 0x1083, 0x1083, 0x1083, 0x1083, 0x1083, 0x1083,
  0x1083, 0x1083, 0x1083, 0x1083, 0x62A8, 0x6288, 0x62A8, 0x62A8, 0x5A67, 0x5A67, 0x6287, 0x62A7,
  0x6287, 0x6AA7, 0x6AA7, 0x6AA7, 0x6AA7, 0x6AC7, 0x7307, 0x7328, 0x5A86, 0x4A25, 0x4A05, 0x4A26,
  0x5225, 0x5246, 0x6286, 0x6AC7, 0x6AA6, 0x72E7, 0x7B08, 0x7B08, 0x7B07, 0x8327, 0x8327, 0x7B07,
  0x6AA7, 0x62A6, 0x6AA6, 0x6AA6, 0x72E7, 0x7B28, 0x7B26, 0x7B05, 0x8326, 0x8346, 0x8346, 0x8306,
  0x8306, 0x7AE6, 0x72C5, 0x8B46, 0x8345, 0x8B45, 0x8B25, 0x8B25, 0x8B47, 0x7B06, 0x6AA4, 0x7AE6,
  0x8327, 0x8327, 0x8327, 0x8326, 0x8305, 0x9325, 0x9B25, 0xA364, 0xA3C3, 0x9364, 0x72A6, 0x72A6,
  0x72E6, 0x7B27, 0x8327, 0x7B07, 0x7B08, 0x72A7, 0x6286, 0x6AA5, 0x7B26, 0x8B46, 0x8306, 0x8B07,
  0x8B07, 0x8307, 0x8307, 0x8307, 0x8307, 0x8327, 0x8327, 0x8307, 0x8307, 0x8327, 0x8327, 0x8326,
  0x7B26, 0x7B46, 0x8326, 0x7B06, 0x6AC6, 0x6266, 0x5225, 0x5A66, 0x5A66, 0x6AA6, 0x72C6, 0x7B08,
  0x6AC7, 0x62A6, 0x5A66, 0x41E4, 0x4A05, 0x6287, 0x6AA6, 0x6A86, 0x6AA6, 0x62A7, 0x6287, 0x62A7,
  0x62A7, 0x62A7, 0x6287, 0x62A8, 0x62A8, 0x6288, 0x5A67, 0x5228, 0x41C7, 0x3986, 0x39C6, 0x41C6,
  0x4205, 0x4A06, 0x5A07, 0x72A8, 0x7307, 0x7348, 0x62A8, 0x5A47, 0x5226, 0x4A05, 0x4A05, 0x4A05,
  0x4A26, 0x41C5, 0x4A26, 0x5A88, 0x5206, 0x5206, 0x5225, 0x4A25, 0x4A25, 0x5225, 0x5226, 0x4A26,
  0x4A27, 0x49E7, 0x41A6, 0x39C6, 0x39A6, 0x41E6, 0x4A26, 0x41E6, 0x39C6, 0x3186, 0x10E4, 0x1905,
  0x1926, 0x1946, 0x1925, 0x1925, 0x1925, 0x1925, 0x2166, 0x1905, 0x0883, 0x0883, 0x10A3, 0x0861,
  0x39A4, 0x4206, 0x31C6, 0x2986, 0x1905, 0x18E5, 0x10C4, 0x1083, 0x0883, 0x10A3, 0x0883, 0x10C4,
  0x1926, 0x1905, 0x18E4, 0x18C4, 0x10C4, 0x18C4, 0x18C4, 0x10C4, 0x18C4, 0x18C4, 0x18C4, 0x10C4,
  0x1083, 0x10A3, 0x1083, 0x1083, 0x1083, 0x1083, 0x1083, 0x1083, 0x1083, 0x1083, 0x1083, 0x1083,
  0x1083, 0x1083, 0x1083, 0x1083, 0x1083, 0x1083, 0x1083, 0x1083, 0x62A7, 0x62A7, 0x62A7, 0x62A8,
  0x62A8, 0x5A87, 0x5226, 0x5A67, 0x62A8, 0x6287, 0x6287, 0x6287, 0x6287, 0x5A86, 0x6287, 0x5A66,
  0x4A04, 0x5225, 0x5266, 0x62A7, 0x62A7, 0x6287, 0x5A45, 0x62A6, 0x6286, 0x6AA6, 0x72E7, 0x72E7,
  0x8327, 0x7B07, 0x7AE6, 0x6A86, 0x6AA7, 0x6AA7, 0x6286, 0x62A6, 0x6AA7, 0x7307, 0x7306, 0x7B06,
  0x8326, 0x8326, 0x72C5, 0x7B26, 0x8326, 0x8326, 0x7AC5, 0x7AE6, 0x8346, 0x8325, 0x8325, 0x8325,
  0x8B26, 0x8326, 0x8326, 0x7AE6, 0x7AE6, 0x7B07, 0x8327, 0x8347, 0x8326, 0x8B26, 0x8B06, 0x9345,
  0x9BA4, 0x8B45, 0x72C7, 0x6286, 0x6AC6, 0x7327, 0x7307, 0x6A85, 0x6AA6, 0x6A86, 0x6AA6, 0x6A85,
  0x6A85, 0x7B07, 0x7B07, 0x8307, 0x8327, 0x8307, 0x8307, 0x8307, 0x8307, 0x8327, 0x8327, 0x8327,
  0x8307, 0x8327, 0x8326, 0x7B06, 0x7B26, 0x7B26, 0x7B26, 0x72C6, 0x6AA6, 0x6266, 0x6266, 0x7308,
  0x6B07, 0x72E7, 0x6AA6, 0x6AA7, 0x6266, 0x5205, 0x4A05, 0x4A05, 0x62A7, 0x6AA7, 0x6A86, 0x6AA6,
  0x6AA7, 0x62A7, 0x6287, 0x62A7, 0x62A7, 0x62A7, 0x6287, 0x6287, 0x6288, 0x5A67, 0x5206, 0x5207,
  0x41C7, 0x39A6, 0x41C6, 0x41C6, 0x41C5, 0x4A05, 0x72E8, 0x7B28, 0x6AC7, 0x5A67, 0x41C6, 0x5226,
  0x5205, 0x5225, 0x4A25, 0x4A26, 0x4A26, 0x41C6, 0x39A5, 0x4A06, 0x5206, 0x5226, 0x5226, 0x4A26,
  0x4A26, 0x5225, 0x5226, 0x4A26, 0x4A27, 0x41C6, 0x3986, 0x2125, 0x2126, 0x31A6, 0x39A6, 0x3186,
  0x2145, 0x18E5, 0x10C4, 0x1905, 0x1925, 0x1926, 0x1926, 0x1926, 0x1105, 0x10E4, 0x1105, 0x1925,
  0x10C4, 0x0883, 0x10A3, 0x1082, 0x3165, 0x39C7, 0x2986, 0x2145, 0x1926, 0x10E4, 0x08A3, 0x1083,
  0x10A3, 0x0883, 0x08A3, 0x1925, 0x1905, 0x10C4, 0x18E4, 0x18C4, 0x10C4, 0x10C4, 0x10C4, 0x10C4,
  0x18C4, 0x18C4, 0x18C4, 0x18C4, 0x10A3, 0x10A3, 0x1083, 0x1083, 0x1083, 0x1083, 0x1083, 0x1083,
  0x1083, 0x1083, 0x1083, 0x1083, 0x1083, 0x1083, 0x1083, 0x1083, 0x1083, 0x1083, 0x1083, 0x1083,
  0x62A6, 0x62A7, 0x62A7, 0x62A7, 0x62A8, 0x5A88, 0x5247, 0x4A26, 0x4A06, 0x4A06, 0x5206, 0x5206,
  0x4A06, 0x4A26, 0x4A26, 0x4A25, 0x5225, 0x62A7, 0x62A7, 0x6AA7, 0x62A6, 0x6AA7, 0x62A7, 0x5A46,
  0x6AC7, 0x62A7, 0x62A7, 0x6AA6, 0x7AE7, 0x72A6, 0x6A85, 0x6AA6, 0x6AC7, 0x6AA7, 0x5A46, 0x6266,
  0x6AA7, 0x6AA7, 0x7B08, 0x7B07, 0x7AE6, 0x72A5, 0x7AE6, 0x8327, 0x8326, 0x8326, 0x7B06, 0x72C6,
  0x7AE6, 0x8326, 0x8326, 0x8326, 0x8325, 0x8326, 0x8B26, 0x8B47, 0x7AC6, 0x6AA5, 0x6AC6, 0x7307,
  0x7B26, 0x8307, 0x8308, 0x82E6, 0x82E5, 0x72A4, 0x6AA6, 0x6AA6, 0x62A6, 0x6AA6, 0x6285, 0x6AA6,
  0x6A86, 0x6AA6, 0x72C6, 0x72A6, 0x6A86, 0x6A86, 0x6AA6, 0x7307, 0x7B27, 0x8327, 0x8327, 0x8327,
  0x8326, 0x8326, 0x8326, 0x8326, 0x8326, 0x8326, 0x8327, 0x7B27, 0x7B27, 0x7B28, 0x6AA6, 0x6A86,
  0x72C7, 0x72C7, 0x7308, 0x7307, 0x7307, 0x7B08, 0x7B08, 0x6AC7, 0x6266, 0x49E5, 0x49C5, 0x6287,
  0x6AC8, 0x6287, 0x62A7, 0x6AA7, 0x62A7, 0x62A7, 0x6287, 0x62A7, 0x62A7, 0x62A7, 0x62A8, 0x6287,
  0x62A8, 0x5226, 0x4A06, 0x4A06, 0x41A6, 0x41C6, 0x4A06, 0x4A26, 0x41C6, 0x62C8, 0x7347, 0x7307,
  0x51E6, 0x3985, 0x41C6, 0x5226, 0x5206, 0x5226, 0x4A26, 0x4A26, 0x4A26, 0x41E6, 0x39A6, 0x41E6,
  0x4A26, 0x4A25, 0x5226, 0x41E6, 0x4A07, 0x5226, 0x5206, 0x5227, 0x4A07, 0x39A6, 0x39A6, 0x18E5,
  0x10C5, 0x2125, 0x1905, 0x2125, 0x2126, 0x1906, 0x10C4, 0x1905, 0x1925, 0x1925, 0x1925, 0x1925,
  0x1105, 0x10E4, 0x10E4, 0x10E4, 0x0883, 0x0883, 0x10A3, 0x1083, 0x2104, 0x2986, 0x1925, 0x1925,
  0x1946, 0x10E4, 0x08A2, 0x1083, 0x10A3, 0x0883, 0x10A3, 0x1946, 0x10E4, 0x10C4, 0x18E4, 0x10C4,
  0x10C4, 0x10C4, 0x10C4, 0x18E4, 0x18C4, 0x18C4, 0x18C4, 0x18E4, 0x10C4, 0x10A3, 0x1083, 0x0883,
  0x1083, 0x1083, 0x1083, 0x1083, 0x1083, 0x1083, 0x1083, 0x1083, 0x1083, 0x1083, 0x1083, 0x1083,
  0x1083, 0x1083, 0x1083, 0x1083, 0x5A86, 0x62A6, 0x62C7, 0x62A7, 0x5267, 0x4A06, 0x41E6, 0x4A27,
  0x4A27, 0x4A27, 0x41C5, 0x4A06, 0x4A26, 0x41E6, 0x4A27, 0x4A05, 0x5A67, 0x62A7, 0x6286, 0x6AA6,
  0x6AA6, 0x6AA6, 0x6AA7, 0x62A7, 0x62A7, 0x6287, 0x62A7, 0x6AC7, 0x6AA6, 0x6A85, 0x72C6, 0x7B07,
  0x7B28, 0x7308, 0x62A7, 0x5A46, 0x6267, 0x6AA7, 0x6AC7, 0x72C7, 0x72C6, 0x7AE7, 0x7B07, 0x7B06,
  0x8327, 0x8346, 0x7B27, 0x7B28, 0x6A85, 0x7B07, 0x8327, 0x8326, 0x8305, 0x8B26, 0x8B26, 0x8B26,
  0x8347, 0x7B27, 0x6AA6, 0x6286, 0x72E6, 0x7B27, 0x7B09, 0x72A7, 0x6A85, 0x6A85, 0x6A85, 0x62A6,
  0x62A6, 0x6AA6, 0x6AA6, 0x6A86, 0x72C6, 0x7B27, 0x8327, 0x7B08, 0x7AE8, 0x6AA7, 0x62A6, 0x6AC6,
  0x6AE6, 0x7B07, 0x7B27, 0x7B27, 0x8327, 0x8326, 0x8326, 0x8326, 0x8326, 0x8326, 0x7B27, 0x7B27,
  0x7B28, 0x6AA6, 0x6A86, 0x72C7, 0x7B08, 0x7B08, 0x7307, 0x7B27, 0x7B07, 0x7B27, 0x7B07, 0x7308,
  0x7B28, 0x6AC7, 0x6287, 0x6266, 0x5A45, 0x6AC7, 0x62A7, 0x62A7, 0x62A7, 0x62A7, 0x62A7, 0x62A7,
  0x62A7, 0x62A7, 0x62A8, 0x6288, 0x5A67, 0x4A26, 0x4A26, 0x49E6, 0x3984, 0x4A06, 0x5226, 0x5226,
  0x41A6, 0x62A7, 0x7346, 0x7327, 0x5227, 0x3986, 0x41C6, 0x4A26, 0x4A06, 0x4A06, 0x4A06, 0x4A26,
  0x4A06, 0x4A06, 0x41C6, 0x39A5, 0x4A06, 0x4A46, 0x4A06, 0x3986, 0x39A6, 0x49E6, 0x5206, 0x4A06,
  0x4A07, 0x3185, 0x18E4, 0x10C4, 0x1105, 0x1925, 0x1945, 0x1945, 0x1925, 0x1925, 0x10E4, 0x10E4,
  0x1905, 0x1905, 0x1926, 0x1905, 0x1925, 0x1905, 0x10E5, 0x10E4, 0x10A3, 0x0883, 0x1083, 0x10A3,
  0x0883, 0x18E5, 0x1926, 0x1126, 0x1105, 0x08C3, 0x08A2, 0x1083, 0x10A3, 0x0883, 0x08A3, 0x1925,
  0x10E4, 0x10E4, 0x18C4, 0x18C4, 0x10C4, 0x10A3, 0x10A3, 0x10A3, 0x10A4, 0x18C4, 0x18E4, 0x18E4,
  0x18C4, 0x10A3, 0x0882, 0x1083, 0x1083, 0x1083, 0x1083, 0x1083, 0x1083, 0x1083, 0x1083, 0x1083,
  0x1083, 0x1083, 0x1083, 0x1083, 0x1083, 0x1083, 0x1083, 0x1083, 0x5AA7, 0x5A87, 0x5245, 0x5246,
  0x4A26, 0x4A06, 0x41C6, 0x41C6, 0x41C6, 0x41C5, 0x49E6, 0x4A06, 0x4A27, 0x4206, 0x41E5, 0x41E5,
  0x5A67, 0x62A7, 0x62A7, 0x6AA7, 0x62A7, 0x62A7, 0x62A7, 0x62A7, 0x62A7, 0x6266, 0x5245, 0x5A66,
  0x6AA7, 0x72C7, 0x7B07, 0x7B07, 0x7307, 0x7328, 0x7308, 0x6287, 0x5A25, 0x6AA7, 0x6A86, 0x72C7,
  0x7B08, 0x7B07, 0x7B07, 0x7B07, 0x7B07, 0x7B27, 0x7B27, 0x72C7, 0x6A86, 0x6A86, 0x72C6, 0x7B07,
  0x8347, 0x8326, 0x8306, 0x8326, 0x8326, 0x7B27, 0x7B27, 0x6AA6, 0x6285, 0x6AC6, 0x6AA7, 0x6A67,
  0x6A86, 0x7B08, 0x72E7, 0x6AA6, 0x6AA6, 0x6A86, 0x72C7, 0x7AE7, 0x7B27, 0x8327, 0x8307, 0x8307,
  0x8328, 0x7B08, 0x6AA6, 0x62A5, 0x62A5, 0x6AA6, 0x7B28, 0x7B27, 0x8327, 0x8306, 0x8326, 0x8326,
  0x8327, 0x7B27, 0x7B27, 0x7B07, 0x6AA7, 0x6266, 0x72C7, 0x7B08, 0x7B07, 0x7307, 0x7B07, 0x7B07,
  0x7B07, 0x7B26, 0x7327, 0x7307, 0x7307, 0x6AE7, 0x7B28, 0x72C7, 0x5A24, 0x5A25, 0x5A46, 0x5246,
  0x5AA8, 0x62A8, 0x62A8, 0x62A7, 0x62A8, 0x62A8, 0x62A8, 0x5A67, 0x4A06, 0x4A26, 0x4A06, 0x41C5,
  0x49E6, 0x5226, 0x5226, 0x4A06, 0x5A67, 0x7308, 0x7307, 0x7348, 0x5A68, 0x41A5, 0x41A5, 0x41E6,
  0x4A27, 0x4A06, 0x4A27, 0x5226, 0x4A06, 0x4A06, 0x41C6, 0x39A5, 0x39C6, 0x41E6, 0x39A6, 0x3986,
  0x3986, 0x41C6, 0x5207, 0x5206, 0x41C6, 0x2945, 0x10C4, 0x10E4, 0x1925, 0x1924, 0x1945, 0x1945,
  0x1945, 0x1904, 0x10E4, 0x10E4, 0x10E4, 0x1905, 0x1905, 0x1926, 0x1905, 0x1926, 0x1925, 0x10E4,
  0x10A3, 0x0883, 0x1083, 0x1083, 0x0883, 0x1905, 0x1105, 0x1926, 0x10E4, 0x08A3, 0x08A3, 0x1083,
  0x08A3, 0x08A3, 0x10E4, 0x10E4, 0x10E4, 0x10C4, 0x18C4, 0x18C4, 0x18C4, 0x10A4, 0x1083, 0x1083,
  0x10A4, 0x18C4, 0x10C4, 0x10C4, 0x18C4, 0x10A3, 0x0882, 0x1083, 0x1083, 0x1083, 0x1083, 0x1083,
  0x1083, 0x1083, 0x1083, 0x1083, 0x1083, 0x1083, 0x1083, 0x1083, 0x1083, 0x1083, 0x1083, 0x1083,
  0x49E6, 0x5246, 0x4A25, 0x4A25, 0x4A25, 0x4A06, 0x39A5, 0x41C5, 0x41C6, 0x49E6, 0x5226, 0x5206,
  0x4A06, 0x4A27, 0x4206, 0x41E5, 0x5226, 0x5A67, 0x6287, 0x62A8, 0x62A8, 0x62A8, 0x6287, 0x6287,
  0x6A87, 0x6A86, 0x62A7, 0x4A25, 0x5A66, 0x72C8, 0x7AE8, 0x7AE7, 0x7B07, 0x7307, 0x6AC6, 0x6266,
  0x6AA7, 0x6AA7, 0x6A86, 0x72E7, 0x7B07, 0x7B07, 0x7B07, 0x7B07, 0x7B28, 0x7B07, 0x6AC6, 0x62A5,
  0x72C7, 0x6A86, 0x6A86, 0x72A6, 0x6AA6, 0x8327, 0x8307, 0x8327, 0x8326, 0x7B06, 0x8327, 0x7B07,
  0x6AC6, 0x6286, 0x6AA6, 0x6A86, 0x7AE8, 0x8308, 0x8308, 0x72E7, 0x6AA6, 0x72A6, 0x7AE7, 0x8327,
  0x8306, 0x8326, 0x8327, 0x8327, 0x8326, 0x7B27, 0x8327, 0x7B07, 0x6A86, 0x62A6, 0x6AA6, 0x72C6,
  0x7B07, 0x8307, 0x8307, 0x8327, 0x7B27, 0x7B07, 0x72E7, 0x6AA6, 0x6AC7, 0x7308, 0x72E8, 0x7307,
  0x7307, 0x72E6, 0x7B07, 0x7B07, 0x7AE7, 0x7307, 0x7307, 0x7307, 0x72E7, 0x6AA6, 0x6A87, 0x6AA7,
  0x72E7, 0x72E8, 0x5A46, 0x4A06, 0x4A26, 0x5226, 0x5A87, 0x5A87, 0x5A87, 0x5A88, 0x5A67, 0x5226,
  0x5226, 0x4A26, 0x39C6, 0x41C6, 0x5207, 0x5206, 0x5206, 0x4A06, 0x6AA6, 0x8308, 0x72E8, 0x6AC8,
  0x7308, 0x5A66, 0x41C5, 0x39C5, 0x4A27, 0x39C5, 0x3164, 0x41C5, 0x5226, 0x5226, 0x41C5, 0x39A5,
  0x2945, 0x39C7, 0x39A7, 0x39A6, 0x41C6, 0x39A6, 0x49E6, 0x51E6, 0x41C6, 0x2965, 0x10C4, 0x1905,
  0x1925, 0x1945, 0x1945, 0x1945, 0x1945, 0x1905, 0x10E4, 0x1905, 0x10E5, 0x1105, 0x1905, 0x1905,
  0x1905, 0x1905, 0x1105, 0x10E4, 0x10A3, 0x0883, 0x1083, 0x1083, 0x08A2, 0x1904, 0x1925, 0x1105,
  0x08A3, 0x10A3, 0x1083, 0x1083, 0x0883, 0x10A3, 0x1905, 0x10C4, 0x10E4, 0x10C4, 0x18C4, 0x18C4,
  0x18C4, 0x10C4, 0x10A3, 0x1083, 0x1083, 0x1084, 0x10A4, 0x18E4, 0x18E4, 0x10A3, 0x1083, 0x1083,
  0x1083, 0x1083, 0x1083, 0x1083, 0x1083, 0x1083, 0x1083, 0x1083, 0x1083, 0x1083, 0x1083, 0x1083,
  0x1083, 0x1083, 0x1083, 0x1083, 0x4186, 0x4A06, 0x4A06, 0x4A25, 0x4A06, 0x4A06, 0x41A5, 0x4A07,
  0x5207, 0x5206, 0x5226, 0x5206, 0x4A06, 0x4A06, 0x41E6, 0x41E6, 0x5227, 0x4A06, 0x5226, 0x5A88,
  0x5A88, 0x6288, 0x6287, 0x6287, 0x6A87, 0x6AA7, 0x5A87, 0x41E5, 0x49E5, 0x6A87, 0x72E8, 0x7B08,
  0x7B07, 0x6AC6, 0x6AC6, 0x7308, 0x7B28, 0x72C7, 0x6AA6, 0x72C7, 0x7B07, 0x7B07, 0x7B07, 0x7B07,
  0x72E7, 0x72C7, 0x6AA6, 0x7B27, 0x7B48, 0x7B08, 0x6AA6, 0x6A86, 0x6A86, 0x72A6, 0x7B07, 0x7B27,
  0x8326, 0x8326, 0x8306, 0x8327, 0x7B07, 0x72C6, 0x6AA5, 0x6A85, 0x7AE8, 0x7B08, 0x8307, 0x8327,
  0x8327, 0x8327, 0x8307, 0x8327, 0x8326, 0x8326, 0x8327, 0x8327, 0x8326, 0x8326, 0x8307, 0x8328,
  0x7AE7, 0x6AA6, 0x6286, 0x6AA7, 0x6A86, 0x72C6, 0x8307, 0x8328, 0x72E7, 0x72A6, 0x72A6, 0x72C6,
  0x7307, 0x7B28, 0x7308, 0x7307, 0x7B07, 0x7B06, 0x7B07, 0x7AE7, 0x7AE7, 0x7B08, 0x72E7, 0x7308,
  0x6AA7, 0x6A87, 0x6A87, 0x6A87, 0x6A86, 0x7B08, 0x6AE9, 0x4A26, 0x4A26, 0x4A26, 0x4A05, 0x4A26,
  0x4A26, 0x5226, 0x4A06, 0x4A06, 0x49E6, 0x39A5, 0x39E6, 0x4A27, 0x5207, 0x5206, 0x5206, 0x49E6,
  0x6285, 0x7B07, 0x72A9, 0x6267, 0x6AC7, 0x7328, 0x5205, 0x39C5, 0x39C5, 0x3185, 0x3144, 0x49E6,
  0x5A67, 0x4A05, 0x4A26, 0x41C6, 0x3166, 0x2926, 0x3187, 0x39C7, 0x4A07, 0x41A6, 0x49E6, 0x5207,
  0x39A6, 0x2145, 0x10E4, 0x1905, 0x1906, 0x1926, 0x1926, 0x1926, 0x1926, 0x1905, 0x10E4, 0x10E4,
  0x1925, 0x1905, 0x10E4, 0x10E5, 0x10E5, 0x1905, 0x10E5, 0x10E4, 0x10A3, 0x0883, 0x1083, 0x10A3,
  0x10A2, 0x08A3, 0x1925, 0x10E4, 0x0883, 0x1083, 0x1082, 0x1083, 0x0883, 0x10A3, 0x1905, 0x18E5,
  0x10E4, 0x10C4, 0x18C4, 0x18C4, 0x18E4, 0x18E4, 0x10A3, 0x0883, 0x1083, 0x0883, 0x1083, 0x10C4,
  0x18E4, 0x10C4, 0x10A3, 0x1083, 0x1083, 0x1083, 0x1083, 0x1083, 0x1083, 0x1083, 0x1083, 0x1083,
  0x1083, 0x1083, 0x1083, 0x1083, 0x1083, 0x1083, 0x1083, 0x1083, 0x3986, 0x41A6, 0x5208, 0x49E7,
  0x41A5, 0x41A5, 0x5207, 0x4A07, 0x4A06, 0x5226, 0x5226, 0x5206, 0x5226, 0x4A07, 0x39A6, 0x41A6,
  0x41E6, 0x4A06, 0x4A26, 0x4A06, 0x5226, 0x6287, 0x6AA7, 0x6287, 0x62A7, 0x5A87, 0x4A06, 0x4A07,
  0x41C5, 0x49E6, 0x5A47, 0x6266, 0x72C7, 0x6AE8, 0x6B08, 0x7308, 0x7B28, 0x7B28, 0x7B07, 0x7B07,
  0x7B07, 0x7B27, 0x7B07, 0x7307, 0x72C6, 0x72E7, 0x7B07, 0x7B07, 0x7B07, 0x8306, 0x8327, 0x7AE7,
  0x6AA7, 0x6A86, 0x72A6, 0x8328, 0x8328, 0x7B27, 0x8327, 0x7B06, 0x72C5, 0x8327, 0x7B08, 0x6AC7,
  0x6A86, 0x7B07, 0x8326, 0x8306, 0x8326, 0x8326, 0x8326, 0x8326, 0x8327, 0x8327, 0x8327, 0x8327,
  0x8327, 0x8327, 0x8327, 0x8306, 0x8326, 0x7AE6, 0x6A86, 0x62C7, 0x62C8, 0x62A7, 0x6AC7, 0x6AE7,
  0x6AA7, 0x6AA6, 0x7B07, 0x7B07, 0x7B07, 0x7307, 0x7307, 0x7B07, 0x7B07, 0x7B07, 0x7B07, 0x7B07,
  0x7B07, 0x7B07, 0x7B08, 0x6AA6, 0x6286, 0x6AA6, 0x62A6, 0x62A6, 0x72E6, 0x7308, 0x5A46, 0x5206,
  0x4A26, 0x4A26, 0x4A25, 0x5226, 0x5226, 0x5226, 0x49E6, 0x49C6, 0x49C6, 0x41C6, 0x41C6, 0x4A27,
  0x4A26, 0x4A06, 0x5206, 0x49E6, 0x6286, 0x7328, 0x62A7, 0x6287, 0x6AA8, 0x7309, 0x5A25, 0x5226,
  0x41C5, 0x3985, 0x39A6, 0x4A06, 0x5A87, 0x4A04, 0x4A26, 0x4A27, 0x41C7, 0x2925, 0x2104, 0x2965,
  0x4207, 0x5227, 0x49E6, 0x41E7, 0x31A6, 0x1904, 0x10E4, 0x1925, 0x1926, 0x1926, 0x1926, 0x1926,
  0x1926, 0x1926, 0x1925, 0x10E5, 0x1905, 0x1905, 0x1925, 0x1905, 0x1905, 0x10C4, 0x10C4, 0x10E4,
  0x10A3, 0x0883, 0x0883, 0x10A3, 0x1083, 0x10A3, 0x18E4, 0x0883, 0x1083, 0x1083, 0x1083, 0x10A3,
  0x0883, 0x18E4, 0x18E5, 0x18E5, 0x18E5, 0x18C4, 0x18C4, 0x18C4, 0x18E4, 0x18E4, 0x18C4, 0x1083,
  0x10A2, 0x10A2, 0x1083, 0x10A3, 0x18C4, 0x18E4, 0x10A4, 0x1083, 0x1083, 0x1083, 0x1083, 0x1083,
  0x1083, 0x1083, 0x1083, 0x1083, 0x1083, 0x1083, 0x1083, 0x1083, 0x1083, 0x1083, 0x1083, 0x1083,
  0x3986, 0x3986, 0x41C6, 0x39A6, 0x41C6, 0x49E6, 0x4A06, 0x4A06, 0x4A06, 0x5226, 0x4A05, 0x4A25,
  0x4A25, 0x41E5, 0x3164, 0x3164, 0x3144, 0x39A5, 0x4A26, 0x4A27, 0x4A26, 0x5226, 0x6287, 0x62A7,
  0x5A87, 0x4A26, 0x4A26, 0x5226, 0x5206, 0x49C5, 0x5A46, 0x6AA6, 0x72E7, 0x7B07, 0x7307, 0x72E7,
  0x72E7, 0x7B07, 0x7307, 0x7307, 0x7B07, 0x7B27, 0x7B07, 0x7307, 0x7B07, 0x7B28, 0x7B08, 0x7B08,
  0x7B07, 0x7B06, 0x8307, 0x7B07, 0x72C7, 0x6A86, 0x6A86, 0x6AA7, 0x7B08, 0x7B08, 0x72C7, 0x7AC7,
  0x8326, 0x8347, 0x7B27, 0x6AC6, 0x6AA5, 0x7B26, 0x8326, 0x8326, 0x8326, 0x8326, 0x8326, 0x8327,
  0x8327, 0x8327, 0x8327, 0x7B27, 0x7B07, 0x8327, 0x8327, 0x7B07, 0x8306, 0x8327, 0x6AA6, 0x5A46,
  0x5246, 0x6287, 0x6287, 0x6287, 0x6AA7, 0x7B08, 0x7B07, 0x7B07, 0x7307, 0x7327, 0x7307, 0x7B07,
  0x7B07, 0x7B07, 0x7B07, 0x7B07, 0x7B07, 0x7307, 0x72E7, 0x6AA6, 0x6AA6, 0x6AC7, 0x6286, 0x6AC7,
  0x7308, 0x6266, 0x49E5, 0x5226, 0x4A26, 0x4A45, 0x4A25, 0x5226, 0x5226, 0x5226, 0x5206, 0x4A06,
  0x4A06, 0x4A07, 0x4A06, 0x49E5, 0x4A05, 0x5225, 0x5225, 0x4A05, 0x62A6, 0x7328, 0x62A7, 0x62A7,
  0x6287, 0x6AA7, 0x62A7, 0x6287, 0x5A47, 0x41A5, 0x39A6, 0x5268, 0x5246, 0x4A05, 0x4A06, 0x4A27,
  0x4A27, 0x41E7, 0x2945, 0x2104, 0x2965, 0x39C6, 0x39A6, 0x31A7, 0x2946, 0x1905, 0x18E5, 0x1105,
  0x1926, 0x1926, 0x1926, 0x1926, 0x1926, 0x1926, 0x1926, 0x1925, 0x1905, 0x10E4, 0x1105, 0x1905,
  0x10E4, 0x10E5, 0x10E5, 0x10E4, 0x10C4, 0x1083, 0x10A3, 0x10A3, 0x0883, 0x10A3, 0x18E4, 0x0883,
  0x1083, 0x1083, 0x10A3, 0x10A3, 0x1083, 0x10C4, 0x18E4, 0x18C4, 0x18C4, 0x18C4, 0x18C4, 0x18C4,
  0x18E4, 0x18E4, 0x18C4, 0x1083, 0x10A2, 0x10A2, 0x1083, 0x10A3, 0x10C4, 0x18E4, 0x10C4, 0x1083,
  0x1083, 0x1083, 0x1083, 0x1083, 0x1083, 0x1083, 0x1083, 0x1083, 0x1083, 0x1083, 0x1083, 0x1083,
  0x1083, 0x1083, 0x1083, 0x1083, 0x39A6, 0x3165, 0x3185, 0x39A6, 0x41E7, 0x4A07, 0x4A06, 0x5226,
  0x5226, 0x5226, 0x4A05, 0x4A25, 0x4A05, 0x4A05, 0x4205, 0x4A06, 0x3985, 0x3144, 0x3984, 0x3164,
  0x41E6, 0x4A06, 0x5247, 0x5247, 0x4A26, 0x4A26, 0x4A25, 0x5225, 0x5A66, 0x6AC7, 0x7308, 0x7307,
  0x7B07, 0x7AE6, 0x7AE7, 0x7B07, 0x7308, 0x7308, 0x7308, 0x72E7, 0x72E7, 0x7B07, 0x7B07, 0x7B07,
  0x7307, 0x7B07, 0x7B08, 0x72E8, 0x7B08, 0x7B07, 0x8327, 0x7B27, 0x7B27, 0x7307, 0x6AA7, 0x6A86,
  0x6A86, 0x72A7, 0x7AE8, 0x8308, 0x8327, 0x7306, 0x6AA5, 0x6AC6, 0x6AA6, 0x7B27, 0x7B27, 0x8327,
  0x8327, 0x8327, 0x8327, 0x8327, 0x8326, 0x8326, 0x8307, 0x7B07, 0x7B06, 0x7B27, 0x7B27, 0x7B07,
  0x7B07, 0x7AE8, 0x6AA7, 0x5A66, 0x5205, 0x5226, 0x5A46, 0x6A87, 0x72C8, 0x7B29, 0x7307, 0x7307,
  0x7307, 0x7327, 0x7307, 0x7B07, 0x7B07, 0x7B07, 0x7B07, 0x7B07, 0x7B08, 0x72E7, 0x6AA6, 0x6AA6,
  0x62A7, 0x62A7, 0x62A7, 0x6AC8, 0x62A7, 0x5226, 0x5226, 0x5226, 0x4A25, 0x4A25, 0x4A25, 0x5225,
  0x5226, 0x5226, 0x5206, 0x5226, 0x5226, 0x5206, 0x5206, 0x4A06, 0x41E5, 0x4A05, 0x4A26, 0x4205,
  0x62A7, 0x6AE8, 0x6287, 0x62A7, 0x6287, 0x6266, 0x6AC7, 0x62A7, 0x62A8, 0x5227, 0x41A5, 0x41E6,
  0x4206, 0x4A47, 0x5227, 0x5206, 0x5226, 0x4A26, 0x41C6, 0x3186, 0x2125, 0x1944, 0x2145, 0x2145,
  0x1905, 0x1926, 0x18E5, 0x10E5, 0x1926, 0x1926, 0x1926, 0x1926, 0x1926, 0x1926, 0x1925, 0x1925,
  0x1925, 0x1925, 0x1925, 0x1905, 0x1925, 0x1925, 0x1905, 0x10E4, 0x10E4, 0x10A3, 0x10A3, 0x1083,
  0x10A3, 0x10A3, 0x10A3, 0x1083, 0x1083, 0x1083, 0x0883, 0x0882, 0x10A3, 0x18E4, 0x18E4, 0x18C4,
  0x10C4, 0x10C4, 0x18C4, 0x18C4, 0x18E4, 0x18E4, 0x18C4, 0x1083, 0x10A2, 0x10A2, 0x1083, 0x0883,
  0x10A3, 0x18E4, 0x10C4, 0x1083, 0x1083, 0x1083, 0x1083, 0x1083, 0x1083, 0x1083, 0x1083, 0x1083,
  0x1083, 0x1083, 0x1083, 0x1083, 0x1083, 0x1083, 0x1083, 0x1083, 0x2944, 0x3185, 0x3185, 0x3986,
  0x39A6, 0x41C6, 0x4A07, 0x4A07, 0x4A07, 0x4A07, 0x49E7, 0x4A07, 0x4A27, 0x4A26, 0x4A26, 0x4A26,
  0x4A27, 0x4A07, 0x41C6, 0x3164, 0x3164, 0x41E6, 0x41E6, 0x4A26, 0x4A26, 0x4A05, 0x5245, 0x6AC7,
  0x7308, 0x7308, 0x7327, 0x7307, 0x7307, 0x7AE6, 0x7B07, 0x7307, 0x7308, 0x6AE8, 0x6AA7, 0x6AA7,
  0x7B07, 0x7B07, 0x7B07, 0x7B07, 0x7B07, 0x7B07, 0x7B08, 0x7308, 0x7AE7, 0x7AE7, 0x7B07, 0x7B07,
  0x7B07, 0x7B27, 0x72E6, 0x6AC5, 0x72C6, 0x7B07, 0x8307, 0x8307, 0x6AA6, 0x6AA6, 0x6AA7, 0x6A87,
  0x5A25, 0x6AA6, 0x7307, 0x7B07, 0x7B07, 0x7B27, 0x8327, 0x8327, 0x8327, 0x8326, 0x8306, 0x8327,
  0x8327, 0x7B27, 0x7B27, 0x7B07, 0x72E7, 0x72A7, 0x6AA7, 0x72C8, 0x72E9, 0x72E8, 0x72E8, 0x6AA7,
  0x6AA7, 0x6AC7, 0x7308, 0x7B28, 0x7307, 0x7306, 0x7B07, 0x7B07, 0x7B07, 0x7B08, 0x7B08, 0x72E7,
  0x7B08, 0x6AC7, 0x6AA7, 0x6AA7, 0x6287, 0x6287, 0x62A7, 0x5A87, 0x5226, 0x5206, 0x4A06, 0x4A26,
  0x5226, 0x4A25, 0x5225, 0x5226, 0x4A05, 0x4A05, 0x4A05, 0x5205, 0x5225, 0x5225, 0x5205, 0x5247,
  0x41C6, 0x3986, 0x39C6, 0x39A6, 0x5247, 0x62A7, 0x62A7, 0x6287, 0x62A7, 0x62A7, 0x6286, 0x6AA7,
  0x6287, 0x62A8, 0x5247, 0x39A5, 0x39C5, 0x41E6, 0x49E7, 0x41C5, 0x4A05, 0x4A05, 0x4207, 0x39C8,
  0x2987, 0x1945, 0x1925, 0x1946, 0x1926, 0x2126, 0x2106, 0x1926, 0x1926, 0x1926, 0x1926, 0x1926,
  0x1926, 0x1926, 0x1926, 0x1925, 0x1925, 0x1926, 0x1925, 0x1925, 0x1926, 0x1926, 0x1926, 0x10E5,
  0x10C4, 0x0883, 0x10A3, 0x0882, 0x1083, 0x1083, 0x1083, 0x1083, 0x1083, 0x1083, 0x1083, 0x0882,
  0x10C3, 0x18C4, 0x18C4, 0x18C4, 0x18C4, 0x18C4, 0x10C4, 0x10C4, 0x18C4, 0x18E4, 0x10A3, 0x10A3,
  0x10A2, 0x10A2, 0x1083, 0x10A3, 0x1083, 0x10A4, 0x18C4, 0x10C4, 0x10A3, 0x1083, 0x1083, 0x1083,
  0x1083, 0x1083, 0x1083, 0x1083, 0x1083, 0x1083, 0x1083, 0x1083, 0x1083, 0x1083, 0x1083, 0x1083,
  0x39A5, 0x39A5, 0x39A6, 0x3144, 0x3124, 0x39A6, 0x39A6, 0x39A6, 0x41A6, 0x39A6, 0x41A7, 0x41E7,
  0x41E7, 0x41E6, 0x41E6, 0x41E6, 0x41E6, 0x41E6, 0x39A6, 0x41A6, 0x3984, 0x2943, 0x39A5, 0x4A26,
  0x5225, 0x6266, 0x6AC7, 0x7308, 0x7307, 0x7307, 0x7327, 0x7307, 0x7307, 0x7B07, 0x7B08, 0x6AC8,
  0x6AC8, 0x62A7, 0x6AC7, 0x7308, 0x7B07, 0x7B07, 0x7B07, 0x7B07, 0x7B07, 0x7B07, 0x7307, 0x7307,
  0x7B07, 0x7AE7, 0x7B07, 0x7B07, 0x7327, 0x7B07, 0x8327, 0x7B27, 0x8347, 0x8347, 0x7B27, 0x72A5,
  0x6AA6, 0x6A86, 0x6A87, 0x72C8, 0x6A86, 0x6A86, 0x72E8, 0x7307, 0x7307, 0x7B07, 0x7B27, 0x8327,
  0x8327, 0x8326, 0x8326, 0x8307, 0x7B07, 0x7B27, 0x7B27, 0x6AE7, 0x6286, 0x6AA6, 0x7AE8, 0x7B08,
  0x7B08, 0x7AE8, 0x7B08, 0x7308, 0x6AA6, 0x5A45, 0x6286, 0x62A7, 0x7328, 0x7307, 0x7B07, 0x7B07,
  0x7B07, 0x7B07, 0x72E8, 0x7AE8, 0x72C7, 0x6287, 0x6AA7, 0x6287, 0x62A7, 0x62A8, 0x5A87, 0x5225,
  0x4A26, 0x4A26, 0x4A26, 0x4A26, 0x5226, 0x5226, 0x5226, 0x4A06, 0x5206, 0x5226, 0x5226, 0x5226,
  0x5205, 0x5226, 0x5226, 0x4A06, 0x41C6, 0x41A7, 0x3987, 0x3966, 0x5227, 0x62A8, 0x6287, 0x6287,
  0x6AE8, 0x7329, 0x6287, 0x5A66, 0x62A7, 0x6267, 0x6288, 0x5247, 0x41C5, 0x39A5, 0x39C6, 0x39C5,
  0x41A5, 0x41A5, 0x39A6, 0x2966, 0x1926, 0x1925, 0x1105, 0x1905, 0x1926, 0x1906, 0x1906, 0x1926,
  0x1926, 0x1926, 0x1926, 0x1926, 0x1926, 0x1926, 0x1926, 0x1925, 0x1925, 0x1925, 0x1105, 0x10E5,
  0x1105, 0x1925, 0x1925, 0x10E5, 0x10C4, 0x10A3, 0x10A3, 0x1083, 0x1083, 0x1083, 0x1083, 0x1083,
  0x1083, 0x1083, 0x1083, 0x0883, 0x10C3, 0x18C4, 0x18C4, 0x18C4, 0x18C4, 0x18C5, 0x18C4, 0x18C4,
  0x18E4, 0x18C4, 0x10A3, 0x0882, 0x10A2, 0x10A2, 0x1083, 0x10A3, 0x1083, 0x10A3, 0x18E4, 0x10C4,
  0x1083, 0x10A3, 0x1083, 0x1083, 0x1083, 0x1083, 0x1083, 0x1083, 0x1083, 0x1083, 0x1083, 0x1083,
  0x1083, 0x1083, 0x1083, 0x1083, 0x5227, 0x4A27, 0x5227, 0x49E6, 0x41C6, 0x49E7, 0x4A06, 0x41E6,
  0x41A5, 0x41C6, 0x39A6, 0x39A6, 0x39A6, 0x3987, 0x39A6, 0x39A5, 0x39A5, 0x39A5, 0x41C6, 0x4A07,
  0x3984, 0x3984, 0x4A27, 0x5A87, 0x6AC7, 0x7B08, 0x7B08, 0x7308, 0x7307, 0x7307, 0x7307, 0x7307,
  0x7308, 0x72E8, 0x62A8, 0x5267, 0x5247, 0x5A87, 0x72E8, 0x7B07, 0x7B07, 0x7B07, 0x7B07, 0x7B07,
  0x7B07, 0x7B07, 0x7307, 0x7306, 0x7B27, 0x7B28, 0x7B07, 0x7B08, 0x7328, 0x7B07, 0x8307, 0x8307,
  0x7B07, 0x72C6, 0x6AC6, 0x62A6, 0x6AA6, 0x72C6, 0x7AE7, 0x8307, 0x8328, 0x7AE7, 0x6AA6, 0x7307,
  0x7307, 0x7307, 0x7B27, 0x8307, 0x8306, 0x8326, 0x8326, 0x8327, 0x7B27, 0x72E6, 0x6AC6, 0x62A6,
  0x6AC7, 0x7308, 0x72E7, 0x7B08, 0x7B07, 0x7B07, 0x7AE7, 0x7B07, 0x7327, 0x6AE7, 0x5A66, 0x5225,
  0x6287, 0x72E8, 0x7B07, 0x7B07, 0x7B07, 0x7307, 0x7B08, 0x72C8, 0x6A87, 0x6AA7, 0x6287, 0x62A7,
  0x62A7, 0x5246, 0x5206, 0x4A05, 0x4A45, 0x4A25, 0x4A25, 0x4A26, 0x5226, 0x5207, 0x5207, 0x5207,
  0x49E6, 0x49C5, 0x49E6, 0x5226, 0x5206, 0x4A26, 0x41E6, 0x41C6, 0x3985, 0x41C6, 0x5A88, 0x49E5,
  0x5226, 0x62A9, 0x6287, 0x62A7, 0x62C7, 0x6AE8, 0x5A87, 0x4A05, 0x5A87, 0x62A8, 0x6288, 0x6AA8,
  0x5227, 0x41C5, 0x31C6, 0x39C6, 0x41A6, 0x39A6, 0x2966, 0x1925, 0x1905, 0x2966, 0x2987, 0x10C4,
  0x10C4, 0x1905, 0x1905, 0x1905, 0x1926, 0x1926, 0x1905, 0x1926, 0x1926, 0x1926, 0x1926, 0x1905,
  0x10E5, 0x1905, 0x10C4, 0x0883, 0x08A3, 0x10E4, 0x1925, 0x1925, 0x18E4, 0x10A3, 0x10A3, 0x10A3,
  0x1083, 0x1083, 0x1083, 0x1083, 0x1083, 0x1083, 0x1083, 0x10A3, 0x10C4, 0x18E4, 0x18C4, 0x18C4,
  0x18C4, 0x10C4, 0x10A4, 0x10A4, 0x10C4, 0x18E4, 0x10A3, 0x0882, 0x10A2, 0x10A2, 0x1083, 0x10A3,
  0x1083, 0x10A3, 0x18E4, 0x10C4, 0x10A3, 0x1083, 0x1083, 0x1083, 0x1083, 0x1083, 0x1083, 0x1083,
  0x1083, 0x1083, 0x1083, 0x1083, 0x1083, 0x1083, 0x1083, 0x1083, 0x41C5, 0x41C5, 0x41C5, 0x41C6,
  0x41C6, 0x41E6, 0x4A26, 0x4A26, 0x4A26, 0x4A06, 0x4A06, 0x4A07, 0x4A07, 0x49E8, 0x49E7, 0x4A07,
  0x4A06, 0x49E6, 0x4A07, 0x5227, 0x4A06, 0x4A26, 0x4A06, 0x6287, 0x7B28, 0x7AE7, 0x7B08, 0x7B08,
  0x7B07, 0x7307, 0x7307, 0x7308, 0x72E8, 0x62A7, 0x5246, 0x41C5, 0x41E5, 0x5A66, 0x6AA7, 0x72E7,
  0x7B07, 0x7B07, 0x7B07, 0x7B07, 0x7B07, 0x7B07, 0x7307, 0x7306, 0x7B27, 0x7B27, 0x7B07, 0x7307,
  0x7308, 0x8307, 0x8B07, 0x8308, 0x72A6, 0x6A86, 0x6AA7, 0x62A7, 0x72E7, 0x8327, 0x8327, 0x8326,
  0x8306, 0x8347, 0x72E6, 0x72C6, 0x7308, 0x7307, 0x7B07, 0x7B06, 0x8306, 0x8326, 0x8327, 0x8307,
  0x72E6, 0x6AA6, 0x6286, 0x62A6, 0x7308, 0x7307, 0x7B07, 0x7B28, 0x7B07, 0x7B07, 0x7B07, 0x7B07,
  0x7B27, 0x6AC7, 0x62A7, 0x5A86, 0x5A25, 0x72C8, 0x7B07, 0x7307, 0x7B07, 0x7B08, 0x72C7, 0x6A87,
  0x6A87, 0x62A7, 0x6287, 0x6287, 0x5226, 0x5205, 0x4A06, 0x5226, 0x4A25, 0x4A25, 0x4A26, 0x5226,
  0x5226, 0x5227, 0x49E7, 0x41A5, 0x49E6, 0x49E6, 0x4A06, 0x49E5, 0x41C5, 0x41C6, 0x39A6, 0x3986,
  0x5A68, 0x62C8, 0x62C7, 0x6286, 0x6288, 0x4A06, 0x5A87, 0x62A7, 0x62A7, 0x62A7, 0x5A67, 0x4A25,
  0x4A25, 0x6287, 0x6AA8, 0x6288, 0x62A8, 0x5247, 0x39C6, 0x31A6, 0x39C7, 0x3166, 0x2125, 0x1925,
  0x1946, 0x39C7, 0x2966, 0x1905, 0x1905, 0x10E4, 0x10E5, 0x1905, 0x1926, 0x1926, 0x1905, 0x1926,
  0x1926, 0x1926, 0x1926, 0x1905, 0x10E5, 0x1926, 0x10E4, 0x0883, 0x08A3, 0x08A3, 0x10E4, 0x1945,
  0x1904, 0x10C4, 0x0883, 0x10A3, 0x1083, 0x1083, 0x1083, 0x1083, 0x1083, 0x1083, 0x1083, 0x10A3,
  0x18C4, 0x18E4, 0x18C4, 0x18C4, 0x18C4, 0x10A4, 0x0883, 0x1083, 0x10A3, 0x10C4, 0x1083, 0x0883,
  0x1083, 0x1083, 0x1083, 0x10A3, 0x1083, 0x10A3, 0x10C4, 0x10A3, 0x1083, 0x1083, 0x1083, 0x1083,
  0x1083, 0x1083, 0x1083, 0x1083, 0x1083, 0x1083, 0x1083, 0x1083, 0x1083, 0x1083, 0x1083, 0x1083,
};
